ISO-10303-21;
HEADER;
FILE_DESCRIPTION(('KiCad electronic assembly'),'2;1');
FILE_NAME('smart-doorbell.step','2024-10-10T20:09:36',('Pcbnew'),(
    'Kicad'),'Open CASCADE STEP processor 7.6','KiCad to STEP converter'
  ,'Unknown');
FILE_SCHEMA(('AUTOMOTIVE_DESIGN { 1 0 10303 214 1 1 1 1 }'));
ENDSEC;
DATA;
#1 = APPLICATION_PROTOCOL_DEFINITION('international standard',
  'automotive_design',2000,#2);
#2 = APPLICATION_CONTEXT(
  'core data for automotive mechanical design processes');
#3 = SHAPE_DEFINITION_REPRESENTATION(#4,#10);
#4 = PRODUCT_DEFINITION_SHAPE('','',#5);
#5 = PRODUCT_DEFINITION('design','',#6,#9);
#6 = PRODUCT_DEFINITION_FORMATION('','',#7);
#7 = PRODUCT('smart-doorbell 1','smart-doorbell 1','',(#8));
#8 = PRODUCT_CONTEXT('',#2,'mechanical');
#9 = PRODUCT_DEFINITION_CONTEXT('part definition',#2,'design');
#10 = SHAPE_REPRESENTATION('',(#11,#15,#19,#23),#27);
#11 = AXIS2_PLACEMENT_3D('',#12,#13,#14);
#12 = CARTESIAN_POINT('',(0.,0.,0.));
#13 = DIRECTION('',(0.,0.,1.));
#14 = DIRECTION('',(1.,0.,-0.));
#15 = AXIS2_PLACEMENT_3D('',#16,#17,#18);
#16 = CARTESIAN_POINT('',(-17.7875,7.696446,1.6562));
#17 = DIRECTION('',(0.,0.,1.));
#18 = DIRECTION('',(1.,0.,0.));
#19 = AXIS2_PLACEMENT_3D('',#20,#21,#22);
#20 = CARTESIAN_POINT('',(14.6,-4.303554,1.6562));
#21 = DIRECTION('',(0.,0.,1.));
#22 = DIRECTION('',(1.,0.,0.));
#23 = AXIS2_PLACEMENT_3D('',#24,#25,#26);
#24 = CARTESIAN_POINT('',(0.,0.,0.));
#25 = DIRECTION('',(0.,0.,1.));
#26 = DIRECTION('',(1.,0.,-0.));
#27 = ( GEOMETRIC_REPRESENTATION_CONTEXT(3) 
GLOBAL_UNCERTAINTY_ASSIGNED_CONTEXT((#31)) GLOBAL_UNIT_ASSIGNED_CONTEXT(
(#28,#29,#30)) REPRESENTATION_CONTEXT('Context #1',
  '3D Context with UNIT and UNCERTAINTY') );
#28 = ( LENGTH_UNIT() NAMED_UNIT(*) SI_UNIT(.MILLI.,.METRE.) );
#29 = ( NAMED_UNIT(*) PLANE_ANGLE_UNIT() SI_UNIT($,.RADIAN.) );
#30 = ( NAMED_UNIT(*) SI_UNIT($,.STERADIAN.) SOLID_ANGLE_UNIT() );
#31 = UNCERTAINTY_MEASURE_WITH_UNIT(LENGTH_MEASURE(2.E-07),#28,
  'distance_accuracy_value','confusion accuracy');
#32 = PRODUCT_RELATED_PRODUCT_CATEGORY('part',$,(#7));
#33 = SHAPE_DEFINITION_REPRESENTATION(#34,#40);
#34 = PRODUCT_DEFINITION_SHAPE('','',#35);
#35 = PRODUCT_DEFINITION('design','',#36,#39);
#36 = PRODUCT_DEFINITION_FORMATION('','',#37);
#37 = PRODUCT('MF-MSMF050-2','MF-MSMF050-2','',(#38));
#38 = PRODUCT_CONTEXT('',#2,'mechanical');
#39 = PRODUCT_DEFINITION_CONTEXT('part definition',#2,'design');
#40 = SHAPE_REPRESENTATION('',(#11,#41),#45);
#41 = AXIS2_PLACEMENT_3D('',#42,#43,#44);
#42 = CARTESIAN_POINT('',(0.,0.,0.));
#43 = DIRECTION('',(0.,0.,1.));
#44 = DIRECTION('',(1.,0.,-0.));
#45 = ( GEOMETRIC_REPRESENTATION_CONTEXT(3) 
GLOBAL_UNCERTAINTY_ASSIGNED_CONTEXT((#49)) GLOBAL_UNIT_ASSIGNED_CONTEXT(
(#46,#47,#48)) REPRESENTATION_CONTEXT('Context #1',
  '3D Context with UNIT and UNCERTAINTY') );
#46 = ( LENGTH_UNIT() NAMED_UNIT(*) SI_UNIT(.MILLI.,.METRE.) );
#47 = ( NAMED_UNIT(*) PLANE_ANGLE_UNIT() SI_UNIT($,.RADIAN.) );
#48 = ( NAMED_UNIT(*) SI_UNIT($,.STERADIAN.) SOLID_ANGLE_UNIT() );
#49 = UNCERTAINTY_MEASURE_WITH_UNIT(LENGTH_MEASURE(5.E-07),#46,
  'distance_accuracy_value','confusion accuracy');
#50 = CONTEXT_DEPENDENT_SHAPE_REPRESENTATION(#51,#53);
#51 = ( REPRESENTATION_RELATIONSHIP('','',#40,#10) 
REPRESENTATION_RELATIONSHIP_WITH_TRANSFORMATION(#52) 
SHAPE_REPRESENTATION_RELATIONSHIP() );
#52 = ITEM_DEFINED_TRANSFORMATION('','',#11,#15);
#53 = PRODUCT_DEFINITION_SHAPE('Placement','Placement of an item',#54);
#54 = NEXT_ASSEMBLY_USAGE_OCCURRENCE('2','F101','',#5,#35,$);
#55 = PRODUCT_RELATED_PRODUCT_CATEGORY('part',$,(#37));
#56 = SHAPE_DEFINITION_REPRESENTATION(#57,#63);
#57 = PRODUCT_DEFINITION_SHAPE('','',#58);
#58 = PRODUCT_DEFINITION('design','',#59,#62);
#59 = PRODUCT_DEFINITION_FORMATION('','',#60);
#60 = PRODUCT('MF-MSMF260-2','MF-MSMF260-2','',(#61));
#61 = PRODUCT_CONTEXT('',#2,'mechanical');
#62 = PRODUCT_DEFINITION_CONTEXT('part definition',#2,'design');
#63 = SHAPE_REPRESENTATION('',(#11,#64,#354,#744,#1204,#1492,#1815,#2115
    ,#2415,#2750,#3085,#3927,#4222,#4843,#5741,#6560),#7316);
#64 = MANIFOLD_SOLID_BREP('',#65);
#65 = CLOSED_SHELL('',(#66,#106,#146,#186,#226,#250,#274,#298,#322,#338)
  );
#66 = ADVANCED_FACE('',(#67),#101,.F.);
#67 = FACE_BOUND('',#68,.T.);
#68 = EDGE_LOOP('',(#69,#79,#87,#95));
#69 = ORIENTED_EDGE('',*,*,#70,.T.);
#70 = EDGE_CURVE('',#71,#73,#75,.T.);
#71 = VERTEX_POINT('',#72);
#72 = CARTESIAN_POINT('',(-1.975,-1.62,2.5E-02));
#73 = VERTEX_POINT('',#74);
#74 = CARTESIAN_POINT('',(1.975,-1.62,2.5E-02));
#75 = LINE('',#76,#77);
#76 = CARTESIAN_POINT('',(-7.720472613E-17,-1.62,2.5E-02));
#77 = VECTOR('',#78,1.);
#78 = DIRECTION('',(1.,-4.765723835E-17,0.));
#79 = ORIENTED_EDGE('',*,*,#80,.T.);
#80 = EDGE_CURVE('',#73,#81,#83,.T.);
#81 = VERTEX_POINT('',#82);
#82 = CARTESIAN_POINT('',(1.975,-1.62,0.825));
#83 = LINE('',#84,#85);
#84 = CARTESIAN_POINT('',(1.975,-1.62,0.));
#85 = VECTOR('',#86,1.);
#86 = DIRECTION('',(0.,0.,1.));
#87 = ORIENTED_EDGE('',*,*,#88,.T.);
#88 = EDGE_CURVE('',#81,#89,#91,.T.);
#89 = VERTEX_POINT('',#90);
#90 = CARTESIAN_POINT('',(-1.975,-1.62,0.825));
#91 = LINE('',#92,#93);
#92 = CARTESIAN_POINT('',(-2.275,-1.62,0.825));
#93 = VECTOR('',#94,1.);
#94 = DIRECTION('',(-1.,4.765723835E-17,0.));
#95 = ORIENTED_EDGE('',*,*,#96,.F.);
#96 = EDGE_CURVE('',#71,#89,#97,.T.);
#97 = LINE('',#98,#99);
#98 = CARTESIAN_POINT('',(-1.975,-1.62,0.));
#99 = VECTOR('',#100,1.);
#100 = DIRECTION('',(0.,0.,1.));
#101 = PLANE('',#102);
#102 = AXIS2_PLACEMENT_3D('',#103,#104,#105);
#103 = CARTESIAN_POINT('',(-7.720472613E-17,-1.62,0.85));
#104 = DIRECTION('',(4.765723835E-17,1.,0.));
#105 = DIRECTION('',(-1.,4.765723835E-17,0.));
#106 = ADVANCED_FACE('',(#107),#141,.T.);
#107 = FACE_BOUND('',#108,.T.);
#108 = EDGE_LOOP('',(#109,#119,#127,#135));
#109 = ORIENTED_EDGE('',*,*,#110,.F.);
#110 = EDGE_CURVE('',#111,#113,#115,.T.);
#111 = VERTEX_POINT('',#112);
#112 = CARTESIAN_POINT('',(1.975,1.62,2.5E-02));
#113 = VERTEX_POINT('',#114);
#114 = CARTESIAN_POINT('',(1.975,1.62,0.825));
#115 = LINE('',#116,#117);
#116 = CARTESIAN_POINT('',(1.975,1.62,0.));
#117 = VECTOR('',#118,1.);
#118 = DIRECTION('',(0.,0.,1.));
#119 = ORIENTED_EDGE('',*,*,#120,.T.);
#120 = EDGE_CURVE('',#111,#121,#123,.T.);
#121 = VERTEX_POINT('',#122);
#122 = CARTESIAN_POINT('',(-1.975,1.62,2.5E-02));
#123 = LINE('',#124,#125);
#124 = CARTESIAN_POINT('',(-2.275,1.62,2.5E-02));
#125 = VECTOR('',#126,1.);
#126 = DIRECTION('',(-1.,-1.429717151E-16,0.));
#127 = ORIENTED_EDGE('',*,*,#128,.T.);
#128 = EDGE_CURVE('',#121,#129,#131,.T.);
#129 = VERTEX_POINT('',#130);
#130 = CARTESIAN_POINT('',(-1.975,1.62,0.825));
#131 = LINE('',#132,#133);
#132 = CARTESIAN_POINT('',(-1.975,1.62,0.));
#133 = VECTOR('',#134,1.);
#134 = DIRECTION('',(0.,0.,1.));
#135 = ORIENTED_EDGE('',*,*,#136,.T.);
#136 = EDGE_CURVE('',#129,#113,#137,.T.);
#137 = LINE('',#138,#139);
#138 = CARTESIAN_POINT('',(-2.316141784E-16,1.62,0.825));
#139 = VECTOR('',#140,1.);
#140 = DIRECTION('',(1.,1.429717151E-16,0.));
#141 = PLANE('',#142);
#142 = AXIS2_PLACEMENT_3D('',#143,#144,#145);
#143 = CARTESIAN_POINT('',(-2.316141784E-16,1.62,0.85));
#144 = DIRECTION('',(-1.429717151E-16,1.,0.));
#145 = DIRECTION('',(-1.,-1.429717151E-16,0.));
#146 = ADVANCED_FACE('',(#147),#181,.T.);
#147 = FACE_BOUND('',#148,.T.);
#148 = EDGE_LOOP('',(#149,#159,#167,#175));
#149 = ORIENTED_EDGE('',*,*,#150,.F.);
#150 = EDGE_CURVE('',#151,#153,#155,.T.);
#151 = VERTEX_POINT('',#152);
#152 = CARTESIAN_POINT('',(1.975,1.595,0.85));
#153 = VERTEX_POINT('',#154);
#154 = CARTESIAN_POINT('',(1.975,-1.595,0.85));
#155 = LINE('',#156,#157);
#156 = CARTESIAN_POINT('',(1.975,0.,0.85));
#157 = VECTOR('',#158,1.);
#158 = DIRECTION('',(0.,-1.,0.));
#159 = ORIENTED_EDGE('',*,*,#160,.T.);
#160 = EDGE_CURVE('',#151,#161,#163,.T.);
#161 = VERTEX_POINT('',#162);
#162 = CARTESIAN_POINT('',(-1.975,1.595,0.85));
#163 = LINE('',#164,#165);
#164 = CARTESIAN_POINT('',(-2.280398855E-16,1.595,0.85));
#165 = VECTOR('',#166,1.);
#166 = DIRECTION('',(-1.,-1.429717151E-16,0.));
#167 = ORIENTED_EDGE('',*,*,#168,.T.);
#168 = EDGE_CURVE('',#161,#169,#171,.T.);
#169 = VERTEX_POINT('',#170);
#170 = CARTESIAN_POINT('',(-1.975,-1.595,0.85));
#171 = LINE('',#172,#173);
#172 = CARTESIAN_POINT('',(-1.975,0.,0.85));
#173 = VECTOR('',#174,1.);
#174 = DIRECTION('',(0.,-1.,0.));
#175 = ORIENTED_EDGE('',*,*,#176,.T.);
#176 = EDGE_CURVE('',#169,#153,#177,.T.);
#177 = LINE('',#178,#179);
#178 = CARTESIAN_POINT('',(2.275,-1.595,0.85));
#179 = VECTOR('',#180,1.);
#180 = DIRECTION('',(1.,-4.765723835E-17,0.));
#181 = PLANE('',#182);
#182 = AXIS2_PLACEMENT_3D('',#183,#184,#185);
#183 = CARTESIAN_POINT('',(0.,0.,0.85));
#184 = DIRECTION('',(0.,0.,1.));
#185 = DIRECTION('',(1.,0.,0.));
#186 = ADVANCED_FACE('',(#187),#221,.F.);
#187 = FACE_BOUND('',#188,.T.);
#188 = EDGE_LOOP('',(#189,#199,#207,#215));
#189 = ORIENTED_EDGE('',*,*,#190,.T.);
#190 = EDGE_CURVE('',#191,#193,#195,.T.);
#191 = VERTEX_POINT('',#192);
#192 = CARTESIAN_POINT('',(-1.975,1.595,0.));
#193 = VERTEX_POINT('',#194);
#194 = CARTESIAN_POINT('',(1.975,1.595,0.));
#195 = LINE('',#196,#197);
#196 = CARTESIAN_POINT('',(2.275,1.595,0.));
#197 = VECTOR('',#198,1.);
#198 = DIRECTION('',(1.,1.429717151E-16,0.));
#199 = ORIENTED_EDGE('',*,*,#200,.T.);
#200 = EDGE_CURVE('',#193,#201,#203,.T.);
#201 = VERTEX_POINT('',#202);
#202 = CARTESIAN_POINT('',(1.975,-1.595,0.));
#203 = LINE('',#204,#205);
#204 = CARTESIAN_POINT('',(1.975,0.,0.));
#205 = VECTOR('',#206,1.);
#206 = DIRECTION('',(0.,-1.,0.));
#207 = ORIENTED_EDGE('',*,*,#208,.T.);
#208 = EDGE_CURVE('',#201,#209,#211,.T.);
#209 = VERTEX_POINT('',#210);
#210 = CARTESIAN_POINT('',(-1.975,-1.595,0.));
#211 = LINE('',#212,#213);
#212 = CARTESIAN_POINT('',(-7.601329517E-17,-1.595,0.));
#213 = VECTOR('',#214,1.);
#214 = DIRECTION('',(-1.,4.765723835E-17,0.));
#215 = ORIENTED_EDGE('',*,*,#216,.F.);
#216 = EDGE_CURVE('',#191,#209,#217,.T.);
#217 = LINE('',#218,#219);
#218 = CARTESIAN_POINT('',(-1.975,0.,0.));
#219 = VECTOR('',#220,1.);
#220 = DIRECTION('',(0.,-1.,0.));
#221 = PLANE('',#222);
#222 = AXIS2_PLACEMENT_3D('',#223,#224,#225);
#223 = CARTESIAN_POINT('',(0.,0.,0.));
#224 = DIRECTION('',(0.,0.,1.));
#225 = DIRECTION('',(1.,0.,0.));
#226 = ADVANCED_FACE('',(#227),#245,.T.);
#227 = FACE_BOUND('',#228,.T.);
#228 = EDGE_LOOP('',(#229,#236,#237,#244));
#229 = ORIENTED_EDGE('',*,*,#230,.F.);
#230 = EDGE_CURVE('',#113,#151,#231,.T.);
#231 = CIRCLE('',#232,2.5E-02);
#232 = AXIS2_PLACEMENT_3D('',#233,#234,#235);
#233 = CARTESIAN_POINT('',(1.975,1.595,0.825));
#234 = DIRECTION('',(1.,0.,-0.));
#235 = DIRECTION('',(0.,0.,1.));
#236 = ORIENTED_EDGE('',*,*,#136,.F.);
#237 = ORIENTED_EDGE('',*,*,#238,.T.);
#238 = EDGE_CURVE('',#129,#161,#239,.T.);
#239 = CIRCLE('',#240,2.5E-02);
#240 = AXIS2_PLACEMENT_3D('',#241,#242,#243);
#241 = CARTESIAN_POINT('',(-1.975,1.595,0.825));
#242 = DIRECTION('',(1.,0.,-0.));
#243 = DIRECTION('',(0.,0.,1.));
#244 = ORIENTED_EDGE('',*,*,#160,.F.);
#245 = CYLINDRICAL_SURFACE('',#246,2.5E-02);
#246 = AXIS2_PLACEMENT_3D('',#247,#248,#249);
#247 = CARTESIAN_POINT('',(-2.280398855E-16,1.595,0.825));
#248 = DIRECTION('',(1.,1.429717151E-16,0.));
#249 = DIRECTION('',(-1.429717151E-16,1.,0.));
#250 = ADVANCED_FACE('',(#251),#269,.T.);
#251 = FACE_BOUND('',#252,.T.);
#252 = EDGE_LOOP('',(#253,#260,#261,#268));
#253 = ORIENTED_EDGE('',*,*,#254,.F.);
#254 = EDGE_CURVE('',#193,#111,#255,.T.);
#255 = CIRCLE('',#256,2.5E-02);
#256 = AXIS2_PLACEMENT_3D('',#257,#258,#259);
#257 = CARTESIAN_POINT('',(1.975,1.595,2.5E-02));
#258 = DIRECTION('',(1.,0.,-0.));
#259 = DIRECTION('',(0.,0.,1.));
#260 = ORIENTED_EDGE('',*,*,#190,.F.);
#261 = ORIENTED_EDGE('',*,*,#262,.T.);
#262 = EDGE_CURVE('',#191,#121,#263,.T.);
#263 = CIRCLE('',#264,2.5E-02);
#264 = AXIS2_PLACEMENT_3D('',#265,#266,#267);
#265 = CARTESIAN_POINT('',(-1.975,1.595,2.5E-02));
#266 = DIRECTION('',(1.,0.,-0.));
#267 = DIRECTION('',(0.,0.,1.));
#268 = ORIENTED_EDGE('',*,*,#120,.F.);
#269 = CYLINDRICAL_SURFACE('',#270,2.5E-02);
#270 = AXIS2_PLACEMENT_3D('',#271,#272,#273);
#271 = CARTESIAN_POINT('',(-2.280398855E-16,1.595,2.5E-02));
#272 = DIRECTION('',(-1.,-1.429717151E-16,0.));
#273 = DIRECTION('',(1.429717151E-16,-1.,0.));
#274 = ADVANCED_FACE('',(#275),#293,.T.);
#275 = FACE_BOUND('',#276,.T.);
#276 = EDGE_LOOP('',(#277,#284,#285,#292));
#277 = ORIENTED_EDGE('',*,*,#278,.F.);
#278 = EDGE_CURVE('',#153,#81,#279,.T.);
#279 = CIRCLE('',#280,2.5E-02);
#280 = AXIS2_PLACEMENT_3D('',#281,#282,#283);
#281 = CARTESIAN_POINT('',(1.975,-1.595,0.825));
#282 = DIRECTION('',(1.,0.,-0.));
#283 = DIRECTION('',(0.,0.,1.));
#284 = ORIENTED_EDGE('',*,*,#176,.F.);
#285 = ORIENTED_EDGE('',*,*,#286,.T.);
#286 = EDGE_CURVE('',#169,#89,#287,.T.);
#287 = CIRCLE('',#288,2.5E-02);
#288 = AXIS2_PLACEMENT_3D('',#289,#290,#291);
#289 = CARTESIAN_POINT('',(-1.975,-1.595,0.825));
#290 = DIRECTION('',(1.,0.,-0.));
#291 = DIRECTION('',(0.,0.,1.));
#292 = ORIENTED_EDGE('',*,*,#88,.F.);
#293 = CYLINDRICAL_SURFACE('',#294,2.5E-02);
#294 = AXIS2_PLACEMENT_3D('',#295,#296,#297);
#295 = CARTESIAN_POINT('',(-7.601329517E-17,-1.595,0.825));
#296 = DIRECTION('',(-1.,4.765723835E-17,0.));
#297 = DIRECTION('',(-4.765723835E-17,-1.,0.));
#298 = ADVANCED_FACE('',(#299),#317,.T.);
#299 = FACE_BOUND('',#300,.T.);
#300 = EDGE_LOOP('',(#301,#308,#309,#316));
#301 = ORIENTED_EDGE('',*,*,#302,.F.);
#302 = EDGE_CURVE('',#73,#201,#303,.T.);
#303 = CIRCLE('',#304,2.5E-02);
#304 = AXIS2_PLACEMENT_3D('',#305,#306,#307);
#305 = CARTESIAN_POINT('',(1.975,-1.595,2.5E-02));
#306 = DIRECTION('',(1.,0.,-0.));
#307 = DIRECTION('',(0.,0.,1.));
#308 = ORIENTED_EDGE('',*,*,#70,.F.);
#309 = ORIENTED_EDGE('',*,*,#310,.T.);
#310 = EDGE_CURVE('',#71,#209,#311,.T.);
#311 = CIRCLE('',#312,2.5E-02);
#312 = AXIS2_PLACEMENT_3D('',#313,#314,#315);
#313 = CARTESIAN_POINT('',(-1.975,-1.595,2.5E-02));
#314 = DIRECTION('',(1.,0.,-0.));
#315 = DIRECTION('',(0.,0.,1.));
#316 = ORIENTED_EDGE('',*,*,#208,.F.);
#317 = CYLINDRICAL_SURFACE('',#318,2.5E-02);
#318 = AXIS2_PLACEMENT_3D('',#319,#320,#321);
#319 = CARTESIAN_POINT('',(-7.601329517E-17,-1.595,2.5E-02));
#320 = DIRECTION('',(1.,-4.765723835E-17,0.));
#321 = DIRECTION('',(4.765723835E-17,1.,0.));
#322 = ADVANCED_FACE('',(#323),#333,.T.);
#323 = FACE_BOUND('',#324,.T.);
#324 = EDGE_LOOP('',(#325,#326,#327,#328,#329,#330,#331,#332));
#325 = ORIENTED_EDGE('',*,*,#128,.F.);
#326 = ORIENTED_EDGE('',*,*,#262,.F.);
#327 = ORIENTED_EDGE('',*,*,#216,.T.);
#328 = ORIENTED_EDGE('',*,*,#310,.F.);
#329 = ORIENTED_EDGE('',*,*,#96,.T.);
#330 = ORIENTED_EDGE('',*,*,#286,.F.);
#331 = ORIENTED_EDGE('',*,*,#168,.F.);
#332 = ORIENTED_EDGE('',*,*,#238,.F.);
#333 = PLANE('',#334);
#334 = AXIS2_PLACEMENT_3D('',#335,#336,#337);
#335 = CARTESIAN_POINT('',(-1.975,0.,0.));
#336 = DIRECTION('',(-1.,0.,0.));
#337 = DIRECTION('',(0.,0.,1.));
#338 = ADVANCED_FACE('',(#339),#349,.F.);
#339 = FACE_BOUND('',#340,.T.);
#340 = EDGE_LOOP('',(#341,#342,#343,#344,#345,#346,#347,#348));
#341 = ORIENTED_EDGE('',*,*,#230,.T.);
#342 = ORIENTED_EDGE('',*,*,#150,.T.);
#343 = ORIENTED_EDGE('',*,*,#278,.T.);
#344 = ORIENTED_EDGE('',*,*,#80,.F.);
#345 = ORIENTED_EDGE('',*,*,#302,.T.);
#346 = ORIENTED_EDGE('',*,*,#200,.F.);
#347 = ORIENTED_EDGE('',*,*,#254,.T.);
#348 = ORIENTED_EDGE('',*,*,#110,.T.);
#349 = PLANE('',#350);
#350 = AXIS2_PLACEMENT_3D('',#351,#352,#353);
#351 = CARTESIAN_POINT('',(1.975,0.,0.));
#352 = DIRECTION('',(-1.,0.,0.));
#353 = DIRECTION('',(0.,0.,1.));
#354 = MANIFOLD_SOLID_BREP('',#355);
#355 = CLOSED_SHELL('',(#356,#398,#440,#480,#520,#568,#616,#664,#712,
    #728));
#356 = ADVANCED_FACE('',(#357),#393,.T.);
#357 = FACE_BOUND('',#358,.T.);
#358 = EDGE_LOOP('',(#359,#370,#378,#387));
#359 = ORIENTED_EDGE('',*,*,#360,.F.);
#360 = EDGE_CURVE('',#361,#363,#365,.T.);
#361 = VERTEX_POINT('',#362);
#362 = CARTESIAN_POINT('',(2.25,-0.147901995,0.85));
#363 = VERTEX_POINT('',#364);
#364 = CARTESIAN_POINT('',(2.25,0.147901995,0.85));
#365 = CIRCLE('',#366,0.15);
#366 = AXIS2_PLACEMENT_3D('',#367,#368,#369);
#367 = CARTESIAN_POINT('',(2.275,-4.33680869E-16,0.85));
#368 = DIRECTION('',(0.,0.,-1.));
#369 = DIRECTION('',(1.,0.,0.));
#370 = ORIENTED_EDGE('',*,*,#371,.T.);
#371 = EDGE_CURVE('',#361,#372,#374,.T.);
#372 = VERTEX_POINT('',#373);
#373 = CARTESIAN_POINT('',(2.25,-0.122474487,0.85));
#374 = LINE('',#375,#376);
#375 = CARTESIAN_POINT('',(2.25,0.,0.85));
#376 = VECTOR('',#377,1.);
#377 = DIRECTION('',(0.,1.,0.));
#378 = ORIENTED_EDGE('',*,*,#379,.T.);
#379 = EDGE_CURVE('',#372,#380,#382,.T.);
#380 = VERTEX_POINT('',#381);
#381 = CARTESIAN_POINT('',(2.25,0.122474487,0.85));
#382 = CIRCLE('',#383,0.125);
#383 = AXIS2_PLACEMENT_3D('',#384,#385,#386);
#384 = CARTESIAN_POINT('',(2.275,-4.33680869E-16,0.85));
#385 = DIRECTION('',(0.,0.,-1.));
#386 = DIRECTION('',(1.,0.,0.));
#387 = ORIENTED_EDGE('',*,*,#388,.T.);
#388 = EDGE_CURVE('',#380,#363,#389,.T.);
#389 = LINE('',#390,#391);
#390 = CARTESIAN_POINT('',(2.25,0.,0.85));
#391 = VECTOR('',#392,1.);
#392 = DIRECTION('',(0.,1.,0.));
#393 = PLANE('',#394);
#394 = AXIS2_PLACEMENT_3D('',#395,#396,#397);
#395 = CARTESIAN_POINT('',(0.,0.,0.85));
#396 = DIRECTION('',(0.,0.,1.));
#397 = DIRECTION('',(1.,0.,0.));
#398 = ADVANCED_FACE('',(#399),#435,.F.);
#399 = FACE_BOUND('',#400,.T.);
#400 = EDGE_LOOP('',(#401,#411,#420,#428));
#401 = ORIENTED_EDGE('',*,*,#402,.T.);
#402 = EDGE_CURVE('',#403,#405,#407,.T.);
#403 = VERTEX_POINT('',#404);
#404 = CARTESIAN_POINT('',(2.25,-0.122474487,0.));
#405 = VERTEX_POINT('',#406);
#406 = CARTESIAN_POINT('',(2.25,-0.147901995,0.));
#407 = LINE('',#408,#409);
#408 = CARTESIAN_POINT('',(2.25,-1.62,0.));
#409 = VECTOR('',#410,1.);
#410 = DIRECTION('',(0.,-1.,0.));
#411 = ORIENTED_EDGE('',*,*,#412,.T.);
#412 = EDGE_CURVE('',#405,#413,#415,.T.);
#413 = VERTEX_POINT('',#414);
#414 = CARTESIAN_POINT('',(2.25,0.147901995,0.));
#415 = CIRCLE('',#416,0.15);
#416 = AXIS2_PLACEMENT_3D('',#417,#418,#419);
#417 = CARTESIAN_POINT('',(2.275,-4.33680869E-16,0.));
#418 = DIRECTION('',(0.,0.,-1.));
#419 = DIRECTION('',(1.,0.,0.));
#420 = ORIENTED_EDGE('',*,*,#421,.T.);
#421 = EDGE_CURVE('',#413,#422,#424,.T.);
#422 = VERTEX_POINT('',#423);
#423 = CARTESIAN_POINT('',(2.25,0.122474487,0.));
#424 = LINE('',#425,#426);
#425 = CARTESIAN_POINT('',(2.25,-1.62,0.));
#426 = VECTOR('',#427,1.);
#427 = DIRECTION('',(0.,-1.,0.));
#428 = ORIENTED_EDGE('',*,*,#429,.F.);
#429 = EDGE_CURVE('',#403,#422,#430,.T.);
#430 = CIRCLE('',#431,0.125);
#431 = AXIS2_PLACEMENT_3D('',#432,#433,#434);
#432 = CARTESIAN_POINT('',(2.275,-4.33680869E-16,0.));
#433 = DIRECTION('',(0.,0.,-1.));
#434 = DIRECTION('',(1.,0.,0.));
#435 = PLANE('',#436);
#436 = AXIS2_PLACEMENT_3D('',#437,#438,#439);
#437 = CARTESIAN_POINT('',(0.,0.,0.));
#438 = DIRECTION('',(0.,0.,1.));
#439 = DIRECTION('',(1.,0.,0.));
#440 = ADVANCED_FACE('',(#441),#475,.T.);
#441 = FACE_BOUND('',#442,.T.);
#442 = EDGE_LOOP('',(#443,#453,#461,#469));
#443 = ORIENTED_EDGE('',*,*,#444,.T.);
#444 = EDGE_CURVE('',#445,#447,#449,.T.);
#445 = VERTEX_POINT('',#446);
#446 = CARTESIAN_POINT('',(2.275,0.15,2.5E-02));
#447 = VERTEX_POINT('',#448);
#448 = CARTESIAN_POINT('',(2.275,0.15,0.825));
#449 = LINE('',#450,#451);
#450 = CARTESIAN_POINT('',(2.275,0.15,0.));
#451 = VECTOR('',#452,1.);
#452 = DIRECTION('',(0.,0.,1.));
#453 = ORIENTED_EDGE('',*,*,#454,.T.);
#454 = EDGE_CURVE('',#447,#455,#457,.T.);
#455 = VERTEX_POINT('',#456);
#456 = CARTESIAN_POINT('',(2.275,0.125,0.825));
#457 = LINE('',#458,#459);
#458 = CARTESIAN_POINT('',(2.275,0.,0.825));
#459 = VECTOR('',#460,1.);
#460 = DIRECTION('',(0.,-1.,0.));
#461 = ORIENTED_EDGE('',*,*,#462,.F.);
#462 = EDGE_CURVE('',#463,#455,#465,.T.);
#463 = VERTEX_POINT('',#464);
#464 = CARTESIAN_POINT('',(2.275,0.125,2.5E-02));
#465 = LINE('',#466,#467);
#466 = CARTESIAN_POINT('',(2.275,0.125,0.));
#467 = VECTOR('',#468,1.);
#468 = DIRECTION('',(0.,0.,1.));
#469 = ORIENTED_EDGE('',*,*,#470,.T.);
#470 = EDGE_CURVE('',#463,#445,#471,.T.);
#471 = LINE('',#472,#473);
#472 = CARTESIAN_POINT('',(2.275,1.62,2.5E-02));
#473 = VECTOR('',#474,1.);
#474 = DIRECTION('',(0.,1.,0.));
#475 = PLANE('',#476);
#476 = AXIS2_PLACEMENT_3D('',#477,#478,#479);
#477 = CARTESIAN_POINT('',(2.275,0.,0.85));
#478 = DIRECTION('',(1.,0.,0.));
#479 = DIRECTION('',(0.,0.,-1.));
#480 = ADVANCED_FACE('',(#481),#515,.T.);
#481 = FACE_BOUND('',#482,.T.);
#482 = EDGE_LOOP('',(#483,#493,#501,#509));
#483 = ORIENTED_EDGE('',*,*,#484,.F.);
#484 = EDGE_CURVE('',#485,#487,#489,.T.);
#485 = VERTEX_POINT('',#486);
#486 = CARTESIAN_POINT('',(2.275,-0.15,2.5E-02));
#487 = VERTEX_POINT('',#488);
#488 = CARTESIAN_POINT('',(2.275,-0.15,0.825));
#489 = LINE('',#490,#491);
#490 = CARTESIAN_POINT('',(2.275,-0.15,0.));
#491 = VECTOR('',#492,1.);
#492 = DIRECTION('',(0.,0.,1.));
#493 = ORIENTED_EDGE('',*,*,#494,.T.);
#494 = EDGE_CURVE('',#485,#495,#497,.T.);
#495 = VERTEX_POINT('',#496);
#496 = CARTESIAN_POINT('',(2.275,-0.125,2.5E-02));
#497 = LINE('',#498,#499);
#498 = CARTESIAN_POINT('',(2.275,1.62,2.5E-02));
#499 = VECTOR('',#500,1.);
#500 = DIRECTION('',(0.,1.,0.));
#501 = ORIENTED_EDGE('',*,*,#502,.T.);
#502 = EDGE_CURVE('',#495,#503,#505,.T.);
#503 = VERTEX_POINT('',#504);
#504 = CARTESIAN_POINT('',(2.275,-0.125,0.825));
#505 = LINE('',#506,#507);
#506 = CARTESIAN_POINT('',(2.275,-0.125,0.));
#507 = VECTOR('',#508,1.);
#508 = DIRECTION('',(0.,0.,1.));
#509 = ORIENTED_EDGE('',*,*,#510,.T.);
#510 = EDGE_CURVE('',#503,#487,#511,.T.);
#511 = LINE('',#512,#513);
#512 = CARTESIAN_POINT('',(2.275,0.,0.825));
#513 = VECTOR('',#514,1.);
#514 = DIRECTION('',(0.,-1.,0.));
#515 = PLANE('',#516);
#516 = AXIS2_PLACEMENT_3D('',#517,#518,#519);
#517 = CARTESIAN_POINT('',(2.275,0.,0.85));
#518 = DIRECTION('',(1.,0.,0.));
#519 = DIRECTION('',(0.,0.,-1.));
#520 = ADVANCED_FACE('',(#521),#563,.T.);
#521 = FACE_BOUND('',#522,.T.);
#522 = EDGE_LOOP('',(#523,#542,#543,#562));
#523 = ORIENTED_EDGE('',*,*,#524,.F.);
#524 = EDGE_CURVE('',#363,#447,#525,.T.);
#525 = B_SPLINE_CURVE_WITH_KNOTS('',3,(#526,#527,#528,#529,#530,#531,
    #532,#533,#534,#535,#536,#537,#538,#539,#540,#541),.UNSPECIFIED.,.F.
  ,.F.,(4,3,3,3,3,4),(0.,8.384980137E-06,1.677502602E-05,2.510253111E-05
    ,3.345597496E-05,3.916626929E-05),.UNSPECIFIED.);
#526 = CARTESIAN_POINT('',(2.25,0.147901995,0.85));
#527 = CARTESIAN_POINT('',(2.252755901,0.148367827,0.85));
#528 = CARTESIAN_POINT('',(2.255564042,0.148758955,0.849530914));
#529 = CARTESIAN_POINT('',(2.258189936,0.149055096,0.848620435));
#530 = CARTESIAN_POINT('',(2.26081687,0.149351355,0.847709596));
#531 = CARTESIAN_POINT('',(2.263333091,0.149561676,0.846331377));
#532 = CARTESIAN_POINT('',(2.265522254,0.149700275,0.84459744));
#533 = CARTESIAN_POINT('',(2.267695711,0.14983788,0.842875942));
#534 = CARTESIAN_POINT('',(2.269606724,0.149910415,0.840756944));
#535 = CARTESIAN_POINT('',(2.27109616,0.149949192,0.83841462));
#536 = CARTESIAN_POINT('',(2.272590219,0.149988088,0.836065027));
#537 = CARTESIAN_POINT('',(2.273701288,0.149995729,0.833426343));
#538 = CARTESIAN_POINT('',(2.274337909,0.149998539,0.830715436));
#539 = CARTESIAN_POINT('',(2.27477637,0.150000474,0.828848344));
#540 = CARTESIAN_POINT('',(2.275,0.15,0.826917886));
#541 = CARTESIAN_POINT('',(2.275,0.15,0.825));
#542 = ORIENTED_EDGE('',*,*,#388,.F.);
#543 = ORIENTED_EDGE('',*,*,#544,.T.);
#544 = EDGE_CURVE('',#380,#455,#545,.T.);
#545 = B_SPLINE_CURVE_WITH_KNOTS('',3,(#546,#547,#548,#549,#550,#551,
    #552,#553,#554,#555,#556,#557,#558,#559,#560,#561),.UNSPECIFIED.,.F.
  ,.F.,(4,3,3,3,3,4),(0.,8.380944012E-06,1.676915993E-05,2.506776194E-05
    ,3.340280906E-05,3.921670884E-05),.UNSPECIFIED.);
#546 = CARTESIAN_POINT('',(2.25,0.122474487,0.85));
#547 = CARTESIAN_POINT('',(2.252737205,0.123033217,0.85));
#548 = CARTESIAN_POINT('',(2.255532616,0.123503073,0.849537067));
#549 = CARTESIAN_POINT('',(2.258152002,0.123859376,0.848633554));
#550 = CARTESIAN_POINT('',(2.260772875,0.124215881,0.847729527));
#551 = CARTESIAN_POINT('',(2.263288721,0.124469572,0.846358727));
#552 = CARTESIAN_POINT('',(2.26547972,0.12463693,0.844631054));
#553 = CARTESIAN_POINT('',(2.267648188,0.124802566,0.842921147));
#554 = CARTESIAN_POINT('',(2.269558247,0.124890416,0.840815379));
#555 = CARTESIAN_POINT('',(2.271050418,0.124937588,0.838486286));
#556 = CARTESIAN_POINT('',(2.272549122,0.124984965,0.836146995));
#557 = CARTESIAN_POINT('',(2.273667604,0.12499457,0.833518517));
#558 = CARTESIAN_POINT('',(2.274314036,0.124998118,0.830816156));
#559 = CARTESIAN_POINT('',(2.274768197,0.12500061,0.828917566));
#560 = CARTESIAN_POINT('',(2.275,0.125,0.826952156));
#561 = CARTESIAN_POINT('',(2.275,0.125,0.825));
#562 = ORIENTED_EDGE('',*,*,#454,.F.);
#563 = CYLINDRICAL_SURFACE('',#564,2.5E-02);
#564 = AXIS2_PLACEMENT_3D('',#565,#566,#567);
#565 = CARTESIAN_POINT('',(2.25,0.,0.825));
#566 = DIRECTION('',(0.,-1.,0.));
#567 = DIRECTION('',(0.,0.,-1.));
#568 = ADVANCED_FACE('',(#569),#611,.T.);
#569 = FACE_BOUND('',#570,.T.);
#570 = EDGE_LOOP('',(#571,#590,#591,#610));
#571 = ORIENTED_EDGE('',*,*,#572,.F.);
#572 = EDGE_CURVE('',#487,#361,#573,.T.);
#573 = B_SPLINE_CURVE_WITH_KNOTS('',3,(#574,#575,#576,#577,#578,#579,
    #580,#581,#582,#583,#584,#585,#586,#587,#588,#589),.UNSPECIFIED.,.F.
  ,.F.,(4,3,3,3,3,4),(0.,8.392204042E-06,1.678489898E-05,2.516768206E-05
    ,3.350910827E-05,3.916485618E-05),.UNSPECIFIED.);
#574 = CARTESIAN_POINT('',(2.275,-0.15,0.825));
#575 = CARTESIAN_POINT('',(2.275,-0.15,0.827797401));
#576 = CARTESIAN_POINT('',(2.274517147,-0.15000208,0.830633372));
#577 = CARTESIAN_POINT('',(2.273591419,-0.149993386,0.833273146));
#578 = CARTESIAN_POINT('',(2.272665663,-0.149984692,0.835913));
#579 = CARTESIAN_POINT('',(2.271271293,-0.149963835,0.838429593));
#580 = CARTESIAN_POINT('',(2.26952457,-0.149900032,0.840613813));
#581 = CARTESIAN_POINT('',(2.267780018,-0.149836309,0.84279532));
#582 = CARTESIAN_POINT('',(2.265635347,-0.149726147,0.844705534));
#583 = CARTESIAN_POINT('',(2.263272842,-0.149540877,0.846185648));
#584 = CARTESIAN_POINT('',(2.260921694,-0.149356497,0.847658645));
#585 = CARTESIAN_POINT('',(2.258290338,-0.149091035,0.848746137));
#586 = CARTESIAN_POINT('',(2.255602097,-0.14874045,0.849364247));
#587 = CARTESIAN_POINT('',(2.253765172,-0.148500888,0.849786613));
#588 = CARTESIAN_POINT('',(2.251873445,-0.148218665,0.85));
#589 = CARTESIAN_POINT('',(2.25,-0.147901995,0.85));
#590 = ORIENTED_EDGE('',*,*,#510,.F.);
#591 = ORIENTED_EDGE('',*,*,#592,.T.);
#592 = EDGE_CURVE('',#503,#372,#593,.T.);
#593 = B_SPLINE_CURVE_WITH_KNOTS('',3,(#594,#595,#596,#597,#598,#599,
    #600,#601,#602,#603,#604,#605,#606,#607,#608,#609),.UNSPECIFIED.,.F.
  ,.F.,(4,3,3,3,3,4),(0.,8.391288793E-06,1.678328423E-05,2.516102337E-05
    ,3.34794602E-05,3.921462377E-05),.UNSPECIFIED.);
#594 = CARTESIAN_POINT('',(2.275,-0.125,0.825));
#595 = CARTESIAN_POINT('',(2.275,-0.125,0.827797096));
#596 = CARTESIAN_POINT('',(2.274517254,-0.125002495,0.830632754));
#597 = CARTESIAN_POINT('',(2.273591727,-0.124992067,0.833272269));
#598 = CARTESIAN_POINT('',(2.272666159,-0.124981639,0.835911899));
#599 = CARTESIAN_POINT('',(2.271271987,-0.12495662,0.838428371));
#600 = CARTESIAN_POINT('',(2.269525804,-0.124880075,0.84061227));
#601 = CARTESIAN_POINT('',(2.267782742,-0.124803667,0.842792267));
#602 = CARTESIAN_POINT('',(2.265640098,-0.124671577,0.84470113));
#603 = CARTESIAN_POINT('',(2.263282033,-0.124449545,0.846179887));
#604 = CARTESIAN_POINT('',(2.260940235,-0.124229045,0.847648442));
#605 = CARTESIAN_POINT('',(2.258321932,-0.123911853,0.848733093));
#606 = CARTESIAN_POINT('',(2.255651681,-0.123493492,0.849352792));
#607 = CARTESIAN_POINT('',(2.253796644,-0.123202854,0.849783301));
#608 = CARTESIAN_POINT('',(2.251887467,-0.122859765,0.85));
#609 = CARTESIAN_POINT('',(2.25,-0.122474487,0.85));
#610 = ORIENTED_EDGE('',*,*,#371,.F.);
#611 = CYLINDRICAL_SURFACE('',#612,2.5E-02);
#612 = AXIS2_PLACEMENT_3D('',#613,#614,#615);
#613 = CARTESIAN_POINT('',(2.25,0.,0.825));
#614 = DIRECTION('',(0.,-1.,0.));
#615 = DIRECTION('',(0.,0.,-1.));
#616 = ADVANCED_FACE('',(#617),#659,.T.);
#617 = FACE_BOUND('',#618,.T.);
#618 = EDGE_LOOP('',(#619,#638,#639,#658));
#619 = ORIENTED_EDGE('',*,*,#620,.F.);
#620 = EDGE_CURVE('',#405,#485,#621,.T.);
#621 = B_SPLINE_CURVE_WITH_KNOTS('',3,(#622,#623,#624,#625,#626,#627,
    #628,#629,#630,#631,#632,#633,#634,#635,#636,#637),.UNSPECIFIED.,.F.
  ,.F.,(4,3,3,3,3,4),(0.,8.384980137E-06,1.677502602E-05,2.510253111E-05
    ,3.345597496E-05,3.916626929E-05),.UNSPECIFIED.);
#622 = CARTESIAN_POINT('',(2.25,-0.147901995,0.));
#623 = CARTESIAN_POINT('',(2.252755901,-0.148367827,0.));
#624 = CARTESIAN_POINT('',(2.255564042,-0.148758955,4.690863686E-04));
#625 = CARTESIAN_POINT('',(2.258189936,-0.149055096,1.379565E-03));
#626 = CARTESIAN_POINT('',(2.26081687,-0.149351355,2.290404E-03));
#627 = CARTESIAN_POINT('',(2.263333091,-0.149561676,3.668623E-03));
#628 = CARTESIAN_POINT('',(2.265522254,-0.149700275,5.40256E-03));
#629 = CARTESIAN_POINT('',(2.267695711,-0.14983788,7.124058E-03));
#630 = CARTESIAN_POINT('',(2.269606724,-0.149910415,9.243056E-03));
#631 = CARTESIAN_POINT('',(2.27109616,-0.149949192,1.158538E-02));
#632 = CARTESIAN_POINT('',(2.272590219,-0.149988088,1.3934973E-02));
#633 = CARTESIAN_POINT('',(2.273701288,-0.149995729,1.6573657E-02));
#634 = CARTESIAN_POINT('',(2.274337909,-0.149998539,1.9284564E-02));
#635 = CARTESIAN_POINT('',(2.27477637,-0.150000474,2.1151656E-02));
#636 = CARTESIAN_POINT('',(2.275,-0.15,2.3082114E-02));
#637 = CARTESIAN_POINT('',(2.275,-0.15,2.5E-02));
#638 = ORIENTED_EDGE('',*,*,#402,.F.);
#639 = ORIENTED_EDGE('',*,*,#640,.T.);
#640 = EDGE_CURVE('',#403,#495,#641,.T.);
#641 = B_SPLINE_CURVE_WITH_KNOTS('',3,(#642,#643,#644,#645,#646,#647,
    #648,#649,#650,#651,#652,#653,#654,#655,#656,#657),.UNSPECIFIED.,.F.
  ,.F.,(4,3,3,3,3,4),(0.,8.380944012E-06,1.676915993E-05,2.506776194E-05
    ,3.340280906E-05,3.921670884E-05),.UNSPECIFIED.);
#642 = CARTESIAN_POINT('',(2.25,-0.122474487,0.));
#643 = CARTESIAN_POINT('',(2.252737205,-0.123033217,0.));
#644 = CARTESIAN_POINT('',(2.255532616,-0.123503073,4.629325389E-04));
#645 = CARTESIAN_POINT('',(2.258152002,-0.123859376,1.366446E-03));
#646 = CARTESIAN_POINT('',(2.260772875,-0.124215881,2.270473E-03));
#647 = CARTESIAN_POINT('',(2.263288721,-0.124469572,3.641273E-03));
#648 = CARTESIAN_POINT('',(2.26547972,-0.12463693,5.368946E-03));
#649 = CARTESIAN_POINT('',(2.267648188,-0.124802566,7.078853E-03));
#650 = CARTESIAN_POINT('',(2.269558247,-0.124890416,9.184621E-03));
#651 = CARTESIAN_POINT('',(2.271050418,-0.124937588,1.1513714E-02));
#652 = CARTESIAN_POINT('',(2.272549122,-0.124984965,1.3853005E-02));
#653 = CARTESIAN_POINT('',(2.273667604,-0.12499457,1.6481483E-02));
#654 = CARTESIAN_POINT('',(2.274314036,-0.124998118,1.9183844E-02));
#655 = CARTESIAN_POINT('',(2.274768197,-0.12500061,2.1082434E-02));
#656 = CARTESIAN_POINT('',(2.275,-0.125,2.3047844E-02));
#657 = CARTESIAN_POINT('',(2.275,-0.125,2.5E-02));
#658 = ORIENTED_EDGE('',*,*,#494,.F.);
#659 = CYLINDRICAL_SURFACE('',#660,2.5E-02);
#660 = AXIS2_PLACEMENT_3D('',#661,#662,#663);
#661 = CARTESIAN_POINT('',(2.25,0.,2.5E-02));
#662 = DIRECTION('',(0.,1.,0.));
#663 = DIRECTION('',(0.,0.,1.));
#664 = ADVANCED_FACE('',(#665),#707,.T.);
#665 = FACE_BOUND('',#666,.T.);
#666 = EDGE_LOOP('',(#667,#686,#687,#706));
#667 = ORIENTED_EDGE('',*,*,#668,.F.);
#668 = EDGE_CURVE('',#445,#413,#669,.T.);
#669 = B_SPLINE_CURVE_WITH_KNOTS('',3,(#670,#671,#672,#673,#674,#675,
    #676,#677,#678,#679,#680,#681,#682,#683,#684,#685),.UNSPECIFIED.,.F.
  ,.F.,(4,3,3,3,3,4),(0.,8.392204042E-06,1.678489898E-05,2.516768206E-05
    ,3.350910827E-05,3.916485618E-05),.UNSPECIFIED.);
#670 = CARTESIAN_POINT('',(2.275,0.15,2.5E-02));
#671 = CARTESIAN_POINT('',(2.275,0.15,2.2202599E-02));
#672 = CARTESIAN_POINT('',(2.274517147,0.15000208,1.9366628E-02));
#673 = CARTESIAN_POINT('',(2.273591419,0.149993386,1.6726854E-02));
#674 = CARTESIAN_POINT('',(2.272665663,0.149984692,1.4087E-02));
#675 = CARTESIAN_POINT('',(2.271271293,0.149963835,1.1570407E-02));
#676 = CARTESIAN_POINT('',(2.26952457,0.149900032,9.386187E-03));
#677 = CARTESIAN_POINT('',(2.267780018,0.149836309,7.20468E-03));
#678 = CARTESIAN_POINT('',(2.265635347,0.149726147,5.294466E-03));
#679 = CARTESIAN_POINT('',(2.263272842,0.149540877,3.814352E-03));
#680 = CARTESIAN_POINT('',(2.260921694,0.149356497,2.341355E-03));
#681 = CARTESIAN_POINT('',(2.258290338,0.149091035,1.253863E-03));
#682 = CARTESIAN_POINT('',(2.255602097,0.14874045,6.357533645E-04));
#683 = CARTESIAN_POINT('',(2.253765172,0.148500888,2.133873509E-04));
#684 = CARTESIAN_POINT('',(2.251873445,0.148218665,-7.067676378E-14));
#685 = CARTESIAN_POINT('',(2.25,0.147901995,0.));
#686 = ORIENTED_EDGE('',*,*,#470,.F.);
#687 = ORIENTED_EDGE('',*,*,#688,.T.);
#688 = EDGE_CURVE('',#463,#422,#689,.T.);
#689 = B_SPLINE_CURVE_WITH_KNOTS('',3,(#690,#691,#692,#693,#694,#695,
    #696,#697,#698,#699,#700,#701,#702,#703,#704,#705),.UNSPECIFIED.,.F.
  ,.F.,(4,3,3,3,3,4),(0.,8.391288793E-06,1.678328423E-05,2.516102337E-05
    ,3.34794602E-05,3.921462377E-05),.UNSPECIFIED.);
#690 = CARTESIAN_POINT('',(2.275,0.125,2.5E-02));
#691 = CARTESIAN_POINT('',(2.275,0.125,2.2202904E-02));
#692 = CARTESIAN_POINT('',(2.274517254,0.125002495,1.9367246E-02));
#693 = CARTESIAN_POINT('',(2.273591727,0.124992067,1.6727731E-02));
#694 = CARTESIAN_POINT('',(2.272666159,0.124981639,1.4088101E-02));
#695 = CARTESIAN_POINT('',(2.271271987,0.12495662,1.1571629E-02));
#696 = CARTESIAN_POINT('',(2.269525804,0.124880075,9.38773E-03));
#697 = CARTESIAN_POINT('',(2.267782742,0.124803667,7.207733E-03));
#698 = CARTESIAN_POINT('',(2.265640098,0.124671577,5.29887E-03));
#699 = CARTESIAN_POINT('',(2.263282033,0.124449545,3.820113E-03));
#700 = CARTESIAN_POINT('',(2.260940235,0.124229045,2.351558E-03));
#701 = CARTESIAN_POINT('',(2.258321932,0.123911853,1.266907E-03));
#702 = CARTESIAN_POINT('',(2.255651681,0.123493492,6.472075519E-04));
#703 = CARTESIAN_POINT('',(2.253796644,0.123202854,2.166991768E-04));
#704 = CARTESIAN_POINT('',(2.251887467,0.122859765,-5.150793624E-14));
#705 = CARTESIAN_POINT('',(2.25,0.122474487,0.));
#706 = ORIENTED_EDGE('',*,*,#421,.F.);
#707 = CYLINDRICAL_SURFACE('',#708,2.5E-02);
#708 = AXIS2_PLACEMENT_3D('',#709,#710,#711);
#709 = CARTESIAN_POINT('',(2.25,0.,2.5E-02));
#710 = DIRECTION('',(0.,1.,0.));
#711 = DIRECTION('',(0.,0.,1.));
#712 = ADVANCED_FACE('',(#713),#723,.F.);
#713 = FACE_BOUND('',#714,.F.);
#714 = EDGE_LOOP('',(#715,#716,#717,#718,#719,#720,#721,#722));
#715 = ORIENTED_EDGE('',*,*,#544,.T.);
#716 = ORIENTED_EDGE('',*,*,#462,.F.);
#717 = ORIENTED_EDGE('',*,*,#688,.T.);
#718 = ORIENTED_EDGE('',*,*,#429,.F.);
#719 = ORIENTED_EDGE('',*,*,#640,.T.);
#720 = ORIENTED_EDGE('',*,*,#502,.T.);
#721 = ORIENTED_EDGE('',*,*,#592,.T.);
#722 = ORIENTED_EDGE('',*,*,#379,.T.);
#723 = CYLINDRICAL_SURFACE('',#724,0.125);
#724 = AXIS2_PLACEMENT_3D('',#725,#726,#727);
#725 = CARTESIAN_POINT('',(2.275,-4.33680869E-16,0.));
#726 = DIRECTION('',(0.,0.,1.));
#727 = DIRECTION('',(1.,0.,0.));
#728 = ADVANCED_FACE('',(#729),#739,.T.);
#729 = FACE_BOUND('',#730,.T.);
#730 = EDGE_LOOP('',(#731,#732,#733,#734,#735,#736,#737,#738));
#731 = ORIENTED_EDGE('',*,*,#524,.T.);
#732 = ORIENTED_EDGE('',*,*,#444,.F.);
#733 = ORIENTED_EDGE('',*,*,#668,.T.);
#734 = ORIENTED_EDGE('',*,*,#412,.F.);
#735 = ORIENTED_EDGE('',*,*,#620,.T.);
#736 = ORIENTED_EDGE('',*,*,#484,.T.);
#737 = ORIENTED_EDGE('',*,*,#572,.T.);
#738 = ORIENTED_EDGE('',*,*,#360,.T.);
#739 = CYLINDRICAL_SURFACE('',#740,0.15);
#740 = AXIS2_PLACEMENT_3D('',#741,#742,#743);
#741 = CARTESIAN_POINT('',(2.275,-4.33680869E-16,0.));
#742 = DIRECTION('',(0.,0.,1.));
#743 = DIRECTION('',(1.,0.,0.));
#744 = MANIFOLD_SOLID_BREP('',#745);
#745 = CLOSED_SHELL('',(#746,#830,#914,#958,#1002,#1026,#1070,#1096,
    #1133,#1159,#1176,#1190));
#746 = ADVANCED_FACE('',(#747),#825,.F.);
#747 = FACE_BOUND('',#748,.F.);
#748 = EDGE_LOOP('',(#749,#772,#780,#801,#810,#818));
#749 = ORIENTED_EDGE('',*,*,#750,.F.);
#750 = EDGE_CURVE('',#751,#753,#755,.T.);
#751 = VERTEX_POINT('',#752);
#752 = CARTESIAN_POINT('',(-2.275,0.125,2.5E-02));
#753 = VERTEX_POINT('',#754);
#754 = CARTESIAN_POINT('',(-2.25,0.122474487,0.));
#755 = B_SPLINE_CURVE_WITH_KNOTS('',3,(#756,#757,#758,#759,#760,#761,
    #762,#763,#764,#765,#766,#767,#768,#769,#770,#771),.UNSPECIFIED.,.F.
  ,.F.,(4,3,3,3,3,4),(3.388131789E-21,8.391288793E-06,1.678328423E-05,
    2.516102337E-05,3.34794602E-05,3.921462377E-05),.UNSPECIFIED.);
#756 = CARTESIAN_POINT('',(-2.275,0.125,2.5E-02));
#757 = CARTESIAN_POINT('',(-2.275,0.125,2.2202904E-02));
#758 = CARTESIAN_POINT('',(-2.274517254,0.125002495,1.9367246E-02));
#759 = CARTESIAN_POINT('',(-2.273591727,0.124992067,1.6727731E-02));
#760 = CARTESIAN_POINT('',(-2.272666159,0.124981639,1.4088101E-02));
#761 = CARTESIAN_POINT('',(-2.271271987,0.12495662,1.1571629E-02));
#762 = CARTESIAN_POINT('',(-2.269525804,0.124880075,9.38773E-03));
#763 = CARTESIAN_POINT('',(-2.267782742,0.124803667,7.207733E-03));
#764 = CARTESIAN_POINT('',(-2.265640098,0.124671577,5.29887E-03));
#765 = CARTESIAN_POINT('',(-2.263282033,0.124449545,3.820113E-03));
#766 = CARTESIAN_POINT('',(-2.260940235,0.124229045,2.351558E-03));
#767 = CARTESIAN_POINT('',(-2.258321932,0.123911853,1.266907E-03));
#768 = CARTESIAN_POINT('',(-2.255651681,0.123493492,6.472075519E-04));
#769 = CARTESIAN_POINT('',(-2.253796644,0.123202854,2.166991768E-04));
#770 = CARTESIAN_POINT('',(-2.251887467,0.122859765,-5.155198195E-14));
#771 = CARTESIAN_POINT('',(-2.25,0.122474487,0.));
#772 = ORIENTED_EDGE('',*,*,#773,.T.);
#773 = EDGE_CURVE('',#751,#774,#776,.T.);
#774 = VERTEX_POINT('',#775);
#775 = CARTESIAN_POINT('',(-2.275,0.125,0.825));
#776 = LINE('',#777,#778);
#777 = CARTESIAN_POINT('',(-2.275,0.125,0.));
#778 = VECTOR('',#779,1.);
#779 = DIRECTION('',(0.,0.,1.));
#780 = ORIENTED_EDGE('',*,*,#781,.F.);
#781 = EDGE_CURVE('',#782,#774,#784,.T.);
#782 = VERTEX_POINT('',#783);
#783 = CARTESIAN_POINT('',(-2.25,0.122474487,0.85));
#784 = B_SPLINE_CURVE_WITH_KNOTS('',3,(#785,#786,#787,#788,#789,#790,
    #791,#792,#793,#794,#795,#796,#797,#798,#799,#800),.UNSPECIFIED.,.F.
  ,.F.,(4,3,3,3,3,4),(0.,8.380944012E-06,1.676915993E-05,2.506776194E-05
    ,3.340280906E-05,3.921670884E-05),.UNSPECIFIED.);
#785 = CARTESIAN_POINT('',(-2.25,0.122474487,0.85));
#786 = CARTESIAN_POINT('',(-2.252737205,0.123033217,0.85));
#787 = CARTESIAN_POINT('',(-2.255532616,0.123503073,0.849537067));
#788 = CARTESIAN_POINT('',(-2.258152002,0.123859376,0.848633554));
#789 = CARTESIAN_POINT('',(-2.260772875,0.124215881,0.847729527));
#790 = CARTESIAN_POINT('',(-2.263288721,0.124469572,0.846358727));
#791 = CARTESIAN_POINT('',(-2.26547972,0.12463693,0.844631054));
#792 = CARTESIAN_POINT('',(-2.267648188,0.124802566,0.842921147));
#793 = CARTESIAN_POINT('',(-2.269558247,0.124890416,0.840815379));
#794 = CARTESIAN_POINT('',(-2.271050418,0.124937588,0.838486286));
#795 = CARTESIAN_POINT('',(-2.272549122,0.124984965,0.836146995));
#796 = CARTESIAN_POINT('',(-2.273667604,0.12499457,0.833518517));
#797 = CARTESIAN_POINT('',(-2.274314036,0.124998118,0.830816156));
#798 = CARTESIAN_POINT('',(-2.274768197,0.12500061,0.828917566));
#799 = CARTESIAN_POINT('',(-2.275,0.125,0.826952156));
#800 = CARTESIAN_POINT('',(-2.275,0.125,0.825));
#801 = ORIENTED_EDGE('',*,*,#802,.F.);
#802 = EDGE_CURVE('',#803,#782,#805,.T.);
#803 = VERTEX_POINT('',#804);
#804 = CARTESIAN_POINT('',(-2.15,-4.33680869E-16,0.85));
#805 = CIRCLE('',#806,0.125);
#806 = AXIS2_PLACEMENT_3D('',#807,#808,#809);
#807 = CARTESIAN_POINT('',(-2.275,-4.33680869E-16,0.85));
#808 = DIRECTION('',(0.,0.,1.));
#809 = DIRECTION('',(1.,0.,0.));
#810 = ORIENTED_EDGE('',*,*,#811,.F.);
#811 = EDGE_CURVE('',#812,#803,#814,.T.);
#812 = VERTEX_POINT('',#813);
#813 = CARTESIAN_POINT('',(-2.15,-4.33680869E-16,0.));
#814 = LINE('',#815,#816);
#815 = CARTESIAN_POINT('',(-2.15,-4.33680869E-16,0.));
#816 = VECTOR('',#817,1.);
#817 = DIRECTION('',(0.,0.,1.));
#818 = ORIENTED_EDGE('',*,*,#819,.T.);
#819 = EDGE_CURVE('',#812,#753,#820,.T.);
#820 = CIRCLE('',#821,0.125);
#821 = AXIS2_PLACEMENT_3D('',#822,#823,#824);
#822 = CARTESIAN_POINT('',(-2.275,-4.33680869E-16,0.));
#823 = DIRECTION('',(0.,0.,1.));
#824 = DIRECTION('',(1.,0.,0.));
#825 = CYLINDRICAL_SURFACE('',#826,0.125);
#826 = AXIS2_PLACEMENT_3D('',#827,#828,#829);
#827 = CARTESIAN_POINT('',(-2.275,-4.33680869E-16,0.));
#828 = DIRECTION('',(0.,0.,1.));
#829 = DIRECTION('',(1.,0.,0.));
#830 = ADVANCED_FACE('',(#831),#909,.T.);
#831 = FACE_BOUND('',#832,.T.);
#832 = EDGE_LOOP('',(#833,#844,#852,#861,#882,#890));
#833 = ORIENTED_EDGE('',*,*,#834,.T.);
#834 = EDGE_CURVE('',#835,#837,#839,.T.);
#835 = VERTEX_POINT('',#836);
#836 = CARTESIAN_POINT('',(-2.25,-0.147901995,0.));
#837 = VERTEX_POINT('',#838);
#838 = CARTESIAN_POINT('',(-2.125,-4.33680869E-16,0.));
#839 = CIRCLE('',#840,0.15);
#840 = AXIS2_PLACEMENT_3D('',#841,#842,#843);
#841 = CARTESIAN_POINT('',(-2.275,-4.33680869E-16,0.));
#842 = DIRECTION('',(0.,0.,1.));
#843 = DIRECTION('',(1.,0.,0.));
#844 = ORIENTED_EDGE('',*,*,#845,.T.);
#845 = EDGE_CURVE('',#837,#846,#848,.T.);
#846 = VERTEX_POINT('',#847);
#847 = CARTESIAN_POINT('',(-2.125,-4.33680869E-16,0.85));
#848 = LINE('',#849,#850);
#849 = CARTESIAN_POINT('',(-2.125,-4.33680869E-16,0.));
#850 = VECTOR('',#851,1.);
#851 = DIRECTION('',(0.,0.,1.));
#852 = ORIENTED_EDGE('',*,*,#853,.F.);
#853 = EDGE_CURVE('',#854,#846,#856,.T.);
#854 = VERTEX_POINT('',#855);
#855 = CARTESIAN_POINT('',(-2.25,-0.147901995,0.85));
#856 = CIRCLE('',#857,0.15);
#857 = AXIS2_PLACEMENT_3D('',#858,#859,#860);
#858 = CARTESIAN_POINT('',(-2.275,-4.33680869E-16,0.85));
#859 = DIRECTION('',(0.,0.,1.));
#860 = DIRECTION('',(1.,0.,0.));
#861 = ORIENTED_EDGE('',*,*,#862,.F.);
#862 = EDGE_CURVE('',#863,#854,#865,.T.);
#863 = VERTEX_POINT('',#864);
#864 = CARTESIAN_POINT('',(-2.275,-0.15,0.825));
#865 = B_SPLINE_CURVE_WITH_KNOTS('',3,(#866,#867,#868,#869,#870,#871,
    #872,#873,#874,#875,#876,#877,#878,#879,#880,#881),.UNSPECIFIED.,.F.
  ,.F.,(4,3,3,3,3,4),(0.,8.392204042E-06,1.678489898E-05,2.516768206E-05
    ,3.350910827E-05,3.916485618E-05),.UNSPECIFIED.);
#866 = CARTESIAN_POINT('',(-2.275,-0.15,0.825));
#867 = CARTESIAN_POINT('',(-2.275,-0.15,0.827797401));
#868 = CARTESIAN_POINT('',(-2.274517147,-0.15000208,0.830633372));
#869 = CARTESIAN_POINT('',(-2.273591419,-0.149993386,0.833273146));
#870 = CARTESIAN_POINT('',(-2.272665663,-0.149984692,0.835913));
#871 = CARTESIAN_POINT('',(-2.271271293,-0.149963835,0.838429593));
#872 = CARTESIAN_POINT('',(-2.26952457,-0.149900032,0.840613813));
#873 = CARTESIAN_POINT('',(-2.267780018,-0.149836309,0.84279532));
#874 = CARTESIAN_POINT('',(-2.265635347,-0.149726147,0.844705534));
#875 = CARTESIAN_POINT('',(-2.263272842,-0.149540877,0.846185648));
#876 = CARTESIAN_POINT('',(-2.260921694,-0.149356497,0.847658645));
#877 = CARTESIAN_POINT('',(-2.258290338,-0.149091035,0.848746137));
#878 = CARTESIAN_POINT('',(-2.255602097,-0.14874045,0.849364247));
#879 = CARTESIAN_POINT('',(-2.253765172,-0.148500888,0.849786613));
#880 = CARTESIAN_POINT('',(-2.251873445,-0.148218665,0.85));
#881 = CARTESIAN_POINT('',(-2.25,-0.147901995,0.85));
#882 = ORIENTED_EDGE('',*,*,#883,.F.);
#883 = EDGE_CURVE('',#884,#863,#886,.T.);
#884 = VERTEX_POINT('',#885);
#885 = CARTESIAN_POINT('',(-2.275,-0.15,2.5E-02));
#886 = LINE('',#887,#888);
#887 = CARTESIAN_POINT('',(-2.275,-0.15,0.));
#888 = VECTOR('',#889,1.);
#889 = DIRECTION('',(0.,0.,1.));
#890 = ORIENTED_EDGE('',*,*,#891,.F.);
#891 = EDGE_CURVE('',#835,#884,#892,.T.);
#892 = B_SPLINE_CURVE_WITH_KNOTS('',3,(#893,#894,#895,#896,#897,#898,
    #899,#900,#901,#902,#903,#904,#905,#906,#907,#908),.UNSPECIFIED.,.F.
  ,.F.,(4,3,3,3,3,4),(1.192295367E-21,8.384980137E-06,1.677502602E-05,
    2.510253111E-05,3.345597496E-05,3.916626929E-05),.UNSPECIFIED.);
#893 = CARTESIAN_POINT('',(-2.25,-0.147901995,0.));
#894 = CARTESIAN_POINT('',(-2.252755901,-0.148367827,-4.404571326E-17));
#895 = CARTESIAN_POINT('',(-2.255564042,-0.148758955,4.690863686E-04));
#896 = CARTESIAN_POINT('',(-2.258189936,-0.149055096,1.379565E-03));
#897 = CARTESIAN_POINT('',(-2.26081687,-0.149351355,2.290404E-03));
#898 = CARTESIAN_POINT('',(-2.263333091,-0.149561676,3.668623E-03));
#899 = CARTESIAN_POINT('',(-2.265522254,-0.149700275,5.40256E-03));
#900 = CARTESIAN_POINT('',(-2.267695711,-0.14983788,7.124058E-03));
#901 = CARTESIAN_POINT('',(-2.269606724,-0.149910415,9.243056E-03));
#902 = CARTESIAN_POINT('',(-2.27109616,-0.149949192,1.158538E-02));
#903 = CARTESIAN_POINT('',(-2.272590219,-0.149988088,1.3934973E-02));
#904 = CARTESIAN_POINT('',(-2.273701288,-0.149995729,1.6573657E-02));
#905 = CARTESIAN_POINT('',(-2.274337909,-0.149998539,1.9284564E-02));
#906 = CARTESIAN_POINT('',(-2.27477637,-0.150000474,2.1151656E-02));
#907 = CARTESIAN_POINT('',(-2.275,-0.15,2.3082114E-02));
#908 = CARTESIAN_POINT('',(-2.275,-0.15,2.5E-02));
#909 = CYLINDRICAL_SURFACE('',#910,0.15);
#910 = AXIS2_PLACEMENT_3D('',#911,#912,#913);
#911 = CARTESIAN_POINT('',(-2.275,-4.33680869E-16,0.));
#912 = DIRECTION('',(0.,0.,1.));
#913 = DIRECTION('',(1.,0.,0.));
#914 = ADVANCED_FACE('',(#915),#953,.T.);
#915 = FACE_BOUND('',#916,.T.);
#916 = EDGE_LOOP('',(#917,#918,#926,#947));
#917 = ORIENTED_EDGE('',*,*,#781,.F.);
#918 = ORIENTED_EDGE('',*,*,#919,.F.);
#919 = EDGE_CURVE('',#920,#782,#922,.T.);
#920 = VERTEX_POINT('',#921);
#921 = CARTESIAN_POINT('',(-2.25,0.147901995,0.85));
#922 = LINE('',#923,#924);
#923 = CARTESIAN_POINT('',(-2.25,-1.62,0.85));
#924 = VECTOR('',#925,1.);
#925 = DIRECTION('',(0.,-1.,0.));
#926 = ORIENTED_EDGE('',*,*,#927,.T.);
#927 = EDGE_CURVE('',#920,#928,#930,.T.);
#928 = VERTEX_POINT('',#929);
#929 = CARTESIAN_POINT('',(-2.275,0.15,0.825));
#930 = B_SPLINE_CURVE_WITH_KNOTS('',3,(#931,#932,#933,#934,#935,#936,
    #937,#938,#939,#940,#941,#942,#943,#944,#945,#946),.UNSPECIFIED.,.F.
  ,.F.,(4,3,3,3,3,4),(0.,8.384980137E-06,1.677502602E-05,2.510253111E-05
    ,3.345597496E-05,3.916626929E-05),.UNSPECIFIED.);
#931 = CARTESIAN_POINT('',(-2.25,0.147901995,0.85));
#932 = CARTESIAN_POINT('',(-2.252755901,0.148367827,0.85));
#933 = CARTESIAN_POINT('',(-2.255564042,0.148758955,0.849530914));
#934 = CARTESIAN_POINT('',(-2.258189936,0.149055096,0.848620435));
#935 = CARTESIAN_POINT('',(-2.26081687,0.149351355,0.847709596));
#936 = CARTESIAN_POINT('',(-2.263333091,0.149561676,0.846331377));
#937 = CARTESIAN_POINT('',(-2.265522254,0.149700275,0.84459744));
#938 = CARTESIAN_POINT('',(-2.267695711,0.14983788,0.842875942));
#939 = CARTESIAN_POINT('',(-2.269606724,0.149910415,0.840756944));
#940 = CARTESIAN_POINT('',(-2.27109616,0.149949192,0.83841462));
#941 = CARTESIAN_POINT('',(-2.272590219,0.149988088,0.836065027));
#942 = CARTESIAN_POINT('',(-2.273701288,0.149995729,0.833426343));
#943 = CARTESIAN_POINT('',(-2.274337909,0.149998539,0.830715436));
#944 = CARTESIAN_POINT('',(-2.27477637,0.150000474,0.828848344));
#945 = CARTESIAN_POINT('',(-2.275,0.15,0.826917886));
#946 = CARTESIAN_POINT('',(-2.275,0.15,0.825));
#947 = ORIENTED_EDGE('',*,*,#948,.F.);
#948 = EDGE_CURVE('',#774,#928,#949,.T.);
#949 = LINE('',#950,#951);
#950 = CARTESIAN_POINT('',(-2.275,1.62,0.825));
#951 = VECTOR('',#952,1.);
#952 = DIRECTION('',(0.,1.,0.));
#953 = CYLINDRICAL_SURFACE('',#954,2.5E-02);
#954 = AXIS2_PLACEMENT_3D('',#955,#956,#957);
#955 = CARTESIAN_POINT('',(-2.25,0.,0.825));
#956 = DIRECTION('',(0.,1.,0.));
#957 = DIRECTION('',(0.,0.,1.));
#958 = ADVANCED_FACE('',(#959),#997,.T.);
#959 = FACE_BOUND('',#960,.T.);
#960 = EDGE_LOOP('',(#961,#984,#990,#991));
#961 = ORIENTED_EDGE('',*,*,#962,.F.);
#962 = EDGE_CURVE('',#963,#965,#967,.T.);
#963 = VERTEX_POINT('',#964);
#964 = CARTESIAN_POINT('',(-2.25,-0.122474487,0.));
#965 = VERTEX_POINT('',#966);
#966 = CARTESIAN_POINT('',(-2.275,-0.125,2.5E-02));
#967 = B_SPLINE_CURVE_WITH_KNOTS('',3,(#968,#969,#970,#971,#972,#973,
    #974,#975,#976,#977,#978,#979,#980,#981,#982,#983),.UNSPECIFIED.,.F.
  ,.F.,(4,3,3,3,3,4),(1.170854054E-21,8.380944012E-06,1.676915993E-05,
    2.506776194E-05,3.340280906E-05,3.921670884E-05),.UNSPECIFIED.);
#968 = CARTESIAN_POINT('',(-2.25,-0.122474487,0.));
#969 = CARTESIAN_POINT('',(-2.252737205,-0.123033217,-4.404571326E-17));
#970 = CARTESIAN_POINT('',(-2.255532616,-0.123503073,4.629325389E-04));
#971 = CARTESIAN_POINT('',(-2.258152002,-0.123859376,1.366446E-03));
#972 = CARTESIAN_POINT('',(-2.260772875,-0.124215881,2.270473E-03));
#973 = CARTESIAN_POINT('',(-2.263288721,-0.124469572,3.641273E-03));
#974 = CARTESIAN_POINT('',(-2.26547972,-0.12463693,5.368946E-03));
#975 = CARTESIAN_POINT('',(-2.267648188,-0.124802566,7.078853E-03));
#976 = CARTESIAN_POINT('',(-2.269558247,-0.124890416,9.184621E-03));
#977 = CARTESIAN_POINT('',(-2.271050418,-0.124937588,1.1513714E-02));
#978 = CARTESIAN_POINT('',(-2.272549122,-0.124984965,1.3853005E-02));
#979 = CARTESIAN_POINT('',(-2.273667604,-0.12499457,1.6481483E-02));
#980 = CARTESIAN_POINT('',(-2.274314036,-0.124998118,1.9183844E-02));
#981 = CARTESIAN_POINT('',(-2.274768197,-0.12500061,2.1082434E-02));
#982 = CARTESIAN_POINT('',(-2.275,-0.125,2.3047844E-02));
#983 = CARTESIAN_POINT('',(-2.275,-0.125,2.5E-02));
#984 = ORIENTED_EDGE('',*,*,#985,.F.);
#985 = EDGE_CURVE('',#835,#963,#986,.T.);
#986 = LINE('',#987,#988);
#987 = CARTESIAN_POINT('',(-2.25,0.,0.));
#988 = VECTOR('',#989,1.);
#989 = DIRECTION('',(0.,1.,0.));
#990 = ORIENTED_EDGE('',*,*,#891,.T.);
#991 = ORIENTED_EDGE('',*,*,#992,.F.);
#992 = EDGE_CURVE('',#965,#884,#993,.T.);
#993 = LINE('',#994,#995);
#994 = CARTESIAN_POINT('',(-2.275,0.,2.5E-02));
#995 = VECTOR('',#996,1.);
#996 = DIRECTION('',(0.,-1.,0.));
#997 = CYLINDRICAL_SURFACE('',#998,2.5E-02);
#998 = AXIS2_PLACEMENT_3D('',#999,#1000,#1001);
#999 = CARTESIAN_POINT('',(-2.25,0.,2.5E-02));
#1000 = DIRECTION('',(0.,-1.,0.));
#1001 = DIRECTION('',(0.,0.,-1.));
#1002 = ADVANCED_FACE('',(#1003),#1021,.F.);
#1003 = FACE_BOUND('',#1004,.T.);
#1004 = EDGE_LOOP('',(#1005,#1013,#1014,#1015));
#1005 = ORIENTED_EDGE('',*,*,#1006,.T.);
#1006 = EDGE_CURVE('',#1007,#751,#1009,.T.);
#1007 = VERTEX_POINT('',#1008);
#1008 = CARTESIAN_POINT('',(-2.275,0.15,2.5E-02));
#1009 = LINE('',#1010,#1011);
#1010 = CARTESIAN_POINT('',(-2.275,0.,2.5E-02));
#1011 = VECTOR('',#1012,1.);
#1012 = DIRECTION('',(0.,-1.,0.));
#1013 = ORIENTED_EDGE('',*,*,#773,.T.);
#1014 = ORIENTED_EDGE('',*,*,#948,.T.);
#1015 = ORIENTED_EDGE('',*,*,#1016,.F.);
#1016 = EDGE_CURVE('',#1007,#928,#1017,.T.);
#1017 = LINE('',#1018,#1019);
#1018 = CARTESIAN_POINT('',(-2.275,0.15,0.));
#1019 = VECTOR('',#1020,1.);
#1020 = DIRECTION('',(0.,0.,1.));
#1021 = PLANE('',#1022);
#1022 = AXIS2_PLACEMENT_3D('',#1023,#1024,#1025);
#1023 = CARTESIAN_POINT('',(-2.275,0.,0.85));
#1024 = DIRECTION('',(1.,0.,0.));
#1025 = DIRECTION('',(0.,0.,-1.));
#1026 = ADVANCED_FACE('',(#1027),#1065,.T.);
#1027 = FACE_BOUND('',#1028,.T.);
#1028 = EDGE_LOOP('',(#1029,#1052,#1058,#1059));
#1029 = ORIENTED_EDGE('',*,*,#1030,.F.);
#1030 = EDGE_CURVE('',#1031,#1033,#1035,.T.);
#1031 = VERTEX_POINT('',#1032);
#1032 = CARTESIAN_POINT('',(-2.275,-0.125,0.825));
#1033 = VERTEX_POINT('',#1034);
#1034 = CARTESIAN_POINT('',(-2.25,-0.122474487,0.85));
#1035 = B_SPLINE_CURVE_WITH_KNOTS('',3,(#1036,#1037,#1038,#1039,#1040,
    #1041,#1042,#1043,#1044,#1045,#1046,#1047,#1048,#1049,#1050,#1051),
  .UNSPECIFIED.,.F.,.F.,(4,3,3,3,3,4),(0.,8.391288793E-06,
    1.678328423E-05,2.516102337E-05,3.34794602E-05,3.921462377E-05),
  .UNSPECIFIED.);
#1036 = CARTESIAN_POINT('',(-2.275,-0.125,0.825));
#1037 = CARTESIAN_POINT('',(-2.275,-0.125,0.827797096));
#1038 = CARTESIAN_POINT('',(-2.274517254,-0.125002495,0.830632754));
#1039 = CARTESIAN_POINT('',(-2.273591727,-0.124992067,0.833272269));
#1040 = CARTESIAN_POINT('',(-2.272666159,-0.124981639,0.835911899));
#1041 = CARTESIAN_POINT('',(-2.271271987,-0.12495662,0.838428371));
#1042 = CARTESIAN_POINT('',(-2.269525804,-0.124880075,0.84061227));
#1043 = CARTESIAN_POINT('',(-2.267782742,-0.124803667,0.842792267));
#1044 = CARTESIAN_POINT('',(-2.265640098,-0.124671577,0.84470113));
#1045 = CARTESIAN_POINT('',(-2.263282033,-0.124449545,0.846179887));
#1046 = CARTESIAN_POINT('',(-2.260940235,-0.124229045,0.847648442));
#1047 = CARTESIAN_POINT('',(-2.258321932,-0.123911853,0.848733093));
#1048 = CARTESIAN_POINT('',(-2.255651681,-0.123493492,0.849352792));
#1049 = CARTESIAN_POINT('',(-2.253796644,-0.123202854,0.849783301));
#1050 = CARTESIAN_POINT('',(-2.251887467,-0.122859765,0.85));
#1051 = CARTESIAN_POINT('',(-2.25,-0.122474487,0.85));
#1052 = ORIENTED_EDGE('',*,*,#1053,.F.);
#1053 = EDGE_CURVE('',#863,#1031,#1054,.T.);
#1054 = LINE('',#1055,#1056);
#1055 = CARTESIAN_POINT('',(-2.275,1.62,0.825));
#1056 = VECTOR('',#1057,1.);
#1057 = DIRECTION('',(0.,1.,0.));
#1058 = ORIENTED_EDGE('',*,*,#862,.T.);
#1059 = ORIENTED_EDGE('',*,*,#1060,.F.);
#1060 = EDGE_CURVE('',#1033,#854,#1061,.T.);
#1061 = LINE('',#1062,#1063);
#1062 = CARTESIAN_POINT('',(-2.25,-1.62,0.85));
#1063 = VECTOR('',#1064,1.);
#1064 = DIRECTION('',(0.,-1.,0.));
#1065 = CYLINDRICAL_SURFACE('',#1066,2.5E-02);
#1066 = AXIS2_PLACEMENT_3D('',#1067,#1068,#1069);
#1067 = CARTESIAN_POINT('',(-2.25,0.,0.825));
#1068 = DIRECTION('',(0.,1.,0.));
#1069 = DIRECTION('',(0.,0.,1.));
#1070 = ADVANCED_FACE('',(#1071),#1091,.T.);
#1071 = FACE_BOUND('',#1072,.T.);
#1072 = EDGE_LOOP('',(#1073,#1080,#1081,#1082,#1089,#1090));
#1073 = ORIENTED_EDGE('',*,*,#1074,.F.);
#1074 = EDGE_CURVE('',#1033,#803,#1075,.T.);
#1075 = CIRCLE('',#1076,0.125);
#1076 = AXIS2_PLACEMENT_3D('',#1077,#1078,#1079);
#1077 = CARTESIAN_POINT('',(-2.275,-4.33680869E-16,0.85));
#1078 = DIRECTION('',(0.,0.,1.));
#1079 = DIRECTION('',(1.,0.,0.));
#1080 = ORIENTED_EDGE('',*,*,#1060,.T.);
#1081 = ORIENTED_EDGE('',*,*,#853,.T.);
#1082 = ORIENTED_EDGE('',*,*,#1083,.T.);
#1083 = EDGE_CURVE('',#846,#920,#1084,.T.);
#1084 = CIRCLE('',#1085,0.15);
#1085 = AXIS2_PLACEMENT_3D('',#1086,#1087,#1088);
#1086 = CARTESIAN_POINT('',(-2.275,-4.33680869E-16,0.85));
#1087 = DIRECTION('',(0.,0.,1.));
#1088 = DIRECTION('',(1.,0.,0.));
#1089 = ORIENTED_EDGE('',*,*,#919,.T.);
#1090 = ORIENTED_EDGE('',*,*,#802,.F.);
#1091 = PLANE('',#1092);
#1092 = AXIS2_PLACEMENT_3D('',#1093,#1094,#1095);
#1093 = CARTESIAN_POINT('',(0.,0.,0.85));
#1094 = DIRECTION('',(0.,0.,1.));
#1095 = DIRECTION('',(1.,0.,0.));
#1096 = ADVANCED_FACE('',(#1097),#1128,.T.);
#1097 = FACE_BOUND('',#1098,.T.);
#1098 = EDGE_LOOP('',(#1099,#1100,#1101,#1122));
#1099 = ORIENTED_EDGE('',*,*,#750,.F.);
#1100 = ORIENTED_EDGE('',*,*,#1006,.F.);
#1101 = ORIENTED_EDGE('',*,*,#1102,.T.);
#1102 = EDGE_CURVE('',#1007,#1103,#1105,.T.);
#1103 = VERTEX_POINT('',#1104);
#1104 = CARTESIAN_POINT('',(-2.25,0.147901995,0.));
#1105 = B_SPLINE_CURVE_WITH_KNOTS('',3,(#1106,#1107,#1108,#1109,#1110,
    #1111,#1112,#1113,#1114,#1115,#1116,#1117,#1118,#1119,#1120,#1121),
  .UNSPECIFIED.,.F.,.F.,(4,3,3,3,3,4),(3.388131789E-21,8.392204042E-06,
    1.678489898E-05,2.516768206E-05,3.350910827E-05,3.916485618E-05),
  .UNSPECIFIED.);
#1106 = CARTESIAN_POINT('',(-2.275,0.15,2.5E-02));
#1107 = CARTESIAN_POINT('',(-2.275,0.15,2.2202599E-02));
#1108 = CARTESIAN_POINT('',(-2.274517147,0.15000208,1.9366628E-02));
#1109 = CARTESIAN_POINT('',(-2.273591419,0.149993386,1.6726854E-02));
#1110 = CARTESIAN_POINT('',(-2.272665663,0.149984692,1.4087E-02));
#1111 = CARTESIAN_POINT('',(-2.271271293,0.149963835,1.1570407E-02));
#1112 = CARTESIAN_POINT('',(-2.26952457,0.149900032,9.386187E-03));
#1113 = CARTESIAN_POINT('',(-2.267780018,0.149836309,7.20468E-03));
#1114 = CARTESIAN_POINT('',(-2.265635347,0.149726147,5.294466E-03));
#1115 = CARTESIAN_POINT('',(-2.263272842,0.149540877,3.814352E-03));
#1116 = CARTESIAN_POINT('',(-2.260921694,0.149356497,2.341355E-03));
#1117 = CARTESIAN_POINT('',(-2.258290338,0.149091035,1.253863E-03));
#1118 = CARTESIAN_POINT('',(-2.255602097,0.14874045,6.357533645E-04));
#1119 = CARTESIAN_POINT('',(-2.253765172,0.148500888,2.133873509E-04));
#1120 = CARTESIAN_POINT('',(-2.251873445,0.148218665,-7.072176241E-14));
#1121 = CARTESIAN_POINT('',(-2.25,0.147901995,0.));
#1122 = ORIENTED_EDGE('',*,*,#1123,.F.);
#1123 = EDGE_CURVE('',#753,#1103,#1124,.T.);
#1124 = LINE('',#1125,#1126);
#1125 = CARTESIAN_POINT('',(-2.25,0.,0.));
#1126 = VECTOR('',#1127,1.);
#1127 = DIRECTION('',(0.,1.,0.));
#1128 = CYLINDRICAL_SURFACE('',#1129,2.5E-02);
#1129 = AXIS2_PLACEMENT_3D('',#1130,#1131,#1132);
#1130 = CARTESIAN_POINT('',(-2.25,0.,2.5E-02));
#1131 = DIRECTION('',(0.,-1.,0.));
#1132 = DIRECTION('',(0.,0.,-1.));
#1133 = ADVANCED_FACE('',(#1134),#1154,.F.);
#1134 = FACE_BOUND('',#1135,.T.);
#1135 = EDGE_LOOP('',(#1136,#1137,#1144,#1145,#1146,#1153));
#1136 = ORIENTED_EDGE('',*,*,#985,.T.);
#1137 = ORIENTED_EDGE('',*,*,#1138,.T.);
#1138 = EDGE_CURVE('',#963,#812,#1139,.T.);
#1139 = CIRCLE('',#1140,0.125);
#1140 = AXIS2_PLACEMENT_3D('',#1141,#1142,#1143);
#1141 = CARTESIAN_POINT('',(-2.275,-4.33680869E-16,0.));
#1142 = DIRECTION('',(0.,0.,1.));
#1143 = DIRECTION('',(1.,0.,0.));
#1144 = ORIENTED_EDGE('',*,*,#819,.T.);
#1145 = ORIENTED_EDGE('',*,*,#1123,.T.);
#1146 = ORIENTED_EDGE('',*,*,#1147,.F.);
#1147 = EDGE_CURVE('',#837,#1103,#1148,.T.);
#1148 = CIRCLE('',#1149,0.15);
#1149 = AXIS2_PLACEMENT_3D('',#1150,#1151,#1152);
#1150 = CARTESIAN_POINT('',(-2.275,-4.33680869E-16,0.));
#1151 = DIRECTION('',(0.,0.,1.));
#1152 = DIRECTION('',(1.,0.,0.));
#1153 = ORIENTED_EDGE('',*,*,#834,.F.);
#1154 = PLANE('',#1155);
#1155 = AXIS2_PLACEMENT_3D('',#1156,#1157,#1158);
#1156 = CARTESIAN_POINT('',(0.,0.,0.));
#1157 = DIRECTION('',(0.,0.,1.));
#1158 = DIRECTION('',(1.,0.,0.));
#1159 = ADVANCED_FACE('',(#1160),#1171,.F.);
#1160 = FACE_BOUND('',#1161,.T.);
#1161 = EDGE_LOOP('',(#1162,#1163,#1169,#1170));
#1162 = ORIENTED_EDGE('',*,*,#1053,.T.);
#1163 = ORIENTED_EDGE('',*,*,#1164,.T.);
#1164 = EDGE_CURVE('',#1031,#965,#1165,.T.);
#1165 = LINE('',#1166,#1167);
#1166 = CARTESIAN_POINT('',(-2.275,-0.125,0.));
#1167 = VECTOR('',#1168,1.);
#1168 = DIRECTION('',(0.,0.,-1.));
#1169 = ORIENTED_EDGE('',*,*,#992,.T.);
#1170 = ORIENTED_EDGE('',*,*,#883,.T.);
#1171 = PLANE('',#1172);
#1172 = AXIS2_PLACEMENT_3D('',#1173,#1174,#1175);
#1173 = CARTESIAN_POINT('',(-2.275,0.,0.85));
#1174 = DIRECTION('',(1.,0.,0.));
#1175 = DIRECTION('',(0.,0.,-1.));
#1176 = ADVANCED_FACE('',(#1177),#1185,.T.);
#1177 = FACE_BOUND('',#1178,.T.);
#1178 = EDGE_LOOP('',(#1179,#1180,#1181,#1182,#1183,#1184));
#1179 = ORIENTED_EDGE('',*,*,#845,.F.);
#1180 = ORIENTED_EDGE('',*,*,#1147,.T.);
#1181 = ORIENTED_EDGE('',*,*,#1102,.F.);
#1182 = ORIENTED_EDGE('',*,*,#1016,.T.);
#1183 = ORIENTED_EDGE('',*,*,#927,.F.);
#1184 = ORIENTED_EDGE('',*,*,#1083,.F.);
#1185 = CYLINDRICAL_SURFACE('',#1186,0.15);
#1186 = AXIS2_PLACEMENT_3D('',#1187,#1188,#1189);
#1187 = CARTESIAN_POINT('',(-2.275,-4.33680869E-16,0.));
#1188 = DIRECTION('',(0.,0.,1.));
#1189 = DIRECTION('',(1.,0.,0.));
#1190 = ADVANCED_FACE('',(#1191),#1199,.F.);
#1191 = FACE_BOUND('',#1192,.F.);
#1192 = EDGE_LOOP('',(#1193,#1194,#1195,#1196,#1197,#1198));
#1193 = ORIENTED_EDGE('',*,*,#1074,.F.);
#1194 = ORIENTED_EDGE('',*,*,#1030,.F.);
#1195 = ORIENTED_EDGE('',*,*,#1164,.T.);
#1196 = ORIENTED_EDGE('',*,*,#962,.F.);
#1197 = ORIENTED_EDGE('',*,*,#1138,.T.);
#1198 = ORIENTED_EDGE('',*,*,#811,.T.);
#1199 = CYLINDRICAL_SURFACE('',#1200,0.125);
#1200 = AXIS2_PLACEMENT_3D('',#1201,#1202,#1203);
#1201 = CARTESIAN_POINT('',(-2.275,-4.33680869E-16,0.));
#1202 = DIRECTION('',(0.,0.,1.));
#1203 = DIRECTION('',(1.,0.,0.));
#1204 = MANIFOLD_SOLID_BREP('',#1205);
#1205 = CLOSED_SHELL('',(#1206,#1246,#1286,#1343,#1400,#1422,#1439,#1456
    ,#1468,#1480));
#1206 = ADVANCED_FACE('',(#1207),#1241,.T.);
#1207 = FACE_BOUND('',#1208,.T.);
#1208 = EDGE_LOOP('',(#1209,#1219,#1227,#1235));
#1209 = ORIENTED_EDGE('',*,*,#1210,.T.);
#1210 = EDGE_CURVE('',#1211,#1213,#1215,.T.);
#1211 = VERTEX_POINT('',#1212);
#1212 = CARTESIAN_POINT('',(2.275,1.595,0.825));
#1213 = VERTEX_POINT('',#1214);
#1214 = CARTESIAN_POINT('',(2.275,0.15,0.825));
#1215 = LINE('',#1216,#1217);
#1216 = CARTESIAN_POINT('',(2.275,0.,0.825));
#1217 = VECTOR('',#1218,1.);
#1218 = DIRECTION('',(0.,-1.,0.));
#1219 = ORIENTED_EDGE('',*,*,#1220,.F.);
#1220 = EDGE_CURVE('',#1221,#1213,#1223,.T.);
#1221 = VERTEX_POINT('',#1222);
#1222 = CARTESIAN_POINT('',(2.275,0.15,2.5E-02));
#1223 = LINE('',#1224,#1225);
#1224 = CARTESIAN_POINT('',(2.275,0.15,2.49075E-02));
#1225 = VECTOR('',#1226,1.);
#1226 = DIRECTION('',(0.,0.,1.));
#1227 = ORIENTED_EDGE('',*,*,#1228,.T.);
#1228 = EDGE_CURVE('',#1221,#1229,#1231,.T.);
#1229 = VERTEX_POINT('',#1230);
#1230 = CARTESIAN_POINT('',(2.275,1.595,2.5E-02));
#1231 = LINE('',#1232,#1233);
#1232 = CARTESIAN_POINT('',(2.275,1.62,2.5E-02));
#1233 = VECTOR('',#1234,1.);
#1234 = DIRECTION('',(0.,1.,0.));
#1235 = ORIENTED_EDGE('',*,*,#1236,.T.);
#1236 = EDGE_CURVE('',#1229,#1211,#1237,.T.);
#1237 = LINE('',#1238,#1239);
#1238 = CARTESIAN_POINT('',(2.275,1.595,0.85));
#1239 = VECTOR('',#1240,1.);
#1240 = DIRECTION('',(0.,0.,1.));
#1241 = PLANE('',#1242);
#1242 = AXIS2_PLACEMENT_3D('',#1243,#1244,#1245);
#1243 = CARTESIAN_POINT('',(2.275,0.,0.85));
#1244 = DIRECTION('',(1.,0.,0.));
#1245 = DIRECTION('',(0.,0.,-1.));
#1246 = ADVANCED_FACE('',(#1247),#1281,.T.);
#1247 = FACE_BOUND('',#1248,.T.);
#1248 = EDGE_LOOP('',(#1249,#1259,#1267,#1275));
#1249 = ORIENTED_EDGE('',*,*,#1250,.T.);
#1250 = EDGE_CURVE('',#1251,#1253,#1255,.T.);
#1251 = VERTEX_POINT('',#1252);
#1252 = CARTESIAN_POINT('',(2.275,-1.595,2.5E-02));
#1253 = VERTEX_POINT('',#1254);
#1254 = CARTESIAN_POINT('',(2.275,-0.15,2.5E-02));
#1255 = LINE('',#1256,#1257);
#1256 = CARTESIAN_POINT('',(2.275,1.62,2.5E-02));
#1257 = VECTOR('',#1258,1.);
#1258 = DIRECTION('',(0.,1.,0.));
#1259 = ORIENTED_EDGE('',*,*,#1260,.T.);
#1260 = EDGE_CURVE('',#1253,#1261,#1263,.T.);
#1261 = VERTEX_POINT('',#1262);
#1262 = CARTESIAN_POINT('',(2.275,-0.15,0.825));
#1263 = LINE('',#1264,#1265);
#1264 = CARTESIAN_POINT('',(2.275,-0.15,2.49075E-02));
#1265 = VECTOR('',#1266,1.);
#1266 = DIRECTION('',(0.,0.,1.));
#1267 = ORIENTED_EDGE('',*,*,#1268,.T.);
#1268 = EDGE_CURVE('',#1261,#1269,#1271,.T.);
#1269 = VERTEX_POINT('',#1270);
#1270 = CARTESIAN_POINT('',(2.275,-1.595,0.825));
#1271 = LINE('',#1272,#1273);
#1272 = CARTESIAN_POINT('',(2.275,0.,0.825));
#1273 = VECTOR('',#1274,1.);
#1274 = DIRECTION('',(0.,-1.,0.));
#1275 = ORIENTED_EDGE('',*,*,#1276,.T.);
#1276 = EDGE_CURVE('',#1269,#1251,#1277,.T.);
#1277 = LINE('',#1278,#1279);
#1278 = CARTESIAN_POINT('',(2.275,-1.595,0.));
#1279 = VECTOR('',#1280,1.);
#1280 = DIRECTION('',(0.,0.,-1.));
#1281 = PLANE('',#1282);
#1282 = AXIS2_PLACEMENT_3D('',#1283,#1284,#1285);
#1283 = CARTESIAN_POINT('',(2.275,0.,0.85));
#1284 = DIRECTION('',(1.,0.,0.));
#1285 = DIRECTION('',(0.,0.,-1.));
#1286 = ADVANCED_FACE('',(#1287),#1338,.T.);
#1287 = FACE_BOUND('',#1288,.T.);
#1288 = EDGE_LOOP('',(#1289,#1290,#1297,#1298,#1307,#1315,#1323,#1331));
#1289 = ORIENTED_EDGE('',*,*,#1228,.F.);
#1290 = ORIENTED_EDGE('',*,*,#1291,.T.);
#1291 = EDGE_CURVE('',#1221,#1253,#1292,.T.);
#1292 = CIRCLE('',#1293,0.15);
#1293 = AXIS2_PLACEMENT_3D('',#1294,#1295,#1296);
#1294 = CARTESIAN_POINT('',(2.275,-4.33680869E-16,2.5E-02));
#1295 = DIRECTION('',(0.,0.,1.));
#1296 = DIRECTION('',(-1.,0.,0.));
#1297 = ORIENTED_EDGE('',*,*,#1250,.F.);
#1298 = ORIENTED_EDGE('',*,*,#1299,.T.);
#1299 = EDGE_CURVE('',#1251,#1300,#1302,.T.);
#1300 = VERTEX_POINT('',#1301);
#1301 = CARTESIAN_POINT('',(2.25,-1.62,2.5E-02));
#1302 = CIRCLE('',#1303,2.5E-02);
#1303 = AXIS2_PLACEMENT_3D('',#1304,#1305,#1306);
#1304 = CARTESIAN_POINT('',(2.25,-1.595,2.5E-02));
#1305 = DIRECTION('',(0.,1.76182853E-15,-1.));
#1306 = DIRECTION('',(0.,1.,1.76182853E-15));
#1307 = ORIENTED_EDGE('',*,*,#1308,.F.);
#1308 = EDGE_CURVE('',#1309,#1300,#1311,.T.);
#1309 = VERTEX_POINT('',#1310);
#1310 = CARTESIAN_POINT('',(1.975,-1.62,2.5E-02));
#1311 = LINE('',#1312,#1313);
#1312 = CARTESIAN_POINT('',(-7.720472613E-17,-1.62,2.5E-02));
#1313 = VECTOR('',#1314,1.);
#1314 = DIRECTION('',(1.,-4.765723835E-17,0.));
#1315 = ORIENTED_EDGE('',*,*,#1316,.F.);
#1316 = EDGE_CURVE('',#1317,#1309,#1319,.T.);
#1317 = VERTEX_POINT('',#1318);
#1318 = CARTESIAN_POINT('',(1.975,1.62,2.5E-02));
#1319 = LINE('',#1320,#1321);
#1320 = CARTESIAN_POINT('',(1.975,0.,2.5E-02));
#1321 = VECTOR('',#1322,1.);
#1322 = DIRECTION('',(0.,-1.,0.));
#1323 = ORIENTED_EDGE('',*,*,#1324,.F.);
#1324 = EDGE_CURVE('',#1325,#1317,#1327,.T.);
#1325 = VERTEX_POINT('',#1326);
#1326 = CARTESIAN_POINT('',(2.25,1.62,2.5E-02));
#1327 = LINE('',#1328,#1329);
#1328 = CARTESIAN_POINT('',(-2.275,1.62,2.5E-02));
#1329 = VECTOR('',#1330,1.);
#1330 = DIRECTION('',(-1.,-1.429717151E-16,0.));
#1331 = ORIENTED_EDGE('',*,*,#1332,.T.);
#1332 = EDGE_CURVE('',#1325,#1229,#1333,.T.);
#1333 = CIRCLE('',#1334,2.5E-02);
#1334 = AXIS2_PLACEMENT_3D('',#1335,#1336,#1337);
#1335 = CARTESIAN_POINT('',(2.25,1.595,2.5E-02));
#1336 = DIRECTION('',(0.,0.,-1.));
#1337 = DIRECTION('',(-1.,0.,0.));
#1338 = PLANE('',#1339);
#1339 = AXIS2_PLACEMENT_3D('',#1340,#1341,#1342);
#1340 = CARTESIAN_POINT('',(2.275,1.760073349,2.5E-02));
#1341 = DIRECTION('',(0.,0.,-1.));
#1342 = DIRECTION('',(-1.,0.,0.));
#1343 = ADVANCED_FACE('',(#1344),#1395,.T.);
#1344 = FACE_BOUND('',#1345,.T.);
#1345 = EDGE_LOOP('',(#1346,#1347,#1354,#1355,#1364,#1372,#1380,#1388));
#1346 = ORIENTED_EDGE('',*,*,#1268,.F.);
#1347 = ORIENTED_EDGE('',*,*,#1348,.T.);
#1348 = EDGE_CURVE('',#1261,#1213,#1349,.T.);
#1349 = CIRCLE('',#1350,0.15);
#1350 = AXIS2_PLACEMENT_3D('',#1351,#1352,#1353);
#1351 = CARTESIAN_POINT('',(2.275,-4.33680869E-16,0.825));
#1352 = DIRECTION('',(0.,0.,-1.));
#1353 = DIRECTION('',(1.,0.,0.));
#1354 = ORIENTED_EDGE('',*,*,#1210,.F.);
#1355 = ORIENTED_EDGE('',*,*,#1356,.T.);
#1356 = EDGE_CURVE('',#1211,#1357,#1359,.T.);
#1357 = VERTEX_POINT('',#1358);
#1358 = CARTESIAN_POINT('',(2.25,1.62,0.825));
#1359 = CIRCLE('',#1360,2.5E-02);
#1360 = AXIS2_PLACEMENT_3D('',#1361,#1362,#1363);
#1361 = CARTESIAN_POINT('',(2.25,1.595,0.825));
#1362 = DIRECTION('',(0.,0.,1.));
#1363 = DIRECTION('',(1.,0.,0.));
#1364 = ORIENTED_EDGE('',*,*,#1365,.F.);
#1365 = EDGE_CURVE('',#1366,#1357,#1368,.T.);
#1366 = VERTEX_POINT('',#1367);
#1367 = CARTESIAN_POINT('',(1.975,1.62,0.825));
#1368 = LINE('',#1369,#1370);
#1369 = CARTESIAN_POINT('',(-2.316141784E-16,1.62,0.825));
#1370 = VECTOR('',#1371,1.);
#1371 = DIRECTION('',(1.,1.429717151E-16,0.));
#1372 = ORIENTED_EDGE('',*,*,#1373,.F.);
#1373 = EDGE_CURVE('',#1374,#1366,#1376,.T.);
#1374 = VERTEX_POINT('',#1375);
#1375 = CARTESIAN_POINT('',(1.975,-1.62,0.825));
#1376 = LINE('',#1377,#1378);
#1377 = CARTESIAN_POINT('',(1.975,0.,0.825));
#1378 = VECTOR('',#1379,1.);
#1379 = DIRECTION('',(0.,1.,0.));
#1380 = ORIENTED_EDGE('',*,*,#1381,.F.);
#1381 = EDGE_CURVE('',#1382,#1374,#1384,.T.);
#1382 = VERTEX_POINT('',#1383);
#1383 = CARTESIAN_POINT('',(2.25,-1.62,0.825));
#1384 = LINE('',#1385,#1386);
#1385 = CARTESIAN_POINT('',(-2.275,-1.62,0.825));
#1386 = VECTOR('',#1387,1.);
#1387 = DIRECTION('',(-1.,4.765723835E-17,0.));
#1388 = ORIENTED_EDGE('',*,*,#1389,.T.);
#1389 = EDGE_CURVE('',#1382,#1269,#1390,.T.);
#1390 = CIRCLE('',#1391,2.5E-02);
#1391 = AXIS2_PLACEMENT_3D('',#1392,#1393,#1394);
#1392 = CARTESIAN_POINT('',(2.25,-1.595,0.825));
#1393 = DIRECTION('',(0.,0.,1.));
#1394 = DIRECTION('',(1.,0.,0.));
#1395 = PLANE('',#1396);
#1396 = AXIS2_PLACEMENT_3D('',#1397,#1398,#1399);
#1397 = CARTESIAN_POINT('',(2.275,-1.66529163,0.825));
#1398 = DIRECTION('',(0.,0.,1.));
#1399 = DIRECTION('',(1.,0.,0.));
#1400 = ADVANCED_FACE('',(#1401),#1417,.T.);
#1401 = FACE_BOUND('',#1402,.T.);
#1402 = EDGE_LOOP('',(#1403,#1409,#1410,#1416));
#1403 = ORIENTED_EDGE('',*,*,#1404,.T.);
#1404 = EDGE_CURVE('',#1309,#1374,#1405,.T.);
#1405 = LINE('',#1406,#1407);
#1406 = CARTESIAN_POINT('',(1.975,-1.62,0.));
#1407 = VECTOR('',#1408,1.);
#1408 = DIRECTION('',(0.,0.,1.));
#1409 = ORIENTED_EDGE('',*,*,#1373,.T.);
#1410 = ORIENTED_EDGE('',*,*,#1411,.F.);
#1411 = EDGE_CURVE('',#1317,#1366,#1412,.T.);
#1412 = LINE('',#1413,#1414);
#1413 = CARTESIAN_POINT('',(1.975,1.62,0.));
#1414 = VECTOR('',#1415,1.);
#1415 = DIRECTION('',(0.,0.,1.));
#1416 = ORIENTED_EDGE('',*,*,#1316,.T.);
#1417 = PLANE('',#1418);
#1418 = AXIS2_PLACEMENT_3D('',#1419,#1420,#1421);
#1419 = CARTESIAN_POINT('',(1.975,0.,0.));
#1420 = DIRECTION('',(-1.,0.,0.));
#1421 = DIRECTION('',(0.,0.,1.));
#1422 = ADVANCED_FACE('',(#1423),#1434,.F.);
#1423 = FACE_BOUND('',#1424,.T.);
#1424 = EDGE_LOOP('',(#1425,#1426,#1427,#1433));
#1425 = ORIENTED_EDGE('',*,*,#1404,.F.);
#1426 = ORIENTED_EDGE('',*,*,#1308,.T.);
#1427 = ORIENTED_EDGE('',*,*,#1428,.T.);
#1428 = EDGE_CURVE('',#1300,#1382,#1429,.T.);
#1429 = LINE('',#1430,#1431);
#1430 = CARTESIAN_POINT('',(2.25,-1.62,0.85));
#1431 = VECTOR('',#1432,1.);
#1432 = DIRECTION('',(0.,0.,1.));
#1433 = ORIENTED_EDGE('',*,*,#1381,.T.);
#1434 = PLANE('',#1435);
#1435 = AXIS2_PLACEMENT_3D('',#1436,#1437,#1438);
#1436 = CARTESIAN_POINT('',(-7.720472613E-17,-1.62,0.85));
#1437 = DIRECTION('',(4.765723835E-17,1.,0.));
#1438 = DIRECTION('',(-1.,4.765723835E-17,0.));
#1439 = ADVANCED_FACE('',(#1440),#1451,.T.);
#1440 = FACE_BOUND('',#1441,.T.);
#1441 = EDGE_LOOP('',(#1442,#1443,#1444,#1445));
#1442 = ORIENTED_EDGE('',*,*,#1324,.T.);
#1443 = ORIENTED_EDGE('',*,*,#1411,.T.);
#1444 = ORIENTED_EDGE('',*,*,#1365,.T.);
#1445 = ORIENTED_EDGE('',*,*,#1446,.T.);
#1446 = EDGE_CURVE('',#1357,#1325,#1447,.T.);
#1447 = LINE('',#1448,#1449);
#1448 = CARTESIAN_POINT('',(2.25,1.62,0.85));
#1449 = VECTOR('',#1450,1.);
#1450 = DIRECTION('',(0.,0.,-1.));
#1451 = PLANE('',#1452);
#1452 = AXIS2_PLACEMENT_3D('',#1453,#1454,#1455);
#1453 = CARTESIAN_POINT('',(-2.316141784E-16,1.62,0.85));
#1454 = DIRECTION('',(-1.429717151E-16,1.,0.));
#1455 = DIRECTION('',(-1.,-1.429717151E-16,0.));
#1456 = ADVANCED_FACE('',(#1457),#1463,.T.);
#1457 = FACE_BOUND('',#1458,.T.);
#1458 = EDGE_LOOP('',(#1459,#1460,#1461,#1462));
#1459 = ORIENTED_EDGE('',*,*,#1356,.F.);
#1460 = ORIENTED_EDGE('',*,*,#1236,.F.);
#1461 = ORIENTED_EDGE('',*,*,#1332,.F.);
#1462 = ORIENTED_EDGE('',*,*,#1446,.F.);
#1463 = CYLINDRICAL_SURFACE('',#1464,2.5E-02);
#1464 = AXIS2_PLACEMENT_3D('',#1465,#1466,#1467);
#1465 = CARTESIAN_POINT('',(2.25,1.595,0.85));
#1466 = DIRECTION('',(0.,0.,-1.));
#1467 = DIRECTION('',(-1.,0.,0.));
#1468 = ADVANCED_FACE('',(#1469),#1475,.T.);
#1469 = FACE_BOUND('',#1470,.T.);
#1470 = EDGE_LOOP('',(#1471,#1472,#1473,#1474));
#1471 = ORIENTED_EDGE('',*,*,#1299,.F.);
#1472 = ORIENTED_EDGE('',*,*,#1276,.F.);
#1473 = ORIENTED_EDGE('',*,*,#1389,.F.);
#1474 = ORIENTED_EDGE('',*,*,#1428,.F.);
#1475 = CYLINDRICAL_SURFACE('',#1476,2.5E-02);
#1476 = AXIS2_PLACEMENT_3D('',#1477,#1478,#1479);
#1477 = CARTESIAN_POINT('',(2.25,-1.595,0.85));
#1478 = DIRECTION('',(0.,0.,1.));
#1479 = DIRECTION('',(1.,0.,0.));
#1480 = ADVANCED_FACE('',(#1481),#1487,.F.);
#1481 = FACE_BOUND('',#1482,.F.);
#1482 = EDGE_LOOP('',(#1483,#1484,#1485,#1486));
#1483 = ORIENTED_EDGE('',*,*,#1291,.T.);
#1484 = ORIENTED_EDGE('',*,*,#1260,.T.);
#1485 = ORIENTED_EDGE('',*,*,#1348,.T.);
#1486 = ORIENTED_EDGE('',*,*,#1220,.F.);
#1487 = CYLINDRICAL_SURFACE('',#1488,0.15);
#1488 = AXIS2_PLACEMENT_3D('',#1489,#1490,#1491);
#1489 = CARTESIAN_POINT('',(2.275,-4.33680869E-16,2.49075E-02));
#1490 = DIRECTION('',(0.,0.,1.));
#1491 = DIRECTION('',(1.,0.,0.));
#1492 = MANIFOLD_SOLID_BREP('',#1493);
#1493 = CLOSED_SHELL('',(#1494,#1536,#1576,#1607,#1647,#1680,#1713,#1735
    ,#1757,#1780,#1803));
#1494 = ADVANCED_FACE('',(#1495),#1531,.F.);
#1495 = FACE_BOUND('',#1496,.F.);
#1496 = EDGE_LOOP('',(#1497,#1507,#1516,#1524));
#1497 = ORIENTED_EDGE('',*,*,#1498,.T.);
#1498 = EDGE_CURVE('',#1499,#1501,#1503,.T.);
#1499 = VERTEX_POINT('',#1500);
#1500 = CARTESIAN_POINT('',(-2.275,0.15,2.5E-02));
#1501 = VERTEX_POINT('',#1502);
#1502 = CARTESIAN_POINT('',(-2.275,0.15,0.825));
#1503 = LINE('',#1504,#1505);
#1504 = CARTESIAN_POINT('',(-2.275,0.15,2.49075E-02));
#1505 = VECTOR('',#1506,1.);
#1506 = DIRECTION('',(0.,0.,1.));
#1507 = ORIENTED_EDGE('',*,*,#1508,.F.);
#1508 = EDGE_CURVE('',#1509,#1501,#1511,.T.);
#1509 = VERTEX_POINT('',#1510);
#1510 = CARTESIAN_POINT('',(-2.125,-4.33680869E-16,0.825));
#1511 = CIRCLE('',#1512,0.15);
#1512 = AXIS2_PLACEMENT_3D('',#1513,#1514,#1515);
#1513 = CARTESIAN_POINT('',(-2.275,-4.33680869E-16,0.825));
#1514 = DIRECTION('',(0.,0.,1.));
#1515 = DIRECTION('',(1.,0.,0.));
#1516 = ORIENTED_EDGE('',*,*,#1517,.F.);
#1517 = EDGE_CURVE('',#1518,#1509,#1520,.T.);
#1518 = VERTEX_POINT('',#1519);
#1519 = CARTESIAN_POINT('',(-2.125,-4.33680869E-16,2.5E-02));
#1520 = LINE('',#1521,#1522);
#1521 = CARTESIAN_POINT('',(-2.125,-4.33680869E-16,2.49075E-02));
#1522 = VECTOR('',#1523,1.);
#1523 = DIRECTION('',(0.,0.,1.));
#1524 = ORIENTED_EDGE('',*,*,#1525,.F.);
#1525 = EDGE_CURVE('',#1499,#1518,#1526,.T.);
#1526 = CIRCLE('',#1527,0.15);
#1527 = AXIS2_PLACEMENT_3D('',#1528,#1529,#1530);
#1528 = CARTESIAN_POINT('',(-2.275,-4.33680869E-16,2.5E-02));
#1529 = DIRECTION('',(0.,0.,-1.));
#1530 = DIRECTION('',(-1.,0.,0.));
#1531 = CYLINDRICAL_SURFACE('',#1532,0.15);
#1532 = AXIS2_PLACEMENT_3D('',#1533,#1534,#1535);
#1533 = CARTESIAN_POINT('',(-2.275,-4.33680869E-16,2.49075E-02));
#1534 = DIRECTION('',(0.,0.,1.));
#1535 = DIRECTION('',(1.,0.,0.));
#1536 = ADVANCED_FACE('',(#1537),#1571,.F.);
#1537 = FACE_BOUND('',#1538,.T.);
#1538 = EDGE_LOOP('',(#1539,#1549,#1557,#1565));
#1539 = ORIENTED_EDGE('',*,*,#1540,.F.);
#1540 = EDGE_CURVE('',#1541,#1543,#1545,.T.);
#1541 = VERTEX_POINT('',#1542);
#1542 = CARTESIAN_POINT('',(-1.975,-1.62,0.825));
#1543 = VERTEX_POINT('',#1544);
#1544 = CARTESIAN_POINT('',(-1.975,1.62,0.825));
#1545 = LINE('',#1546,#1547);
#1546 = CARTESIAN_POINT('',(-1.975,0.,0.825));
#1547 = VECTOR('',#1548,1.);
#1548 = DIRECTION('',(0.,1.,0.));
#1549 = ORIENTED_EDGE('',*,*,#1550,.F.);
#1550 = EDGE_CURVE('',#1551,#1541,#1553,.T.);
#1551 = VERTEX_POINT('',#1552);
#1552 = CARTESIAN_POINT('',(-1.975,-1.62,2.5E-02));
#1553 = LINE('',#1554,#1555);
#1554 = CARTESIAN_POINT('',(-1.975,-1.62,0.));
#1555 = VECTOR('',#1556,1.);
#1556 = DIRECTION('',(0.,0.,1.));
#1557 = ORIENTED_EDGE('',*,*,#1558,.F.);
#1558 = EDGE_CURVE('',#1559,#1551,#1561,.T.);
#1559 = VERTEX_POINT('',#1560);
#1560 = CARTESIAN_POINT('',(-1.975,1.62,2.5E-02));
#1561 = LINE('',#1562,#1563);
#1562 = CARTESIAN_POINT('',(-1.975,0.,2.5E-02));
#1563 = VECTOR('',#1564,1.);
#1564 = DIRECTION('',(0.,-1.,0.));
#1565 = ORIENTED_EDGE('',*,*,#1566,.T.);
#1566 = EDGE_CURVE('',#1559,#1543,#1567,.T.);
#1567 = LINE('',#1568,#1569);
#1568 = CARTESIAN_POINT('',(-1.975,1.62,0.));
#1569 = VECTOR('',#1570,1.);
#1570 = DIRECTION('',(0.,0.,1.));
#1571 = PLANE('',#1572);
#1572 = AXIS2_PLACEMENT_3D('',#1573,#1574,#1575);
#1573 = CARTESIAN_POINT('',(-1.975,0.,0.));
#1574 = DIRECTION('',(-1.,0.,0.));
#1575 = DIRECTION('',(0.,0.,1.));
#1576 = ADVANCED_FACE('',(#1577),#1602,.F.);
#1577 = FACE_BOUND('',#1578,.T.);
#1578 = EDGE_LOOP('',(#1579,#1587,#1588,#1596));
#1579 = ORIENTED_EDGE('',*,*,#1580,.T.);
#1580 = EDGE_CURVE('',#1581,#1499,#1583,.T.);
#1581 = VERTEX_POINT('',#1582);
#1582 = CARTESIAN_POINT('',(-2.275,1.595,2.5E-02));
#1583 = LINE('',#1584,#1585);
#1584 = CARTESIAN_POINT('',(-2.275,0.,2.5E-02));
#1585 = VECTOR('',#1586,1.);
#1586 = DIRECTION('',(0.,-1.,0.));
#1587 = ORIENTED_EDGE('',*,*,#1498,.T.);
#1588 = ORIENTED_EDGE('',*,*,#1589,.T.);
#1589 = EDGE_CURVE('',#1501,#1590,#1592,.T.);
#1590 = VERTEX_POINT('',#1591);
#1591 = CARTESIAN_POINT('',(-2.275,1.595,0.825));
#1592 = LINE('',#1593,#1594);
#1593 = CARTESIAN_POINT('',(-2.275,1.62,0.825));
#1594 = VECTOR('',#1595,1.);
#1595 = DIRECTION('',(0.,1.,0.));
#1596 = ORIENTED_EDGE('',*,*,#1597,.T.);
#1597 = EDGE_CURVE('',#1590,#1581,#1598,.T.);
#1598 = LINE('',#1599,#1600);
#1599 = CARTESIAN_POINT('',(-2.275,1.595,0.));
#1600 = VECTOR('',#1601,1.);
#1601 = DIRECTION('',(0.,0.,-1.));
#1602 = PLANE('',#1603);
#1603 = AXIS2_PLACEMENT_3D('',#1604,#1605,#1606);
#1604 = CARTESIAN_POINT('',(-2.275,0.,0.85));
#1605 = DIRECTION('',(1.,0.,0.));
#1606 = DIRECTION('',(0.,0.,-1.));
#1607 = ADVANCED_FACE('',(#1608),#1642,.F.);
#1608 = FACE_BOUND('',#1609,.T.);
#1609 = EDGE_LOOP('',(#1610,#1620,#1628,#1636));
#1610 = ORIENTED_EDGE('',*,*,#1611,.T.);
#1611 = EDGE_CURVE('',#1612,#1614,#1616,.T.);
#1612 = VERTEX_POINT('',#1613);
#1613 = CARTESIAN_POINT('',(-2.275,-1.595,0.825));
#1614 = VERTEX_POINT('',#1615);
#1615 = CARTESIAN_POINT('',(-2.275,-0.15,0.825));
#1616 = LINE('',#1617,#1618);
#1617 = CARTESIAN_POINT('',(-2.275,1.62,0.825));
#1618 = VECTOR('',#1619,1.);
#1619 = DIRECTION('',(0.,1.,0.));
#1620 = ORIENTED_EDGE('',*,*,#1621,.F.);
#1621 = EDGE_CURVE('',#1622,#1614,#1624,.T.);
#1622 = VERTEX_POINT('',#1623);
#1623 = CARTESIAN_POINT('',(-2.275,-0.15,2.5E-02));
#1624 = LINE('',#1625,#1626);
#1625 = CARTESIAN_POINT('',(-2.275,-0.15,2.49075E-02));
#1626 = VECTOR('',#1627,1.);
#1627 = DIRECTION('',(0.,0.,1.));
#1628 = ORIENTED_EDGE('',*,*,#1629,.T.);
#1629 = EDGE_CURVE('',#1622,#1630,#1632,.T.);
#1630 = VERTEX_POINT('',#1631);
#1631 = CARTESIAN_POINT('',(-2.275,-1.595,2.5E-02));
#1632 = LINE('',#1633,#1634);
#1633 = CARTESIAN_POINT('',(-2.275,0.,2.5E-02));
#1634 = VECTOR('',#1635,1.);
#1635 = DIRECTION('',(0.,-1.,0.));
#1636 = ORIENTED_EDGE('',*,*,#1637,.T.);
#1637 = EDGE_CURVE('',#1630,#1612,#1638,.T.);
#1638 = LINE('',#1639,#1640);
#1639 = CARTESIAN_POINT('',(-2.275,-1.595,0.85));
#1640 = VECTOR('',#1641,1.);
#1641 = DIRECTION('',(0.,0.,1.));
#1642 = PLANE('',#1643);
#1643 = AXIS2_PLACEMENT_3D('',#1644,#1645,#1646);
#1644 = CARTESIAN_POINT('',(-2.275,0.,0.85));
#1645 = DIRECTION('',(1.,0.,0.));
#1646 = DIRECTION('',(0.,0.,-1.));
#1647 = ADVANCED_FACE('',(#1648),#1675,.T.);
#1648 = FACE_BOUND('',#1649,.T.);
#1649 = EDGE_LOOP('',(#1650,#1659,#1660,#1669));
#1650 = ORIENTED_EDGE('',*,*,#1651,.T.);
#1651 = EDGE_CURVE('',#1652,#1612,#1654,.T.);
#1652 = VERTEX_POINT('',#1653);
#1653 = CARTESIAN_POINT('',(-2.25,-1.62,0.825));
#1654 = CIRCLE('',#1655,2.5E-02);
#1655 = AXIS2_PLACEMENT_3D('',#1656,#1657,#1658);
#1656 = CARTESIAN_POINT('',(-2.25,-1.595,0.825));
#1657 = DIRECTION('',(0.,0.,-1.));
#1658 = DIRECTION('',(1.,0.,0.));
#1659 = ORIENTED_EDGE('',*,*,#1637,.F.);
#1660 = ORIENTED_EDGE('',*,*,#1661,.T.);
#1661 = EDGE_CURVE('',#1630,#1662,#1664,.T.);
#1662 = VERTEX_POINT('',#1663);
#1663 = CARTESIAN_POINT('',(-2.25,-1.62,2.5E-02));
#1664 = CIRCLE('',#1665,2.5E-02);
#1665 = AXIS2_PLACEMENT_3D('',#1666,#1667,#1668);
#1666 = CARTESIAN_POINT('',(-2.25,-1.595,2.5E-02));
#1667 = DIRECTION('',(0.,0.,1.));
#1668 = DIRECTION('',(-1.,0.,0.));
#1669 = ORIENTED_EDGE('',*,*,#1670,.F.);
#1670 = EDGE_CURVE('',#1652,#1662,#1671,.T.);
#1671 = LINE('',#1672,#1673);
#1672 = CARTESIAN_POINT('',(-2.25,-1.62,0.85));
#1673 = VECTOR('',#1674,1.);
#1674 = DIRECTION('',(0.,0.,-1.));
#1675 = CYLINDRICAL_SURFACE('',#1676,2.5E-02);
#1676 = AXIS2_PLACEMENT_3D('',#1677,#1678,#1679);
#1677 = CARTESIAN_POINT('',(-2.25,-1.595,0.85));
#1678 = DIRECTION('',(0.,0.,-1.));
#1679 = DIRECTION('',(-1.,0.,0.));
#1680 = ADVANCED_FACE('',(#1681),#1708,.T.);
#1681 = FACE_BOUND('',#1682,.T.);
#1682 = EDGE_LOOP('',(#1683,#1692,#1700,#1707));
#1683 = ORIENTED_EDGE('',*,*,#1684,.F.);
#1684 = EDGE_CURVE('',#1685,#1590,#1687,.T.);
#1685 = VERTEX_POINT('',#1686);
#1686 = CARTESIAN_POINT('',(-2.25,1.62,0.825));
#1687 = CIRCLE('',#1688,2.5E-02);
#1688 = AXIS2_PLACEMENT_3D('',#1689,#1690,#1691);
#1689 = CARTESIAN_POINT('',(-2.25,1.595,0.825));
#1690 = DIRECTION('',(0.,0.,1.));
#1691 = DIRECTION('',(1.,0.,0.));
#1692 = ORIENTED_EDGE('',*,*,#1693,.F.);
#1693 = EDGE_CURVE('',#1694,#1685,#1696,.T.);
#1694 = VERTEX_POINT('',#1695);
#1695 = CARTESIAN_POINT('',(-2.25,1.62,2.5E-02));
#1696 = LINE('',#1697,#1698);
#1697 = CARTESIAN_POINT('',(-2.25,1.62,0.85));
#1698 = VECTOR('',#1699,1.);
#1699 = DIRECTION('',(0.,0.,1.));
#1700 = ORIENTED_EDGE('',*,*,#1701,.F.);
#1701 = EDGE_CURVE('',#1581,#1694,#1702,.T.);
#1702 = CIRCLE('',#1703,2.5E-02);
#1703 = AXIS2_PLACEMENT_3D('',#1704,#1705,#1706);
#1704 = CARTESIAN_POINT('',(-2.25,1.595,2.5E-02));
#1705 = DIRECTION('',(0.,1.76182853E-15,-1.));
#1706 = DIRECTION('',(0.,1.,1.76182853E-15));
#1707 = ORIENTED_EDGE('',*,*,#1597,.F.);
#1708 = CYLINDRICAL_SURFACE('',#1709,2.5E-02);
#1709 = AXIS2_PLACEMENT_3D('',#1710,#1711,#1712);
#1710 = CARTESIAN_POINT('',(-2.25,1.595,0.85));
#1711 = DIRECTION('',(0.,0.,1.));
#1712 = DIRECTION('',(1.,0.,0.));
#1713 = ADVANCED_FACE('',(#1714),#1730,.T.);
#1714 = FACE_BOUND('',#1715,.T.);
#1715 = EDGE_LOOP('',(#1716,#1717,#1723,#1724));
#1716 = ORIENTED_EDGE('',*,*,#1566,.F.);
#1717 = ORIENTED_EDGE('',*,*,#1718,.T.);
#1718 = EDGE_CURVE('',#1559,#1694,#1719,.T.);
#1719 = LINE('',#1720,#1721);
#1720 = CARTESIAN_POINT('',(-2.275,1.62,2.5E-02));
#1721 = VECTOR('',#1722,1.);
#1722 = DIRECTION('',(-1.,-1.429717151E-16,0.));
#1723 = ORIENTED_EDGE('',*,*,#1693,.T.);
#1724 = ORIENTED_EDGE('',*,*,#1725,.T.);
#1725 = EDGE_CURVE('',#1685,#1543,#1726,.T.);
#1726 = LINE('',#1727,#1728);
#1727 = CARTESIAN_POINT('',(-2.316141784E-16,1.62,0.825));
#1728 = VECTOR('',#1729,1.);
#1729 = DIRECTION('',(1.,1.429717151E-16,0.));
#1730 = PLANE('',#1731);
#1731 = AXIS2_PLACEMENT_3D('',#1732,#1733,#1734);
#1732 = CARTESIAN_POINT('',(-2.316141784E-16,1.62,0.85));
#1733 = DIRECTION('',(-1.429717151E-16,1.,0.));
#1734 = DIRECTION('',(-1.,-1.429717151E-16,0.));
#1735 = ADVANCED_FACE('',(#1736),#1752,.F.);
#1736 = FACE_BOUND('',#1737,.T.);
#1737 = EDGE_LOOP('',(#1738,#1744,#1745,#1751));
#1738 = ORIENTED_EDGE('',*,*,#1739,.T.);
#1739 = EDGE_CURVE('',#1662,#1551,#1740,.T.);
#1740 = LINE('',#1741,#1742);
#1741 = CARTESIAN_POINT('',(-7.720472613E-17,-1.62,2.5E-02));
#1742 = VECTOR('',#1743,1.);
#1743 = DIRECTION('',(1.,-4.765723835E-17,0.));
#1744 = ORIENTED_EDGE('',*,*,#1550,.T.);
#1745 = ORIENTED_EDGE('',*,*,#1746,.T.);
#1746 = EDGE_CURVE('',#1541,#1652,#1747,.T.);
#1747 = LINE('',#1748,#1749);
#1748 = CARTESIAN_POINT('',(-2.275,-1.62,0.825));
#1749 = VECTOR('',#1750,1.);
#1750 = DIRECTION('',(-1.,4.765723835E-17,0.));
#1751 = ORIENTED_EDGE('',*,*,#1670,.T.);
#1752 = PLANE('',#1753);
#1753 = AXIS2_PLACEMENT_3D('',#1754,#1755,#1756);
#1754 = CARTESIAN_POINT('',(-7.720472613E-17,-1.62,0.85));
#1755 = DIRECTION('',(4.765723835E-17,1.,0.));
#1756 = DIRECTION('',(-1.,4.765723835E-17,0.));
#1757 = ADVANCED_FACE('',(#1758),#1775,.T.);
#1758 = FACE_BOUND('',#1759,.T.);
#1759 = EDGE_LOOP('',(#1760,#1761,#1762,#1763,#1764,#1765,#1766,#1767,
    #1768));
#1760 = ORIENTED_EDGE('',*,*,#1525,.F.);
#1761 = ORIENTED_EDGE('',*,*,#1580,.F.);
#1762 = ORIENTED_EDGE('',*,*,#1701,.T.);
#1763 = ORIENTED_EDGE('',*,*,#1718,.F.);
#1764 = ORIENTED_EDGE('',*,*,#1558,.T.);
#1765 = ORIENTED_EDGE('',*,*,#1739,.F.);
#1766 = ORIENTED_EDGE('',*,*,#1661,.F.);
#1767 = ORIENTED_EDGE('',*,*,#1629,.F.);
#1768 = ORIENTED_EDGE('',*,*,#1769,.F.);
#1769 = EDGE_CURVE('',#1518,#1622,#1770,.T.);
#1770 = CIRCLE('',#1771,0.15);
#1771 = AXIS2_PLACEMENT_3D('',#1772,#1773,#1774);
#1772 = CARTESIAN_POINT('',(-2.275,-4.33680869E-16,2.5E-02));
#1773 = DIRECTION('',(0.,0.,-1.));
#1774 = DIRECTION('',(-1.,0.,0.));
#1775 = PLANE('',#1776);
#1776 = AXIS2_PLACEMENT_3D('',#1777,#1778,#1779);
#1777 = CARTESIAN_POINT('',(2.275,1.760073349,2.5E-02));
#1778 = DIRECTION('',(0.,0.,-1.));
#1779 = DIRECTION('',(-1.,0.,0.));
#1780 = ADVANCED_FACE('',(#1781),#1798,.T.);
#1781 = FACE_BOUND('',#1782,.T.);
#1782 = EDGE_LOOP('',(#1783,#1790,#1791,#1792,#1793,#1794,#1795,#1796,
    #1797));
#1783 = ORIENTED_EDGE('',*,*,#1784,.F.);
#1784 = EDGE_CURVE('',#1614,#1509,#1785,.T.);
#1785 = CIRCLE('',#1786,0.15);
#1786 = AXIS2_PLACEMENT_3D('',#1787,#1788,#1789);
#1787 = CARTESIAN_POINT('',(-2.275,-4.33680869E-16,0.825));
#1788 = DIRECTION('',(0.,0.,1.));
#1789 = DIRECTION('',(1.,0.,0.));
#1790 = ORIENTED_EDGE('',*,*,#1611,.F.);
#1791 = ORIENTED_EDGE('',*,*,#1651,.F.);
#1792 = ORIENTED_EDGE('',*,*,#1746,.F.);
#1793 = ORIENTED_EDGE('',*,*,#1540,.T.);
#1794 = ORIENTED_EDGE('',*,*,#1725,.F.);
#1795 = ORIENTED_EDGE('',*,*,#1684,.T.);
#1796 = ORIENTED_EDGE('',*,*,#1589,.F.);
#1797 = ORIENTED_EDGE('',*,*,#1508,.F.);
#1798 = PLANE('',#1799);
#1799 = AXIS2_PLACEMENT_3D('',#1800,#1801,#1802);
#1800 = CARTESIAN_POINT('',(2.275,-1.66529163,0.825));
#1801 = DIRECTION('',(0.,0.,1.));
#1802 = DIRECTION('',(1.,0.,0.));
#1803 = ADVANCED_FACE('',(#1804),#1810,.F.);
#1804 = FACE_BOUND('',#1805,.F.);
#1805 = EDGE_LOOP('',(#1806,#1807,#1808,#1809));
#1806 = ORIENTED_EDGE('',*,*,#1784,.F.);
#1807 = ORIENTED_EDGE('',*,*,#1621,.F.);
#1808 = ORIENTED_EDGE('',*,*,#1769,.F.);
#1809 = ORIENTED_EDGE('',*,*,#1517,.T.);
#1810 = CYLINDRICAL_SURFACE('',#1811,0.15);
#1811 = AXIS2_PLACEMENT_3D('',#1812,#1813,#1814);
#1812 = CARTESIAN_POINT('',(-2.275,-4.33680869E-16,2.49075E-02));
#1813 = DIRECTION('',(0.,0.,1.));
#1814 = DIRECTION('',(1.,0.,0.));
#1815 = MANIFOLD_SOLID_BREP('',#1816);
#1816 = CLOSED_SHELL('',(#1817,#1859,#1927,#1959,#1991,#2015,#2040,#2065
    ,#2082,#2099));
#1817 = ADVANCED_FACE('',(#1818),#1854,.T.);
#1818 = FACE_BOUND('',#1819,.T.);
#1819 = EDGE_LOOP('',(#1820,#1830,#1839,#1847));
#1820 = ORIENTED_EDGE('',*,*,#1821,.F.);
#1821 = EDGE_CURVE('',#1822,#1824,#1826,.T.);
#1822 = VERTEX_POINT('',#1823);
#1823 = CARTESIAN_POINT('',(1.975,-1.62,0.825));
#1824 = VERTEX_POINT('',#1825);
#1825 = CARTESIAN_POINT('',(1.975,1.62,0.825));
#1826 = LINE('',#1827,#1828);
#1827 = CARTESIAN_POINT('',(1.975,0.,0.825));
#1828 = VECTOR('',#1829,1.);
#1829 = DIRECTION('',(0.,1.,0.));
#1830 = ORIENTED_EDGE('',*,*,#1831,.F.);
#1831 = EDGE_CURVE('',#1832,#1822,#1834,.T.);
#1832 = VERTEX_POINT('',#1833);
#1833 = CARTESIAN_POINT('',(1.975,-1.595,0.85));
#1834 = CIRCLE('',#1835,2.5E-02);
#1835 = AXIS2_PLACEMENT_3D('',#1836,#1837,#1838);
#1836 = CARTESIAN_POINT('',(1.975,-1.595,0.825));
#1837 = DIRECTION('',(1.,0.,-0.));
#1838 = DIRECTION('',(0.,0.,1.));
#1839 = ORIENTED_EDGE('',*,*,#1840,.F.);
#1840 = EDGE_CURVE('',#1841,#1832,#1843,.T.);
#1841 = VERTEX_POINT('',#1842);
#1842 = CARTESIAN_POINT('',(1.975,1.595,0.85));
#1843 = LINE('',#1844,#1845);
#1844 = CARTESIAN_POINT('',(1.975,0.,0.85));
#1845 = VECTOR('',#1846,1.);
#1846 = DIRECTION('',(0.,-1.,0.));
#1847 = ORIENTED_EDGE('',*,*,#1848,.F.);
#1848 = EDGE_CURVE('',#1824,#1841,#1849,.T.);
#1849 = CIRCLE('',#1850,2.5E-02);
#1850 = AXIS2_PLACEMENT_3D('',#1851,#1852,#1853);
#1851 = CARTESIAN_POINT('',(1.975,1.595,0.825));
#1852 = DIRECTION('',(1.,0.,-0.));
#1853 = DIRECTION('',(0.,2.602085214E-14,1.));
#1854 = PLANE('',#1855);
#1855 = AXIS2_PLACEMENT_3D('',#1856,#1857,#1858);
#1856 = CARTESIAN_POINT('',(1.975,0.,0.));
#1857 = DIRECTION('',(-1.,0.,0.));
#1858 = DIRECTION('',(0.,0.,1.));
#1859 = ADVANCED_FACE('',(#1860),#1922,.F.);
#1860 = FACE_BOUND('',#1861,.F.);
#1861 = EDGE_LOOP('',(#1862,#1885,#1894,#1915));
#1862 = ORIENTED_EDGE('',*,*,#1863,.T.);
#1863 = EDGE_CURVE('',#1864,#1866,#1868,.T.);
#1864 = VERTEX_POINT('',#1865);
#1865 = CARTESIAN_POINT('',(2.275,-0.125,0.825));
#1866 = VERTEX_POINT('',#1867);
#1867 = CARTESIAN_POINT('',(2.25,-0.122474487,0.85));
#1868 = B_SPLINE_CURVE_WITH_KNOTS('',3,(#1869,#1870,#1871,#1872,#1873,
    #1874,#1875,#1876,#1877,#1878,#1879,#1880,#1881,#1882,#1883,#1884),
  .UNSPECIFIED.,.F.,.F.,(4,3,3,3,3,4),(0.,8.391288793E-06,
    1.678328423E-05,2.516102337E-05,3.34794602E-05,3.921462377E-05),
  .UNSPECIFIED.);
#1869 = CARTESIAN_POINT('',(2.275,-0.125,0.825));
#1870 = CARTESIAN_POINT('',(2.275,-0.125,0.827797096));
#1871 = CARTESIAN_POINT('',(2.274517254,-0.125002495,0.830632754));
#1872 = CARTESIAN_POINT('',(2.273591727,-0.124992067,0.833272269));
#1873 = CARTESIAN_POINT('',(2.272666159,-0.124981639,0.835911899));
#1874 = CARTESIAN_POINT('',(2.271271987,-0.12495662,0.838428371));
#1875 = CARTESIAN_POINT('',(2.269525804,-0.124880075,0.84061227));
#1876 = CARTESIAN_POINT('',(2.267782742,-0.124803667,0.842792267));
#1877 = CARTESIAN_POINT('',(2.265640098,-0.124671577,0.84470113));
#1878 = CARTESIAN_POINT('',(2.263282033,-0.124449545,0.846179887));
#1879 = CARTESIAN_POINT('',(2.260940235,-0.124229045,0.847648442));
#1880 = CARTESIAN_POINT('',(2.258321932,-0.123911853,0.848733093));
#1881 = CARTESIAN_POINT('',(2.255651681,-0.123493492,0.849352792));
#1882 = CARTESIAN_POINT('',(2.253796644,-0.123202854,0.849783301));
#1883 = CARTESIAN_POINT('',(2.251887467,-0.122859765,0.85));
#1884 = CARTESIAN_POINT('',(2.25,-0.122474487,0.85));
#1885 = ORIENTED_EDGE('',*,*,#1886,.T.);
#1886 = EDGE_CURVE('',#1866,#1887,#1889,.T.);
#1887 = VERTEX_POINT('',#1888);
#1888 = CARTESIAN_POINT('',(2.25,0.122474487,0.85));
#1889 = CIRCLE('',#1890,0.125);
#1890 = AXIS2_PLACEMENT_3D('',#1891,#1892,#1893);
#1891 = CARTESIAN_POINT('',(2.275,-4.33680869E-16,0.85));
#1892 = DIRECTION('',(0.,0.,-1.));
#1893 = DIRECTION('',(1.,0.,0.));
#1894 = ORIENTED_EDGE('',*,*,#1895,.T.);
#1895 = EDGE_CURVE('',#1887,#1896,#1898,.T.);
#1896 = VERTEX_POINT('',#1897);
#1897 = CARTESIAN_POINT('',(2.275,0.125,0.825));
#1898 = B_SPLINE_CURVE_WITH_KNOTS('',3,(#1899,#1900,#1901,#1902,#1903,
    #1904,#1905,#1906,#1907,#1908,#1909,#1910,#1911,#1912,#1913,#1914),
  .UNSPECIFIED.,.F.,.F.,(4,3,3,3,3,4),(0.,8.380944012E-06,
    1.676915993E-05,2.506776194E-05,3.340280906E-05,3.921670884E-05),
  .UNSPECIFIED.);
#1899 = CARTESIAN_POINT('',(2.25,0.122474487,0.85));
#1900 = CARTESIAN_POINT('',(2.252737205,0.123033217,0.85));
#1901 = CARTESIAN_POINT('',(2.255532616,0.123503073,0.849537067));
#1902 = CARTESIAN_POINT('',(2.258152002,0.123859376,0.848633554));
#1903 = CARTESIAN_POINT('',(2.260772875,0.124215881,0.847729527));
#1904 = CARTESIAN_POINT('',(2.263288721,0.124469572,0.846358727));
#1905 = CARTESIAN_POINT('',(2.26547972,0.12463693,0.844631054));
#1906 = CARTESIAN_POINT('',(2.267648188,0.124802566,0.842921147));
#1907 = CARTESIAN_POINT('',(2.269558247,0.124890416,0.840815379));
#1908 = CARTESIAN_POINT('',(2.271050418,0.124937588,0.838486286));
#1909 = CARTESIAN_POINT('',(2.272549122,0.124984965,0.836146995));
#1910 = CARTESIAN_POINT('',(2.273667604,0.12499457,0.833518517));
#1911 = CARTESIAN_POINT('',(2.274314036,0.124998118,0.830816156));
#1912 = CARTESIAN_POINT('',(2.274768197,0.12500061,0.828917566));
#1913 = CARTESIAN_POINT('',(2.275,0.125,0.826952156));
#1914 = CARTESIAN_POINT('',(2.275,0.125,0.825));
#1915 = ORIENTED_EDGE('',*,*,#1916,.T.);
#1916 = EDGE_CURVE('',#1896,#1864,#1917,.T.);
#1917 = CIRCLE('',#1918,0.125);
#1918 = AXIS2_PLACEMENT_3D('',#1919,#1920,#1921);
#1919 = CARTESIAN_POINT('',(2.275,-4.33680869E-16,0.825));
#1920 = DIRECTION('',(0.,0.,1.));
#1921 = DIRECTION('',(1.,0.,0.));
#1922 = CYLINDRICAL_SURFACE('',#1923,0.125);
#1923 = AXIS2_PLACEMENT_3D('',#1924,#1925,#1926);
#1924 = CARTESIAN_POINT('',(2.275,-4.33680869E-16,0.));
#1925 = DIRECTION('',(0.,0.,1.));
#1926 = DIRECTION('',(1.,0.,0.));
#1927 = ADVANCED_FACE('',(#1928),#1954,.T.);
#1928 = FACE_BOUND('',#1929,.T.);
#1929 = EDGE_LOOP('',(#1930,#1938,#1939,#1947));
#1930 = ORIENTED_EDGE('',*,*,#1931,.F.);
#1931 = EDGE_CURVE('',#1887,#1932,#1934,.T.);
#1932 = VERTEX_POINT('',#1933);
#1933 = CARTESIAN_POINT('',(2.25,1.595,0.85));
#1934 = LINE('',#1935,#1936);
#1935 = CARTESIAN_POINT('',(2.25,0.,0.85));
#1936 = VECTOR('',#1937,1.);
#1937 = DIRECTION('',(0.,1.,0.));
#1938 = ORIENTED_EDGE('',*,*,#1895,.T.);
#1939 = ORIENTED_EDGE('',*,*,#1940,.F.);
#1940 = EDGE_CURVE('',#1941,#1896,#1943,.T.);
#1941 = VERTEX_POINT('',#1942);
#1942 = CARTESIAN_POINT('',(2.275,1.595,0.825));
#1943 = LINE('',#1944,#1945);
#1944 = CARTESIAN_POINT('',(2.275,0.,0.825));
#1945 = VECTOR('',#1946,1.);
#1946 = DIRECTION('',(0.,-1.,0.));
#1947 = ORIENTED_EDGE('',*,*,#1948,.T.);
#1948 = EDGE_CURVE('',#1941,#1932,#1949,.T.);
#1949 = CIRCLE('',#1950,2.5E-02);
#1950 = AXIS2_PLACEMENT_3D('',#1951,#1952,#1953);
#1951 = CARTESIAN_POINT('',(2.25,1.595,0.825));
#1952 = DIRECTION('',(-8.67361738E-15,-1.,-0.));
#1953 = DIRECTION('',(-1.,8.67361738E-15,0.));
#1954 = CYLINDRICAL_SURFACE('',#1955,2.5E-02);
#1955 = AXIS2_PLACEMENT_3D('',#1956,#1957,#1958);
#1956 = CARTESIAN_POINT('',(2.25,0.,0.825));
#1957 = DIRECTION('',(0.,-1.,0.));
#1958 = DIRECTION('',(0.,0.,-1.));
#1959 = ADVANCED_FACE('',(#1960),#1986,.T.);
#1960 = FACE_BOUND('',#1961,.T.);
#1961 = EDGE_LOOP('',(#1962,#1970,#1971,#1979));
#1962 = ORIENTED_EDGE('',*,*,#1963,.F.);
#1963 = EDGE_CURVE('',#1864,#1964,#1966,.T.);
#1964 = VERTEX_POINT('',#1965);
#1965 = CARTESIAN_POINT('',(2.275,-1.595,0.825));
#1966 = LINE('',#1967,#1968);
#1967 = CARTESIAN_POINT('',(2.275,0.,0.825));
#1968 = VECTOR('',#1969,1.);
#1969 = DIRECTION('',(0.,-1.,0.));
#1970 = ORIENTED_EDGE('',*,*,#1863,.T.);
#1971 = ORIENTED_EDGE('',*,*,#1972,.F.);
#1972 = EDGE_CURVE('',#1973,#1866,#1975,.T.);
#1973 = VERTEX_POINT('',#1974);
#1974 = CARTESIAN_POINT('',(2.25,-1.595,0.85));
#1975 = LINE('',#1976,#1977);
#1976 = CARTESIAN_POINT('',(2.25,0.,0.85));
#1977 = VECTOR('',#1978,1.);
#1978 = DIRECTION('',(0.,1.,0.));
#1979 = ORIENTED_EDGE('',*,*,#1980,.F.);
#1980 = EDGE_CURVE('',#1964,#1973,#1981,.T.);
#1981 = CIRCLE('',#1982,2.5E-02);
#1982 = AXIS2_PLACEMENT_3D('',#1983,#1984,#1985);
#1983 = CARTESIAN_POINT('',(2.25,-1.595,0.825));
#1984 = DIRECTION('',(0.,-1.,0.));
#1985 = DIRECTION('',(0.,0.,-1.));
#1986 = CYLINDRICAL_SURFACE('',#1987,2.5E-02);
#1987 = AXIS2_PLACEMENT_3D('',#1988,#1989,#1990);
#1988 = CARTESIAN_POINT('',(2.25,0.,0.825));
#1989 = DIRECTION('',(0.,-1.,0.));
#1990 = DIRECTION('',(0.,0.,-1.));
#1991 = ADVANCED_FACE('',(#1992),#2010,.T.);
#1992 = FACE_BOUND('',#1993,.T.);
#1993 = EDGE_LOOP('',(#1994,#1995,#1996,#1997,#2003,#2004));
#1994 = ORIENTED_EDGE('',*,*,#1972,.T.);
#1995 = ORIENTED_EDGE('',*,*,#1886,.T.);
#1996 = ORIENTED_EDGE('',*,*,#1931,.T.);
#1997 = ORIENTED_EDGE('',*,*,#1998,.T.);
#1998 = EDGE_CURVE('',#1932,#1841,#1999,.T.);
#1999 = LINE('',#2000,#2001);
#2000 = CARTESIAN_POINT('',(-2.280398855E-16,1.595,0.85));
#2001 = VECTOR('',#2002,1.);
#2002 = DIRECTION('',(-1.,-1.429717151E-16,0.));
#2003 = ORIENTED_EDGE('',*,*,#1840,.T.);
#2004 = ORIENTED_EDGE('',*,*,#2005,.T.);
#2005 = EDGE_CURVE('',#1832,#1973,#2006,.T.);
#2006 = LINE('',#2007,#2008);
#2007 = CARTESIAN_POINT('',(2.275,-1.595,0.85));
#2008 = VECTOR('',#2009,1.);
#2009 = DIRECTION('',(1.,-4.765723835E-17,0.));
#2010 = PLANE('',#2011);
#2011 = AXIS2_PLACEMENT_3D('',#2012,#2013,#2014);
#2012 = CARTESIAN_POINT('',(0.,0.,0.85));
#2013 = DIRECTION('',(0.,0.,1.));
#2014 = DIRECTION('',(1.,0.,0.));
#2015 = ADVANCED_FACE('',(#2016),#2035,.T.);
#2016 = FACE_BOUND('',#2017,.T.);
#2017 = EDGE_LOOP('',(#2018,#2026,#2027,#2028));
#2018 = ORIENTED_EDGE('',*,*,#2019,.F.);
#2019 = EDGE_CURVE('',#1824,#2020,#2022,.T.);
#2020 = VERTEX_POINT('',#2021);
#2021 = CARTESIAN_POINT('',(2.25,1.62,0.825));
#2022 = LINE('',#2023,#2024);
#2023 = CARTESIAN_POINT('',(-2.316141784E-16,1.62,0.825));
#2024 = VECTOR('',#2025,1.);
#2025 = DIRECTION('',(1.,1.429717151E-16,0.));
#2026 = ORIENTED_EDGE('',*,*,#1848,.T.);
#2027 = ORIENTED_EDGE('',*,*,#1998,.F.);
#2028 = ORIENTED_EDGE('',*,*,#2029,.T.);
#2029 = EDGE_CURVE('',#1932,#2020,#2030,.T.);
#2030 = CIRCLE('',#2031,2.5E-02);
#2031 = AXIS2_PLACEMENT_3D('',#2032,#2033,#2034);
#2032 = CARTESIAN_POINT('',(2.25,1.595,0.825));
#2033 = DIRECTION('',(-1.,0.,0.));
#2034 = DIRECTION('',(0.,0.,-1.));
#2035 = CYLINDRICAL_SURFACE('',#2036,2.5E-02);
#2036 = AXIS2_PLACEMENT_3D('',#2037,#2038,#2039);
#2037 = CARTESIAN_POINT('',(-2.280398855E-16,1.595,0.825));
#2038 = DIRECTION('',(1.,1.429717151E-16,0.));
#2039 = DIRECTION('',(-1.429717151E-16,1.,0.));
#2040 = ADVANCED_FACE('',(#2041),#2060,.T.);
#2041 = FACE_BOUND('',#2042,.T.);
#2042 = EDGE_LOOP('',(#2043,#2044,#2045,#2053));
#2043 = ORIENTED_EDGE('',*,*,#2005,.F.);
#2044 = ORIENTED_EDGE('',*,*,#1831,.T.);
#2045 = ORIENTED_EDGE('',*,*,#2046,.F.);
#2046 = EDGE_CURVE('',#2047,#1822,#2049,.T.);
#2047 = VERTEX_POINT('',#2048);
#2048 = CARTESIAN_POINT('',(2.25,-1.62,0.825));
#2049 = LINE('',#2050,#2051);
#2050 = CARTESIAN_POINT('',(-2.275,-1.62,0.825));
#2051 = VECTOR('',#2052,1.);
#2052 = DIRECTION('',(-1.,4.765723835E-17,0.));
#2053 = ORIENTED_EDGE('',*,*,#2054,.T.);
#2054 = EDGE_CURVE('',#2047,#1973,#2055,.T.);
#2055 = CIRCLE('',#2056,2.5E-02);
#2056 = AXIS2_PLACEMENT_3D('',#2057,#2058,#2059);
#2057 = CARTESIAN_POINT('',(2.25,-1.595,0.825));
#2058 = DIRECTION('',(-1.,0.,0.));
#2059 = DIRECTION('',(0.,0.,-1.));
#2060 = CYLINDRICAL_SURFACE('',#2061,2.5E-02);
#2061 = AXIS2_PLACEMENT_3D('',#2062,#2063,#2064);
#2062 = CARTESIAN_POINT('',(-7.601329517E-17,-1.595,0.825));
#2063 = DIRECTION('',(-1.,4.765723835E-17,0.));
#2064 = DIRECTION('',(-4.765723835E-17,-1.,0.));
#2065 = ADVANCED_FACE('',(#2066),#2077,.T.);
#2066 = FACE_BOUND('',#2067,.T.);
#2067 = EDGE_LOOP('',(#2068,#2069,#2076));
#2068 = ORIENTED_EDGE('',*,*,#1948,.F.);
#2069 = ORIENTED_EDGE('',*,*,#2070,.T.);
#2070 = EDGE_CURVE('',#1941,#2020,#2071,.T.);
#2071 = CIRCLE('',#2072,2.5E-02);
#2072 = AXIS2_PLACEMENT_3D('',#2073,#2074,#2075);
#2073 = CARTESIAN_POINT('',(2.25,1.595,0.825));
#2074 = DIRECTION('',(0.,0.,1.));
#2075 = DIRECTION('',(1.,0.,0.));
#2076 = ORIENTED_EDGE('',*,*,#2029,.F.);
#2077 = SPHERICAL_SURFACE('',#2078,2.5E-02);
#2078 = AXIS2_PLACEMENT_3D('',#2079,#2080,#2081);
#2079 = CARTESIAN_POINT('',(2.25,1.595,0.825));
#2080 = DIRECTION('',(1.,0.,0.));
#2081 = DIRECTION('',(0.,0.,1.));
#2082 = ADVANCED_FACE('',(#2083),#2094,.T.);
#2083 = FACE_BOUND('',#2084,.T.);
#2084 = EDGE_LOOP('',(#2085,#2092,#2093));
#2085 = ORIENTED_EDGE('',*,*,#2086,.T.);
#2086 = EDGE_CURVE('',#2047,#1964,#2087,.T.);
#2087 = CIRCLE('',#2088,2.5E-02);
#2088 = AXIS2_PLACEMENT_3D('',#2089,#2090,#2091);
#2089 = CARTESIAN_POINT('',(2.25,-1.595,0.825));
#2090 = DIRECTION('',(0.,0.,1.));
#2091 = DIRECTION('',(1.,0.,0.));
#2092 = ORIENTED_EDGE('',*,*,#1980,.T.);
#2093 = ORIENTED_EDGE('',*,*,#2054,.F.);
#2094 = SPHERICAL_SURFACE('',#2095,2.5E-02);
#2095 = AXIS2_PLACEMENT_3D('',#2096,#2097,#2098);
#2096 = CARTESIAN_POINT('',(2.25,-1.595,0.825));
#2097 = DIRECTION('',(0.,1.,0.));
#2098 = DIRECTION('',(0.,0.,-1.));
#2099 = ADVANCED_FACE('',(#2100),#2110,.F.);
#2100 = FACE_BOUND('',#2101,.T.);
#2101 = EDGE_LOOP('',(#2102,#2103,#2104,#2105,#2106,#2107,#2108,#2109));
#2102 = ORIENTED_EDGE('',*,*,#2070,.F.);
#2103 = ORIENTED_EDGE('',*,*,#1940,.T.);
#2104 = ORIENTED_EDGE('',*,*,#1916,.T.);
#2105 = ORIENTED_EDGE('',*,*,#1963,.T.);
#2106 = ORIENTED_EDGE('',*,*,#2086,.F.);
#2107 = ORIENTED_EDGE('',*,*,#2046,.T.);
#2108 = ORIENTED_EDGE('',*,*,#1821,.T.);
#2109 = ORIENTED_EDGE('',*,*,#2019,.T.);
#2110 = PLANE('',#2111);
#2111 = AXIS2_PLACEMENT_3D('',#2112,#2113,#2114);
#2112 = CARTESIAN_POINT('',(2.275,-1.66529163,0.825));
#2113 = DIRECTION('',(0.,0.,1.));
#2114 = DIRECTION('',(1.,0.,0.));
#2115 = MANIFOLD_SOLID_BREP('',#2116);
#2116 = CLOSED_SHELL('',(#2117,#2174,#2207,#2240,#2273,#2290,#2307,#2365
    ,#2382,#2399));
#2117 = ADVANCED_FACE('',(#2118),#2169,.F.);
#2118 = FACE_BOUND('',#2119,.T.);
#2119 = EDGE_LOOP('',(#2120,#2131,#2139,#2147,#2155,#2163));
#2120 = ORIENTED_EDGE('',*,*,#2121,.F.);
#2121 = EDGE_CURVE('',#2122,#2124,#2126,.T.);
#2122 = VERTEX_POINT('',#2123);
#2123 = CARTESIAN_POINT('',(2.25,-0.122474487,0.));
#2124 = VERTEX_POINT('',#2125);
#2125 = CARTESIAN_POINT('',(2.25,0.122474487,0.));
#2126 = CIRCLE('',#2127,0.125);
#2127 = AXIS2_PLACEMENT_3D('',#2128,#2129,#2130);
#2128 = CARTESIAN_POINT('',(2.275,-4.33680869E-16,0.));
#2129 = DIRECTION('',(0.,0.,-1.));
#2130 = DIRECTION('',(1.,0.,0.));
#2131 = ORIENTED_EDGE('',*,*,#2132,.T.);
#2132 = EDGE_CURVE('',#2122,#2133,#2135,.T.);
#2133 = VERTEX_POINT('',#2134);
#2134 = CARTESIAN_POINT('',(2.25,-1.595,0.));
#2135 = LINE('',#2136,#2137);
#2136 = CARTESIAN_POINT('',(2.25,-1.62,0.));
#2137 = VECTOR('',#2138,1.);
#2138 = DIRECTION('',(0.,-1.,0.));
#2139 = ORIENTED_EDGE('',*,*,#2140,.T.);
#2140 = EDGE_CURVE('',#2133,#2141,#2143,.T.);
#2141 = VERTEX_POINT('',#2142);
#2142 = CARTESIAN_POINT('',(1.975,-1.595,0.));
#2143 = LINE('',#2144,#2145);
#2144 = CARTESIAN_POINT('',(-7.601329517E-17,-1.595,0.));
#2145 = VECTOR('',#2146,1.);
#2146 = DIRECTION('',(-1.,4.765723835E-17,0.));
#2147 = ORIENTED_EDGE('',*,*,#2148,.F.);
#2148 = EDGE_CURVE('',#2149,#2141,#2151,.T.);
#2149 = VERTEX_POINT('',#2150);
#2150 = CARTESIAN_POINT('',(1.975,1.595,0.));
#2151 = LINE('',#2152,#2153);
#2152 = CARTESIAN_POINT('',(1.975,0.,0.));
#2153 = VECTOR('',#2154,1.);
#2154 = DIRECTION('',(0.,-1.,0.));
#2155 = ORIENTED_EDGE('',*,*,#2156,.T.);
#2156 = EDGE_CURVE('',#2149,#2157,#2159,.T.);
#2157 = VERTEX_POINT('',#2158);
#2158 = CARTESIAN_POINT('',(2.25,1.595,0.));
#2159 = LINE('',#2160,#2161);
#2160 = CARTESIAN_POINT('',(2.275,1.595,0.));
#2161 = VECTOR('',#2162,1.);
#2162 = DIRECTION('',(1.,1.429717151E-16,0.));
#2163 = ORIENTED_EDGE('',*,*,#2164,.T.);
#2164 = EDGE_CURVE('',#2157,#2124,#2165,.T.);
#2165 = LINE('',#2166,#2167);
#2166 = CARTESIAN_POINT('',(2.25,-1.62,0.));
#2167 = VECTOR('',#2168,1.);
#2168 = DIRECTION('',(0.,-1.,0.));
#2169 = PLANE('',#2170);
#2170 = AXIS2_PLACEMENT_3D('',#2171,#2172,#2173);
#2171 = CARTESIAN_POINT('',(0.,0.,0.));
#2172 = DIRECTION('',(0.,0.,1.));
#2173 = DIRECTION('',(1.,0.,0.));
#2174 = ADVANCED_FACE('',(#2175),#2202,.T.);
#2175 = FACE_BOUND('',#2176,.T.);
#2176 = EDGE_LOOP('',(#2177,#2186,#2195));
#2177 = ORIENTED_EDGE('',*,*,#2178,.F.);
#2178 = EDGE_CURVE('',#2179,#2157,#2181,.T.);
#2179 = VERTEX_POINT('',#2180);
#2180 = CARTESIAN_POINT('',(2.25,1.62,2.5E-02));
#2181 = CIRCLE('',#2182,2.5E-02);
#2182 = AXIS2_PLACEMENT_3D('',#2183,#2184,#2185);
#2183 = CARTESIAN_POINT('',(2.25,1.595,2.5E-02));
#2184 = DIRECTION('',(-1.,0.,0.));
#2185 = DIRECTION('',(0.,0.,-1.));
#2186 = ORIENTED_EDGE('',*,*,#2187,.T.);
#2187 = EDGE_CURVE('',#2179,#2188,#2190,.T.);
#2188 = VERTEX_POINT('',#2189);
#2189 = CARTESIAN_POINT('',(2.275,1.595,2.5E-02));
#2190 = CIRCLE('',#2191,2.5E-02);
#2191 = AXIS2_PLACEMENT_3D('',#2192,#2193,#2194);
#2192 = CARTESIAN_POINT('',(2.25,1.595,2.5E-02));
#2193 = DIRECTION('',(0.,0.,-1.));
#2194 = DIRECTION('',(-1.,0.,0.));
#2195 = ORIENTED_EDGE('',*,*,#2196,.F.);
#2196 = EDGE_CURVE('',#2157,#2188,#2197,.T.);
#2197 = CIRCLE('',#2198,2.5E-02);
#2198 = AXIS2_PLACEMENT_3D('',#2199,#2200,#2201);
#2199 = CARTESIAN_POINT('',(2.25,1.595,2.5E-02));
#2200 = DIRECTION('',(-0.,-1.,-8.67361738E-15));
#2201 = DIRECTION('',(0.,-8.67361738E-15,1.));
#2202 = SPHERICAL_SURFACE('',#2203,2.5E-02);
#2203 = AXIS2_PLACEMENT_3D('',#2204,#2205,#2206);
#2204 = CARTESIAN_POINT('',(2.25,1.595,2.5E-02));
#2205 = DIRECTION('',(0.,1.,0.));
#2206 = DIRECTION('',(0.,0.,-1.));
#2207 = ADVANCED_FACE('',(#2208),#2235,.T.);
#2208 = FACE_BOUND('',#2209,.T.);
#2209 = EDGE_LOOP('',(#2210,#2219,#2228));
#2210 = ORIENTED_EDGE('',*,*,#2211,.T.);
#2211 = EDGE_CURVE('',#2133,#2212,#2214,.T.);
#2212 = VERTEX_POINT('',#2213);
#2213 = CARTESIAN_POINT('',(2.275,-1.595,2.5E-02));
#2214 = CIRCLE('',#2215,2.5E-02);
#2215 = AXIS2_PLACEMENT_3D('',#2216,#2217,#2218);
#2216 = CARTESIAN_POINT('',(2.25,-1.595,2.5E-02));
#2217 = DIRECTION('',(8.67361738E-15,-1.,0.));
#2218 = DIRECTION('',(1.,8.67361738E-15,0.));
#2219 = ORIENTED_EDGE('',*,*,#2220,.T.);
#2220 = EDGE_CURVE('',#2212,#2221,#2223,.T.);
#2221 = VERTEX_POINT('',#2222);
#2222 = CARTESIAN_POINT('',(2.25,-1.62,2.5E-02));
#2223 = CIRCLE('',#2224,2.5E-02);
#2224 = AXIS2_PLACEMENT_3D('',#2225,#2226,#2227);
#2225 = CARTESIAN_POINT('',(2.25,-1.595,2.5E-02));
#2226 = DIRECTION('',(0.,1.76182853E-15,-1.));
#2227 = DIRECTION('',(0.,1.,1.76182853E-15));
#2228 = ORIENTED_EDGE('',*,*,#2229,.F.);
#2229 = EDGE_CURVE('',#2133,#2221,#2230,.T.);
#2230 = CIRCLE('',#2231,2.5E-02);
#2231 = AXIS2_PLACEMENT_3D('',#2232,#2233,#2234);
#2232 = CARTESIAN_POINT('',(2.25,-1.595,2.5E-02));
#2233 = DIRECTION('',(-1.,0.,0.));
#2234 = DIRECTION('',(-0.,-8.67361738E-15,-1.));
#2235 = SPHERICAL_SURFACE('',#2236,2.5E-02);
#2236 = AXIS2_PLACEMENT_3D('',#2237,#2238,#2239);
#2237 = CARTESIAN_POINT('',(2.25,-1.595,2.5E-02));
#2238 = DIRECTION('',(0.,1.,0.));
#2239 = DIRECTION('',(0.,0.,-1.));
#2240 = ADVANCED_FACE('',(#2241),#2268,.T.);
#2241 = FACE_BOUND('',#2242,.T.);
#2242 = EDGE_LOOP('',(#2243,#2253,#2260,#2261));
#2243 = ORIENTED_EDGE('',*,*,#2244,.F.);
#2244 = EDGE_CURVE('',#2245,#2247,#2249,.T.);
#2245 = VERTEX_POINT('',#2246);
#2246 = CARTESIAN_POINT('',(1.975,1.62,2.5E-02));
#2247 = VERTEX_POINT('',#2248);
#2248 = CARTESIAN_POINT('',(1.975,-1.62,2.5E-02));
#2249 = LINE('',#2250,#2251);
#2250 = CARTESIAN_POINT('',(1.975,0.,2.5E-02));
#2251 = VECTOR('',#2252,1.);
#2252 = DIRECTION('',(0.,-1.,0.));
#2253 = ORIENTED_EDGE('',*,*,#2254,.F.);
#2254 = EDGE_CURVE('',#2149,#2245,#2255,.T.);
#2255 = CIRCLE('',#2256,2.5E-02);
#2256 = AXIS2_PLACEMENT_3D('',#2257,#2258,#2259);
#2257 = CARTESIAN_POINT('',(1.975,1.595,2.5E-02));
#2258 = DIRECTION('',(1.,0.,-0.));
#2259 = DIRECTION('',(0.,0.,1.));
#2260 = ORIENTED_EDGE('',*,*,#2148,.T.);
#2261 = ORIENTED_EDGE('',*,*,#2262,.F.);
#2262 = EDGE_CURVE('',#2247,#2141,#2263,.T.);
#2263 = CIRCLE('',#2264,2.5E-02);
#2264 = AXIS2_PLACEMENT_3D('',#2265,#2266,#2267);
#2265 = CARTESIAN_POINT('',(1.975,-1.595,2.5E-02));
#2266 = DIRECTION('',(1.,0.,-0.));
#2267 = DIRECTION('',(0.,0.,1.));
#2268 = PLANE('',#2269);
#2269 = AXIS2_PLACEMENT_3D('',#2270,#2271,#2272);
#2270 = CARTESIAN_POINT('',(1.975,0.,0.));
#2271 = DIRECTION('',(-1.,0.,0.));
#2272 = DIRECTION('',(0.,0.,1.));
#2273 = ADVANCED_FACE('',(#2274),#2285,.T.);
#2274 = FACE_BOUND('',#2275,.T.);
#2275 = EDGE_LOOP('',(#2276,#2282,#2283,#2284));
#2276 = ORIENTED_EDGE('',*,*,#2277,.F.);
#2277 = EDGE_CURVE('',#2247,#2221,#2278,.T.);
#2278 = LINE('',#2279,#2280);
#2279 = CARTESIAN_POINT('',(-7.720472613E-17,-1.62,2.5E-02));
#2280 = VECTOR('',#2281,1.);
#2281 = DIRECTION('',(1.,-4.765723835E-17,0.));
#2282 = ORIENTED_EDGE('',*,*,#2262,.T.);
#2283 = ORIENTED_EDGE('',*,*,#2140,.F.);
#2284 = ORIENTED_EDGE('',*,*,#2229,.T.);
#2285 = CYLINDRICAL_SURFACE('',#2286,2.5E-02);
#2286 = AXIS2_PLACEMENT_3D('',#2287,#2288,#2289);
#2287 = CARTESIAN_POINT('',(-7.601329517E-17,-1.595,2.5E-02));
#2288 = DIRECTION('',(1.,-4.765723835E-17,0.));
#2289 = DIRECTION('',(4.765723835E-17,1.,0.));
#2290 = ADVANCED_FACE('',(#2291),#2302,.T.);
#2291 = FACE_BOUND('',#2292,.T.);
#2292 = EDGE_LOOP('',(#2293,#2294,#2295,#2301));
#2293 = ORIENTED_EDGE('',*,*,#2156,.F.);
#2294 = ORIENTED_EDGE('',*,*,#2254,.T.);
#2295 = ORIENTED_EDGE('',*,*,#2296,.F.);
#2296 = EDGE_CURVE('',#2179,#2245,#2297,.T.);
#2297 = LINE('',#2298,#2299);
#2298 = CARTESIAN_POINT('',(-2.275,1.62,2.5E-02));
#2299 = VECTOR('',#2300,1.);
#2300 = DIRECTION('',(-1.,-1.429717151E-16,0.));
#2301 = ORIENTED_EDGE('',*,*,#2178,.T.);
#2302 = CYLINDRICAL_SURFACE('',#2303,2.5E-02);
#2303 = AXIS2_PLACEMENT_3D('',#2304,#2305,#2306);
#2304 = CARTESIAN_POINT('',(-2.280398855E-16,1.595,2.5E-02));
#2305 = DIRECTION('',(-1.,-1.429717151E-16,0.));
#2306 = DIRECTION('',(1.429717151E-16,-1.,0.));
#2307 = ADVANCED_FACE('',(#2308),#2360,.F.);
#2308 = FACE_BOUND('',#2309,.F.);
#2309 = EDGE_LOOP('',(#2310,#2331,#2332,#2353));
#2310 = ORIENTED_EDGE('',*,*,#2311,.T.);
#2311 = EDGE_CURVE('',#2312,#2124,#2314,.T.);
#2312 = VERTEX_POINT('',#2313);
#2313 = CARTESIAN_POINT('',(2.275,0.125,2.5E-02));
#2314 = B_SPLINE_CURVE_WITH_KNOTS('',3,(#2315,#2316,#2317,#2318,#2319,
    #2320,#2321,#2322,#2323,#2324,#2325,#2326,#2327,#2328,#2329,#2330),
  .UNSPECIFIED.,.F.,.F.,(4,3,3,3,3,4),(4.404571326E-20,8.391288793E-06,
    1.678328423E-05,2.516102337E-05,3.34794602E-05,3.921462377E-05),
  .UNSPECIFIED.);
#2315 = CARTESIAN_POINT('',(2.275,0.125,2.5E-02));
#2316 = CARTESIAN_POINT('',(2.275,0.125,2.2202904E-02));
#2317 = CARTESIAN_POINT('',(2.274517254,0.125002495,1.9367246E-02));
#2318 = CARTESIAN_POINT('',(2.273591727,0.124992067,1.6727731E-02));
#2319 = CARTESIAN_POINT('',(2.272666159,0.124981639,1.4088101E-02));
#2320 = CARTESIAN_POINT('',(2.271271987,0.12495662,1.1571629E-02));
#2321 = CARTESIAN_POINT('',(2.269525804,0.124880075,9.38773E-03));
#2322 = CARTESIAN_POINT('',(2.267782742,0.124803667,7.207733E-03));
#2323 = CARTESIAN_POINT('',(2.265640098,0.124671577,5.29887E-03));
#2324 = CARTESIAN_POINT('',(2.263282033,0.124449545,3.820113E-03));
#2325 = CARTESIAN_POINT('',(2.260940235,0.124229045,2.351558E-03));
#2326 = CARTESIAN_POINT('',(2.258321932,0.123911853,1.266907E-03));
#2327 = CARTESIAN_POINT('',(2.255651681,0.123493492,6.472075519E-04));
#2328 = CARTESIAN_POINT('',(2.253796644,0.123202854,2.166991768E-04));
#2329 = CARTESIAN_POINT('',(2.251887467,0.122859765,-5.150793624E-14));
#2330 = CARTESIAN_POINT('',(2.25,0.122474487,0.));
#2331 = ORIENTED_EDGE('',*,*,#2121,.F.);
#2332 = ORIENTED_EDGE('',*,*,#2333,.T.);
#2333 = EDGE_CURVE('',#2122,#2334,#2336,.T.);
#2334 = VERTEX_POINT('',#2335);
#2335 = CARTESIAN_POINT('',(2.275,-0.125,2.5E-02));
#2336 = B_SPLINE_CURVE_WITH_KNOTS('',3,(#2337,#2338,#2339,#2340,#2341,
    #2342,#2343,#2344,#2345,#2346,#2347,#2348,#2349,#2350,#2351,#2352),
  .UNSPECIFIED.,.F.,.F.,(4,3,3,3,3,4),(0.,8.380944012E-06,
    1.676915993E-05,2.506776194E-05,3.340280906E-05,3.921670884E-05),
  .UNSPECIFIED.);
#2337 = CARTESIAN_POINT('',(2.25,-0.122474487,0.));
#2338 = CARTESIAN_POINT('',(2.252737205,-0.123033217,0.));
#2339 = CARTESIAN_POINT('',(2.255532616,-0.123503073,4.629325389E-04));
#2340 = CARTESIAN_POINT('',(2.258152002,-0.123859376,1.366446E-03));
#2341 = CARTESIAN_POINT('',(2.260772875,-0.124215881,2.270473E-03));
#2342 = CARTESIAN_POINT('',(2.263288721,-0.124469572,3.641273E-03));
#2343 = CARTESIAN_POINT('',(2.26547972,-0.12463693,5.368946E-03));
#2344 = CARTESIAN_POINT('',(2.267648188,-0.124802566,7.078853E-03));
#2345 = CARTESIAN_POINT('',(2.269558247,-0.124890416,9.184621E-03));
#2346 = CARTESIAN_POINT('',(2.271050418,-0.124937588,1.1513714E-02));
#2347 = CARTESIAN_POINT('',(2.272549122,-0.124984965,1.3853005E-02));
#2348 = CARTESIAN_POINT('',(2.273667604,-0.12499457,1.6481483E-02));
#2349 = CARTESIAN_POINT('',(2.274314036,-0.124998118,1.9183844E-02));
#2350 = CARTESIAN_POINT('',(2.274768197,-0.12500061,2.1082434E-02));
#2351 = CARTESIAN_POINT('',(2.275,-0.125,2.3047844E-02));
#2352 = CARTESIAN_POINT('',(2.275,-0.125,2.5E-02));
#2353 = ORIENTED_EDGE('',*,*,#2354,.T.);
#2354 = EDGE_CURVE('',#2334,#2312,#2355,.T.);
#2355 = CIRCLE('',#2356,0.125);
#2356 = AXIS2_PLACEMENT_3D('',#2357,#2358,#2359);
#2357 = CARTESIAN_POINT('',(2.275,-4.33680869E-16,2.5E-02));
#2358 = DIRECTION('',(0.,0.,-1.));
#2359 = DIRECTION('',(-1.,0.,0.));
#2360 = CYLINDRICAL_SURFACE('',#2361,0.125);
#2361 = AXIS2_PLACEMENT_3D('',#2362,#2363,#2364);
#2362 = CARTESIAN_POINT('',(2.275,-4.33680869E-16,0.));
#2363 = DIRECTION('',(0.,0.,1.));
#2364 = DIRECTION('',(1.,0.,0.));
#2365 = ADVANCED_FACE('',(#2366),#2377,.T.);
#2366 = FACE_BOUND('',#2367,.T.);
#2367 = EDGE_LOOP('',(#2368,#2374,#2375,#2376));
#2368 = ORIENTED_EDGE('',*,*,#2369,.F.);
#2369 = EDGE_CURVE('',#2312,#2188,#2370,.T.);
#2370 = LINE('',#2371,#2372);
#2371 = CARTESIAN_POINT('',(2.275,1.62,2.5E-02));
#2372 = VECTOR('',#2373,1.);
#2373 = DIRECTION('',(0.,1.,0.));
#2374 = ORIENTED_EDGE('',*,*,#2311,.T.);
#2375 = ORIENTED_EDGE('',*,*,#2164,.F.);
#2376 = ORIENTED_EDGE('',*,*,#2196,.T.);
#2377 = CYLINDRICAL_SURFACE('',#2378,2.5E-02);
#2378 = AXIS2_PLACEMENT_3D('',#2379,#2380,#2381);
#2379 = CARTESIAN_POINT('',(2.25,0.,2.5E-02));
#2380 = DIRECTION('',(0.,1.,0.));
#2381 = DIRECTION('',(0.,0.,1.));
#2382 = ADVANCED_FACE('',(#2383),#2394,.T.);
#2383 = FACE_BOUND('',#2384,.T.);
#2384 = EDGE_LOOP('',(#2385,#2386,#2387,#2393));
#2385 = ORIENTED_EDGE('',*,*,#2132,.F.);
#2386 = ORIENTED_EDGE('',*,*,#2333,.T.);
#2387 = ORIENTED_EDGE('',*,*,#2388,.F.);
#2388 = EDGE_CURVE('',#2212,#2334,#2389,.T.);
#2389 = LINE('',#2390,#2391);
#2390 = CARTESIAN_POINT('',(2.275,1.62,2.5E-02));
#2391 = VECTOR('',#2392,1.);
#2392 = DIRECTION('',(0.,1.,0.));
#2393 = ORIENTED_EDGE('',*,*,#2211,.F.);
#2394 = CYLINDRICAL_SURFACE('',#2395,2.5E-02);
#2395 = AXIS2_PLACEMENT_3D('',#2396,#2397,#2398);
#2396 = CARTESIAN_POINT('',(2.25,0.,2.5E-02));
#2397 = DIRECTION('',(0.,1.,0.));
#2398 = DIRECTION('',(0.,0.,1.));
#2399 = ADVANCED_FACE('',(#2400),#2410,.F.);
#2400 = FACE_BOUND('',#2401,.T.);
#2401 = EDGE_LOOP('',(#2402,#2403,#2404,#2405,#2406,#2407,#2408,#2409));
#2402 = ORIENTED_EDGE('',*,*,#2187,.F.);
#2403 = ORIENTED_EDGE('',*,*,#2296,.T.);
#2404 = ORIENTED_EDGE('',*,*,#2244,.T.);
#2405 = ORIENTED_EDGE('',*,*,#2277,.T.);
#2406 = ORIENTED_EDGE('',*,*,#2220,.F.);
#2407 = ORIENTED_EDGE('',*,*,#2388,.T.);
#2408 = ORIENTED_EDGE('',*,*,#2354,.T.);
#2409 = ORIENTED_EDGE('',*,*,#2369,.T.);
#2410 = PLANE('',#2411);
#2411 = AXIS2_PLACEMENT_3D('',#2412,#2413,#2414);
#2412 = CARTESIAN_POINT('',(2.275,1.760073349,2.5E-02));
#2413 = DIRECTION('',(0.,0.,-1.));
#2414 = DIRECTION('',(-1.,0.,0.));
#2415 = MANIFOLD_SOLID_BREP('',#2416);
#2416 = CLOSED_SHELL('',(#2417,#2472,#2514,#2560,#2592,#2624,#2649,#2674
    ,#2696,#2718,#2733));
#2417 = ADVANCED_FACE('',(#2418),#2467,.F.);
#2418 = FACE_BOUND('',#2419,.F.);
#2419 = EDGE_LOOP('',(#2420,#2443,#2452,#2460));
#2420 = ORIENTED_EDGE('',*,*,#2421,.F.);
#2421 = EDGE_CURVE('',#2422,#2424,#2426,.T.);
#2422 = VERTEX_POINT('',#2423);
#2423 = CARTESIAN_POINT('',(-2.25,0.122474487,0.85));
#2424 = VERTEX_POINT('',#2425);
#2425 = CARTESIAN_POINT('',(-2.275,0.125,0.825));
#2426 = B_SPLINE_CURVE_WITH_KNOTS('',3,(#2427,#2428,#2429,#2430,#2431,
    #2432,#2433,#2434,#2435,#2436,#2437,#2438,#2439,#2440,#2441,#2442),
  .UNSPECIFIED.,.F.,.F.,(4,3,3,3,3,4),(0.,8.380944012E-06,
    1.676915993E-05,2.506776194E-05,3.340280906E-05,3.921670884E-05),
  .UNSPECIFIED.);
#2427 = CARTESIAN_POINT('',(-2.25,0.122474487,0.85));
#2428 = CARTESIAN_POINT('',(-2.252737205,0.123033217,0.85));
#2429 = CARTESIAN_POINT('',(-2.255532616,0.123503073,0.849537067));
#2430 = CARTESIAN_POINT('',(-2.258152002,0.123859376,0.848633554));
#2431 = CARTESIAN_POINT('',(-2.260772875,0.124215881,0.847729527));
#2432 = CARTESIAN_POINT('',(-2.263288721,0.124469572,0.846358727));
#2433 = CARTESIAN_POINT('',(-2.26547972,0.12463693,0.844631054));
#2434 = CARTESIAN_POINT('',(-2.267648188,0.124802566,0.842921147));
#2435 = CARTESIAN_POINT('',(-2.269558247,0.124890416,0.840815379));
#2436 = CARTESIAN_POINT('',(-2.271050418,0.124937588,0.838486286));
#2437 = CARTESIAN_POINT('',(-2.272549122,0.124984965,0.836146995));
#2438 = CARTESIAN_POINT('',(-2.273667604,0.12499457,0.833518517));
#2439 = CARTESIAN_POINT('',(-2.274314036,0.124998118,0.830816156));
#2440 = CARTESIAN_POINT('',(-2.274768197,0.12500061,0.828917566));
#2441 = CARTESIAN_POINT('',(-2.275,0.125,0.826952156));
#2442 = CARTESIAN_POINT('',(-2.275,0.125,0.825));
#2443 = ORIENTED_EDGE('',*,*,#2444,.F.);
#2444 = EDGE_CURVE('',#2445,#2422,#2447,.T.);
#2445 = VERTEX_POINT('',#2446);
#2446 = CARTESIAN_POINT('',(-2.15,-4.33680869E-16,0.85));
#2447 = CIRCLE('',#2448,0.125);
#2448 = AXIS2_PLACEMENT_3D('',#2449,#2450,#2451);
#2449 = CARTESIAN_POINT('',(-2.275,-4.33680869E-16,0.85));
#2450 = DIRECTION('',(0.,0.,1.));
#2451 = DIRECTION('',(1.,0.,0.));
#2452 = ORIENTED_EDGE('',*,*,#2453,.F.);
#2453 = EDGE_CURVE('',#2454,#2445,#2456,.T.);
#2454 = VERTEX_POINT('',#2455);
#2455 = CARTESIAN_POINT('',(-2.15,-4.33680869E-16,0.825));
#2456 = LINE('',#2457,#2458);
#2457 = CARTESIAN_POINT('',(-2.15,-4.33680869E-16,0.));
#2458 = VECTOR('',#2459,1.);
#2459 = DIRECTION('',(0.,0.,1.));
#2460 = ORIENTED_EDGE('',*,*,#2461,.F.);
#2461 = EDGE_CURVE('',#2424,#2454,#2462,.T.);
#2462 = CIRCLE('',#2463,0.125);
#2463 = AXIS2_PLACEMENT_3D('',#2464,#2465,#2466);
#2464 = CARTESIAN_POINT('',(-2.275,-4.33680869E-16,0.825));
#2465 = DIRECTION('',(0.,0.,-1.));
#2466 = DIRECTION('',(1.,0.,0.));
#2467 = CYLINDRICAL_SURFACE('',#2468,0.125);
#2468 = AXIS2_PLACEMENT_3D('',#2469,#2470,#2471);
#2469 = CARTESIAN_POINT('',(-2.275,-4.33680869E-16,0.));
#2470 = DIRECTION('',(0.,0.,1.));
#2471 = DIRECTION('',(1.,0.,0.));
#2472 = ADVANCED_FACE('',(#2473),#2509,.F.);
#2473 = FACE_BOUND('',#2474,.T.);
#2474 = EDGE_LOOP('',(#2475,#2486,#2494,#2503));
#2475 = ORIENTED_EDGE('',*,*,#2476,.T.);
#2476 = EDGE_CURVE('',#2477,#2479,#2481,.T.);
#2477 = VERTEX_POINT('',#2478);
#2478 = CARTESIAN_POINT('',(-1.975,-1.595,0.85));
#2479 = VERTEX_POINT('',#2480);
#2480 = CARTESIAN_POINT('',(-1.975,-1.62,0.825));
#2481 = CIRCLE('',#2482,2.5E-02);
#2482 = AXIS2_PLACEMENT_3D('',#2483,#2484,#2485);
#2483 = CARTESIAN_POINT('',(-1.975,-1.595,0.825));
#2484 = DIRECTION('',(1.,0.,-0.));
#2485 = DIRECTION('',(0.,0.,1.));
#2486 = ORIENTED_EDGE('',*,*,#2487,.T.);
#2487 = EDGE_CURVE('',#2479,#2488,#2490,.T.);
#2488 = VERTEX_POINT('',#2489);
#2489 = CARTESIAN_POINT('',(-1.975,1.62,0.825));
#2490 = LINE('',#2491,#2492);
#2491 = CARTESIAN_POINT('',(-1.975,0.,0.825));
#2492 = VECTOR('',#2493,1.);
#2493 = DIRECTION('',(0.,1.,0.));
#2494 = ORIENTED_EDGE('',*,*,#2495,.T.);
#2495 = EDGE_CURVE('',#2488,#2496,#2498,.T.);
#2496 = VERTEX_POINT('',#2497);
#2497 = CARTESIAN_POINT('',(-1.975,1.595,0.85));
#2498 = CIRCLE('',#2499,2.5E-02);
#2499 = AXIS2_PLACEMENT_3D('',#2500,#2501,#2502);
#2500 = CARTESIAN_POINT('',(-1.975,1.595,0.825));
#2501 = DIRECTION('',(1.,0.,0.));
#2502 = DIRECTION('',(0.,-2.602085214E-14,1.));
#2503 = ORIENTED_EDGE('',*,*,#2504,.T.);
#2504 = EDGE_CURVE('',#2496,#2477,#2505,.T.);
#2505 = LINE('',#2506,#2507);
#2506 = CARTESIAN_POINT('',(-1.975,0.,0.85));
#2507 = VECTOR('',#2508,1.);
#2508 = DIRECTION('',(0.,-1.,0.));
#2509 = PLANE('',#2510);
#2510 = AXIS2_PLACEMENT_3D('',#2511,#2512,#2513);
#2511 = CARTESIAN_POINT('',(-1.975,0.,0.));
#2512 = DIRECTION('',(-1.,0.,0.));
#2513 = DIRECTION('',(0.,0.,1.));
#2514 = ADVANCED_FACE('',(#2515),#2555,.F.);
#2515 = FACE_BOUND('',#2516,.F.);
#2516 = EDGE_LOOP('',(#2517,#2526,#2547,#2554));
#2517 = ORIENTED_EDGE('',*,*,#2518,.F.);
#2518 = EDGE_CURVE('',#2519,#2445,#2521,.T.);
#2519 = VERTEX_POINT('',#2520);
#2520 = CARTESIAN_POINT('',(-2.25,-0.122474487,0.85));
#2521 = CIRCLE('',#2522,0.125);
#2522 = AXIS2_PLACEMENT_3D('',#2523,#2524,#2525);
#2523 = CARTESIAN_POINT('',(-2.275,-4.33680869E-16,0.85));
#2524 = DIRECTION('',(0.,0.,1.));
#2525 = DIRECTION('',(1.,0.,0.));
#2526 = ORIENTED_EDGE('',*,*,#2527,.F.);
#2527 = EDGE_CURVE('',#2528,#2519,#2530,.T.);
#2528 = VERTEX_POINT('',#2529);
#2529 = CARTESIAN_POINT('',(-2.275,-0.125,0.825));
#2530 = B_SPLINE_CURVE_WITH_KNOTS('',3,(#2531,#2532,#2533,#2534,#2535,
    #2536,#2537,#2538,#2539,#2540,#2541,#2542,#2543,#2544,#2545,#2546),
  .UNSPECIFIED.,.F.,.F.,(4,3,3,3,3,4),(0.,8.391288793E-06,
    1.678328423E-05,2.516102337E-05,3.34794602E-05,3.921462377E-05),
  .UNSPECIFIED.);
#2531 = CARTESIAN_POINT('',(-2.275,-0.125,0.825));
#2532 = CARTESIAN_POINT('',(-2.275,-0.125,0.827797096));
#2533 = CARTESIAN_POINT('',(-2.274517254,-0.125002495,0.830632754));
#2534 = CARTESIAN_POINT('',(-2.273591727,-0.124992067,0.833272269));
#2535 = CARTESIAN_POINT('',(-2.272666159,-0.124981639,0.835911899));
#2536 = CARTESIAN_POINT('',(-2.271271987,-0.12495662,0.838428371));
#2537 = CARTESIAN_POINT('',(-2.269525804,-0.124880075,0.84061227));
#2538 = CARTESIAN_POINT('',(-2.267782742,-0.124803667,0.842792267));
#2539 = CARTESIAN_POINT('',(-2.265640098,-0.124671577,0.84470113));
#2540 = CARTESIAN_POINT('',(-2.263282033,-0.124449545,0.846179887));
#2541 = CARTESIAN_POINT('',(-2.260940235,-0.124229045,0.847648442));
#2542 = CARTESIAN_POINT('',(-2.258321932,-0.123911853,0.848733093));
#2543 = CARTESIAN_POINT('',(-2.255651681,-0.123493492,0.849352792));
#2544 = CARTESIAN_POINT('',(-2.253796644,-0.123202854,0.849783301));
#2545 = CARTESIAN_POINT('',(-2.251887467,-0.122859765,0.85));
#2546 = CARTESIAN_POINT('',(-2.25,-0.122474487,0.85));
#2547 = ORIENTED_EDGE('',*,*,#2548,.F.);
#2548 = EDGE_CURVE('',#2454,#2528,#2549,.T.);
#2549 = CIRCLE('',#2550,0.125);
#2550 = AXIS2_PLACEMENT_3D('',#2551,#2552,#2553);
#2551 = CARTESIAN_POINT('',(-2.275,-4.33680869E-16,0.825));
#2552 = DIRECTION('',(0.,0.,-1.));
#2553 = DIRECTION('',(1.,0.,0.));
#2554 = ORIENTED_EDGE('',*,*,#2453,.T.);
#2555 = CYLINDRICAL_SURFACE('',#2556,0.125);
#2556 = AXIS2_PLACEMENT_3D('',#2557,#2558,#2559);
#2557 = CARTESIAN_POINT('',(-2.275,-4.33680869E-16,0.));
#2558 = DIRECTION('',(0.,0.,1.));
#2559 = DIRECTION('',(1.,0.,0.));
#2560 = ADVANCED_FACE('',(#2561),#2587,.T.);
#2561 = FACE_BOUND('',#2562,.T.);
#2562 = EDGE_LOOP('',(#2563,#2564,#2572,#2581));
#2563 = ORIENTED_EDGE('',*,*,#2421,.F.);
#2564 = ORIENTED_EDGE('',*,*,#2565,.F.);
#2565 = EDGE_CURVE('',#2566,#2422,#2568,.T.);
#2566 = VERTEX_POINT('',#2567);
#2567 = CARTESIAN_POINT('',(-2.25,1.595,0.85));
#2568 = LINE('',#2569,#2570);
#2569 = CARTESIAN_POINT('',(-2.25,-1.62,0.85));
#2570 = VECTOR('',#2571,1.);
#2571 = DIRECTION('',(0.,-1.,0.));
#2572 = ORIENTED_EDGE('',*,*,#2573,.T.);
#2573 = EDGE_CURVE('',#2566,#2574,#2576,.T.);
#2574 = VERTEX_POINT('',#2575);
#2575 = CARTESIAN_POINT('',(-2.275,1.595,0.825));
#2576 = CIRCLE('',#2577,2.5E-02);
#2577 = AXIS2_PLACEMENT_3D('',#2578,#2579,#2580);
#2578 = CARTESIAN_POINT('',(-2.25,1.595,0.825));
#2579 = DIRECTION('',(0.,-1.,0.));
#2580 = DIRECTION('',(0.,0.,1.));
#2581 = ORIENTED_EDGE('',*,*,#2582,.F.);
#2582 = EDGE_CURVE('',#2424,#2574,#2583,.T.);
#2583 = LINE('',#2584,#2585);
#2584 = CARTESIAN_POINT('',(-2.275,1.62,0.825));
#2585 = VECTOR('',#2586,1.);
#2586 = DIRECTION('',(0.,1.,0.));
#2587 = CYLINDRICAL_SURFACE('',#2588,2.5E-02);
#2588 = AXIS2_PLACEMENT_3D('',#2589,#2590,#2591);
#2589 = CARTESIAN_POINT('',(-2.25,0.,0.825));
#2590 = DIRECTION('',(0.,1.,0.));
#2591 = DIRECTION('',(0.,0.,1.));
#2592 = ADVANCED_FACE('',(#2593),#2619,.T.);
#2593 = FACE_BOUND('',#2594,.T.);
#2594 = EDGE_LOOP('',(#2595,#2596,#2604,#2613));
#2595 = ORIENTED_EDGE('',*,*,#2527,.F.);
#2596 = ORIENTED_EDGE('',*,*,#2597,.F.);
#2597 = EDGE_CURVE('',#2598,#2528,#2600,.T.);
#2598 = VERTEX_POINT('',#2599);
#2599 = CARTESIAN_POINT('',(-2.275,-1.595,0.825));
#2600 = LINE('',#2601,#2602);
#2601 = CARTESIAN_POINT('',(-2.275,1.62,0.825));
#2602 = VECTOR('',#2603,1.);
#2603 = DIRECTION('',(0.,1.,0.));
#2604 = ORIENTED_EDGE('',*,*,#2605,.F.);
#2605 = EDGE_CURVE('',#2606,#2598,#2608,.T.);
#2606 = VERTEX_POINT('',#2607);
#2607 = CARTESIAN_POINT('',(-2.25,-1.595,0.85));
#2608 = CIRCLE('',#2609,2.5E-02);
#2609 = AXIS2_PLACEMENT_3D('',#2610,#2611,#2612);
#2610 = CARTESIAN_POINT('',(-2.25,-1.595,0.825));
#2611 = DIRECTION('',(8.67361738E-15,-1.,0.));
#2612 = DIRECTION('',(1.,8.67361738E-15,0.));
#2613 = ORIENTED_EDGE('',*,*,#2614,.F.);
#2614 = EDGE_CURVE('',#2519,#2606,#2615,.T.);
#2615 = LINE('',#2616,#2617);
#2616 = CARTESIAN_POINT('',(-2.25,-1.62,0.85));
#2617 = VECTOR('',#2618,1.);
#2618 = DIRECTION('',(0.,-1.,0.));
#2619 = CYLINDRICAL_SURFACE('',#2620,2.5E-02);
#2620 = AXIS2_PLACEMENT_3D('',#2621,#2622,#2623);
#2621 = CARTESIAN_POINT('',(-2.25,0.,0.825));
#2622 = DIRECTION('',(0.,1.,0.));
#2623 = DIRECTION('',(0.,0.,1.));
#2624 = ADVANCED_FACE('',(#2625),#2644,.T.);
#2625 = FACE_BOUND('',#2626,.T.);
#2626 = EDGE_LOOP('',(#2627,#2636,#2643));
#2627 = ORIENTED_EDGE('',*,*,#2628,.T.);
#2628 = EDGE_CURVE('',#2566,#2629,#2631,.T.);
#2629 = VERTEX_POINT('',#2630);
#2630 = CARTESIAN_POINT('',(-2.25,1.62,0.825));
#2631 = CIRCLE('',#2632,2.5E-02);
#2632 = AXIS2_PLACEMENT_3D('',#2633,#2634,#2635);
#2633 = CARTESIAN_POINT('',(-2.25,1.595,0.825));
#2634 = DIRECTION('',(-1.,0.,0.));
#2635 = DIRECTION('',(0.,0.,1.));
#2636 = ORIENTED_EDGE('',*,*,#2637,.T.);
#2637 = EDGE_CURVE('',#2629,#2574,#2638,.T.);
#2638 = CIRCLE('',#2639,2.5E-02);
#2639 = AXIS2_PLACEMENT_3D('',#2640,#2641,#2642);
#2640 = CARTESIAN_POINT('',(-2.25,1.595,0.825));
#2641 = DIRECTION('',(0.,0.,1.));
#2642 = DIRECTION('',(1.,0.,0.));
#2643 = ORIENTED_EDGE('',*,*,#2573,.F.);
#2644 = SPHERICAL_SURFACE('',#2645,2.5E-02);
#2645 = AXIS2_PLACEMENT_3D('',#2646,#2647,#2648);
#2646 = CARTESIAN_POINT('',(-2.25,1.595,0.825));
#2647 = DIRECTION('',(1.,0.,0.));
#2648 = DIRECTION('',(0.,0.,1.));
#2649 = ADVANCED_FACE('',(#2650),#2669,.T.);
#2650 = FACE_BOUND('',#2651,.T.);
#2651 = EDGE_LOOP('',(#2652,#2661,#2662));
#2652 = ORIENTED_EDGE('',*,*,#2653,.T.);
#2653 = EDGE_CURVE('',#2654,#2606,#2656,.T.);
#2654 = VERTEX_POINT('',#2655);
#2655 = CARTESIAN_POINT('',(-2.25,-1.62,0.825));
#2656 = CIRCLE('',#2657,2.5E-02);
#2657 = AXIS2_PLACEMENT_3D('',#2658,#2659,#2660);
#2658 = CARTESIAN_POINT('',(-2.25,-1.595,0.825));
#2659 = DIRECTION('',(-1.,0.,0.));
#2660 = DIRECTION('',(0.,0.,1.));
#2661 = ORIENTED_EDGE('',*,*,#2605,.T.);
#2662 = ORIENTED_EDGE('',*,*,#2663,.F.);
#2663 = EDGE_CURVE('',#2654,#2598,#2664,.T.);
#2664 = CIRCLE('',#2665,2.5E-02);
#2665 = AXIS2_PLACEMENT_3D('',#2666,#2667,#2668);
#2666 = CARTESIAN_POINT('',(-2.25,-1.595,0.825));
#2667 = DIRECTION('',(0.,0.,-1.));
#2668 = DIRECTION('',(1.,0.,0.));
#2669 = SPHERICAL_SURFACE('',#2670,2.5E-02);
#2670 = AXIS2_PLACEMENT_3D('',#2671,#2672,#2673);
#2671 = CARTESIAN_POINT('',(-2.25,-1.595,0.825));
#2672 = DIRECTION('',(1.,0.,0.));
#2673 = DIRECTION('',(0.,-1.,8.67361738E-15));
#2674 = ADVANCED_FACE('',(#2675),#2691,.T.);
#2675 = FACE_BOUND('',#2676,.T.);
#2676 = EDGE_LOOP('',(#2677,#2678,#2684,#2685));
#2677 = ORIENTED_EDGE('',*,*,#2476,.F.);
#2678 = ORIENTED_EDGE('',*,*,#2679,.F.);
#2679 = EDGE_CURVE('',#2606,#2477,#2680,.T.);
#2680 = LINE('',#2681,#2682);
#2681 = CARTESIAN_POINT('',(2.275,-1.595,0.85));
#2682 = VECTOR('',#2683,1.);
#2683 = DIRECTION('',(1.,-4.765723835E-17,0.));
#2684 = ORIENTED_EDGE('',*,*,#2653,.F.);
#2685 = ORIENTED_EDGE('',*,*,#2686,.F.);
#2686 = EDGE_CURVE('',#2479,#2654,#2687,.T.);
#2687 = LINE('',#2688,#2689);
#2688 = CARTESIAN_POINT('',(-2.275,-1.62,0.825));
#2689 = VECTOR('',#2690,1.);
#2690 = DIRECTION('',(-1.,4.765723835E-17,0.));
#2691 = CYLINDRICAL_SURFACE('',#2692,2.5E-02);
#2692 = AXIS2_PLACEMENT_3D('',#2693,#2694,#2695);
#2693 = CARTESIAN_POINT('',(-7.601329517E-17,-1.595,0.825));
#2694 = DIRECTION('',(-1.,4.765723835E-17,0.));
#2695 = DIRECTION('',(-4.765723835E-17,-1.,0.));
#2696 = ADVANCED_FACE('',(#2697),#2713,.T.);
#2697 = FACE_BOUND('',#2698,.T.);
#2698 = EDGE_LOOP('',(#2699,#2700,#2706,#2707));
#2699 = ORIENTED_EDGE('',*,*,#2495,.F.);
#2700 = ORIENTED_EDGE('',*,*,#2701,.F.);
#2701 = EDGE_CURVE('',#2629,#2488,#2702,.T.);
#2702 = LINE('',#2703,#2704);
#2703 = CARTESIAN_POINT('',(-2.316141784E-16,1.62,0.825));
#2704 = VECTOR('',#2705,1.);
#2705 = DIRECTION('',(1.,1.429717151E-16,0.));
#2706 = ORIENTED_EDGE('',*,*,#2628,.F.);
#2707 = ORIENTED_EDGE('',*,*,#2708,.F.);
#2708 = EDGE_CURVE('',#2496,#2566,#2709,.T.);
#2709 = LINE('',#2710,#2711);
#2710 = CARTESIAN_POINT('',(-2.280398855E-16,1.595,0.85));
#2711 = VECTOR('',#2712,1.);
#2712 = DIRECTION('',(-1.,-1.429717151E-16,0.));
#2713 = CYLINDRICAL_SURFACE('',#2714,2.5E-02);
#2714 = AXIS2_PLACEMENT_3D('',#2715,#2716,#2717);
#2715 = CARTESIAN_POINT('',(-2.280398855E-16,1.595,0.825));
#2716 = DIRECTION('',(1.,1.429717151E-16,0.));
#2717 = DIRECTION('',(-1.429717151E-16,1.,0.));
#2718 = ADVANCED_FACE('',(#2719),#2728,.T.);
#2719 = FACE_BOUND('',#2720,.T.);
#2720 = EDGE_LOOP('',(#2721,#2722,#2723,#2724,#2725,#2726,#2727));
#2721 = ORIENTED_EDGE('',*,*,#2518,.F.);
#2722 = ORIENTED_EDGE('',*,*,#2614,.T.);
#2723 = ORIENTED_EDGE('',*,*,#2679,.T.);
#2724 = ORIENTED_EDGE('',*,*,#2504,.F.);
#2725 = ORIENTED_EDGE('',*,*,#2708,.T.);
#2726 = ORIENTED_EDGE('',*,*,#2565,.T.);
#2727 = ORIENTED_EDGE('',*,*,#2444,.F.);
#2728 = PLANE('',#2729);
#2729 = AXIS2_PLACEMENT_3D('',#2730,#2731,#2732);
#2730 = CARTESIAN_POINT('',(0.,0.,0.85));
#2731 = DIRECTION('',(0.,0.,1.));
#2732 = DIRECTION('',(1.,0.,0.));
#2733 = ADVANCED_FACE('',(#2734),#2745,.F.);
#2734 = FACE_BOUND('',#2735,.T.);
#2735 = EDGE_LOOP('',(#2736,#2737,#2738,#2739,#2740,#2741,#2742,#2743,
    #2744));
#2736 = ORIENTED_EDGE('',*,*,#2637,.F.);
#2737 = ORIENTED_EDGE('',*,*,#2701,.T.);
#2738 = ORIENTED_EDGE('',*,*,#2487,.F.);
#2739 = ORIENTED_EDGE('',*,*,#2686,.T.);
#2740 = ORIENTED_EDGE('',*,*,#2663,.T.);
#2741 = ORIENTED_EDGE('',*,*,#2597,.T.);
#2742 = ORIENTED_EDGE('',*,*,#2548,.F.);
#2743 = ORIENTED_EDGE('',*,*,#2461,.F.);
#2744 = ORIENTED_EDGE('',*,*,#2582,.T.);
#2745 = PLANE('',#2746);
#2746 = AXIS2_PLACEMENT_3D('',#2747,#2748,#2749);
#2747 = CARTESIAN_POINT('',(2.275,-1.66529163,0.825));
#2748 = DIRECTION('',(0.,0.,1.));
#2749 = DIRECTION('',(1.,0.,0.));
#2750 = MANIFOLD_SOLID_BREP('',#2751);
#2751 = CLOSED_SHELL('',(#2752,#2807,#2863,#2896,#2921,#2946,#2971,#2996
    ,#3034,#3051,#3068));
#2752 = ADVANCED_FACE('',(#2753),#2802,.F.);
#2753 = FACE_BOUND('',#2754,.F.);
#2754 = EDGE_LOOP('',(#2755,#2778,#2787,#2795));
#2755 = ORIENTED_EDGE('',*,*,#2756,.F.);
#2756 = EDGE_CURVE('',#2757,#2759,#2761,.T.);
#2757 = VERTEX_POINT('',#2758);
#2758 = CARTESIAN_POINT('',(-2.275,0.125,2.5E-02));
#2759 = VERTEX_POINT('',#2760);
#2760 = CARTESIAN_POINT('',(-2.25,0.122474487,0.));
#2761 = B_SPLINE_CURVE_WITH_KNOTS('',3,(#2762,#2763,#2764,#2765,#2766,
    #2767,#2768,#2769,#2770,#2771,#2772,#2773,#2774,#2775,#2776,#2777),
  .UNSPECIFIED.,.F.,.F.,(4,3,3,3,3,4),(3.388131789E-21,8.391288793E-06,
    1.678328423E-05,2.516102337E-05,3.34794602E-05,3.921462377E-05),
  .UNSPECIFIED.);
#2762 = CARTESIAN_POINT('',(-2.275,0.125,2.5E-02));
#2763 = CARTESIAN_POINT('',(-2.275,0.125,2.2202904E-02));
#2764 = CARTESIAN_POINT('',(-2.274517254,0.125002495,1.9367246E-02));
#2765 = CARTESIAN_POINT('',(-2.273591727,0.124992067,1.6727731E-02));
#2766 = CARTESIAN_POINT('',(-2.272666159,0.124981639,1.4088101E-02));
#2767 = CARTESIAN_POINT('',(-2.271271987,0.12495662,1.1571629E-02));
#2768 = CARTESIAN_POINT('',(-2.269525804,0.124880075,9.38773E-03));
#2769 = CARTESIAN_POINT('',(-2.267782742,0.124803667,7.207733E-03));
#2770 = CARTESIAN_POINT('',(-2.265640098,0.124671577,5.29887E-03));
#2771 = CARTESIAN_POINT('',(-2.263282033,0.124449545,3.820113E-03));
#2772 = CARTESIAN_POINT('',(-2.260940235,0.124229045,2.351558E-03));
#2773 = CARTESIAN_POINT('',(-2.258321932,0.123911853,1.266907E-03));
#2774 = CARTESIAN_POINT('',(-2.255651681,0.123493492,6.472075519E-04));
#2775 = CARTESIAN_POINT('',(-2.253796644,0.123202854,2.166991768E-04));
#2776 = CARTESIAN_POINT('',(-2.251887467,0.122859765,-5.155198195E-14));
#2777 = CARTESIAN_POINT('',(-2.25,0.122474487,0.));
#2778 = ORIENTED_EDGE('',*,*,#2779,.F.);
#2779 = EDGE_CURVE('',#2780,#2757,#2782,.T.);
#2780 = VERTEX_POINT('',#2781);
#2781 = CARTESIAN_POINT('',(-2.15,-4.33680869E-16,2.5E-02));
#2782 = CIRCLE('',#2783,0.125);
#2783 = AXIS2_PLACEMENT_3D('',#2784,#2785,#2786);
#2784 = CARTESIAN_POINT('',(-2.275,-4.33680869E-16,2.5E-02));
#2785 = DIRECTION('',(0.,0.,1.));
#2786 = DIRECTION('',(-1.,0.,0.));
#2787 = ORIENTED_EDGE('',*,*,#2788,.F.);
#2788 = EDGE_CURVE('',#2789,#2780,#2791,.T.);
#2789 = VERTEX_POINT('',#2790);
#2790 = CARTESIAN_POINT('',(-2.15,-4.33680869E-16,0.));
#2791 = LINE('',#2792,#2793);
#2792 = CARTESIAN_POINT('',(-2.15,-4.33680869E-16,0.));
#2793 = VECTOR('',#2794,1.);
#2794 = DIRECTION('',(0.,0.,1.));
#2795 = ORIENTED_EDGE('',*,*,#2796,.T.);
#2796 = EDGE_CURVE('',#2789,#2759,#2797,.T.);
#2797 = CIRCLE('',#2798,0.125);
#2798 = AXIS2_PLACEMENT_3D('',#2799,#2800,#2801);
#2799 = CARTESIAN_POINT('',(-2.275,-4.33680869E-16,0.));
#2800 = DIRECTION('',(0.,0.,1.));
#2801 = DIRECTION('',(1.,0.,0.));
#2802 = CYLINDRICAL_SURFACE('',#2803,0.125);
#2803 = AXIS2_PLACEMENT_3D('',#2804,#2805,#2806);
#2804 = CARTESIAN_POINT('',(-2.275,-4.33680869E-16,0.));
#2805 = DIRECTION('',(0.,0.,1.));
#2806 = DIRECTION('',(1.,0.,0.));
#2807 = ADVANCED_FACE('',(#2808),#2858,.F.);
#2808 = FACE_BOUND('',#2809,.T.);
#2809 = EDGE_LOOP('',(#2810,#2820,#2827,#2828,#2836,#2844,#2852));
#2810 = ORIENTED_EDGE('',*,*,#2811,.T.);
#2811 = EDGE_CURVE('',#2812,#2814,#2816,.T.);
#2812 = VERTEX_POINT('',#2813);
#2813 = CARTESIAN_POINT('',(-2.25,-1.595,0.));
#2814 = VERTEX_POINT('',#2815);
#2815 = CARTESIAN_POINT('',(-2.25,-0.122474487,0.));
#2816 = LINE('',#2817,#2818);
#2817 = CARTESIAN_POINT('',(-2.25,0.,0.));
#2818 = VECTOR('',#2819,1.);
#2819 = DIRECTION('',(0.,1.,0.));
#2820 = ORIENTED_EDGE('',*,*,#2821,.T.);
#2821 = EDGE_CURVE('',#2814,#2789,#2822,.T.);
#2822 = CIRCLE('',#2823,0.125);
#2823 = AXIS2_PLACEMENT_3D('',#2824,#2825,#2826);
#2824 = CARTESIAN_POINT('',(-2.275,-4.33680869E-16,0.));
#2825 = DIRECTION('',(0.,0.,1.));
#2826 = DIRECTION('',(1.,0.,0.));
#2827 = ORIENTED_EDGE('',*,*,#2796,.T.);
#2828 = ORIENTED_EDGE('',*,*,#2829,.T.);
#2829 = EDGE_CURVE('',#2759,#2830,#2832,.T.);
#2830 = VERTEX_POINT('',#2831);
#2831 = CARTESIAN_POINT('',(-2.25,1.595,0.));
#2832 = LINE('',#2833,#2834);
#2833 = CARTESIAN_POINT('',(-2.25,0.,0.));
#2834 = VECTOR('',#2835,1.);
#2835 = DIRECTION('',(0.,1.,0.));
#2836 = ORIENTED_EDGE('',*,*,#2837,.T.);
#2837 = EDGE_CURVE('',#2830,#2838,#2840,.T.);
#2838 = VERTEX_POINT('',#2839);
#2839 = CARTESIAN_POINT('',(-1.975,1.595,0.));
#2840 = LINE('',#2841,#2842);
#2841 = CARTESIAN_POINT('',(2.275,1.595,0.));
#2842 = VECTOR('',#2843,1.);
#2843 = DIRECTION('',(1.,1.429717151E-16,0.));
#2844 = ORIENTED_EDGE('',*,*,#2845,.T.);
#2845 = EDGE_CURVE('',#2838,#2846,#2848,.T.);
#2846 = VERTEX_POINT('',#2847);
#2847 = CARTESIAN_POINT('',(-1.975,-1.595,0.));
#2848 = LINE('',#2849,#2850);
#2849 = CARTESIAN_POINT('',(-1.975,0.,0.));
#2850 = VECTOR('',#2851,1.);
#2851 = DIRECTION('',(0.,-1.,0.));
#2852 = ORIENTED_EDGE('',*,*,#2853,.T.);
#2853 = EDGE_CURVE('',#2846,#2812,#2854,.T.);
#2854 = LINE('',#2855,#2856);
#2855 = CARTESIAN_POINT('',(-7.601329517E-17,-1.595,0.));
#2856 = VECTOR('',#2857,1.);
#2857 = DIRECTION('',(-1.,4.765723835E-17,0.));
#2858 = PLANE('',#2859);
#2859 = AXIS2_PLACEMENT_3D('',#2860,#2861,#2862);
#2860 = CARTESIAN_POINT('',(0.,0.,0.));
#2861 = DIRECTION('',(0.,0.,1.));
#2862 = DIRECTION('',(1.,0.,0.));
#2863 = ADVANCED_FACE('',(#2864),#2891,.F.);
#2864 = FACE_BOUND('',#2865,.T.);
#2865 = EDGE_LOOP('',(#2866,#2875,#2883,#2890));
#2866 = ORIENTED_EDGE('',*,*,#2867,.T.);
#2867 = EDGE_CURVE('',#2838,#2868,#2870,.T.);
#2868 = VERTEX_POINT('',#2869);
#2869 = CARTESIAN_POINT('',(-1.975,1.62,2.5E-02));
#2870 = CIRCLE('',#2871,2.5E-02);
#2871 = AXIS2_PLACEMENT_3D('',#2872,#2873,#2874);
#2872 = CARTESIAN_POINT('',(-1.975,1.595,2.5E-02));
#2873 = DIRECTION('',(1.,0.,-0.));
#2874 = DIRECTION('',(0.,0.,1.));
#2875 = ORIENTED_EDGE('',*,*,#2876,.T.);
#2876 = EDGE_CURVE('',#2868,#2877,#2879,.T.);
#2877 = VERTEX_POINT('',#2878);
#2878 = CARTESIAN_POINT('',(-1.975,-1.62,2.5E-02));
#2879 = LINE('',#2880,#2881);
#2880 = CARTESIAN_POINT('',(-1.975,0.,2.5E-02));
#2881 = VECTOR('',#2882,1.);
#2882 = DIRECTION('',(0.,-1.,0.));
#2883 = ORIENTED_EDGE('',*,*,#2884,.T.);
#2884 = EDGE_CURVE('',#2877,#2846,#2885,.T.);
#2885 = CIRCLE('',#2886,2.5E-02);
#2886 = AXIS2_PLACEMENT_3D('',#2887,#2888,#2889);
#2887 = CARTESIAN_POINT('',(-1.975,-1.595,2.5E-02));
#2888 = DIRECTION('',(1.,0.,-0.));
#2889 = DIRECTION('',(0.,0.,1.));
#2890 = ORIENTED_EDGE('',*,*,#2845,.F.);
#2891 = PLANE('',#2892);
#2892 = AXIS2_PLACEMENT_3D('',#2893,#2894,#2895);
#2893 = CARTESIAN_POINT('',(-1.975,0.,0.));
#2894 = DIRECTION('',(-1.,0.,0.));
#2895 = DIRECTION('',(0.,0.,1.));
#2896 = ADVANCED_FACE('',(#2897),#2916,.T.);
#2897 = FACE_BOUND('',#2898,.T.);
#2898 = EDGE_LOOP('',(#2899,#2900,#2908,#2915));
#2899 = ORIENTED_EDGE('',*,*,#2884,.F.);
#2900 = ORIENTED_EDGE('',*,*,#2901,.F.);
#2901 = EDGE_CURVE('',#2902,#2877,#2904,.T.);
#2902 = VERTEX_POINT('',#2903);
#2903 = CARTESIAN_POINT('',(-2.25,-1.62,2.5E-02));
#2904 = LINE('',#2905,#2906);
#2905 = CARTESIAN_POINT('',(-7.720472613E-17,-1.62,2.5E-02));
#2906 = VECTOR('',#2907,1.);
#2907 = DIRECTION('',(1.,-4.765723835E-17,0.));
#2908 = ORIENTED_EDGE('',*,*,#2909,.F.);
#2909 = EDGE_CURVE('',#2812,#2902,#2910,.T.);
#2910 = CIRCLE('',#2911,2.5E-02);
#2911 = AXIS2_PLACEMENT_3D('',#2912,#2913,#2914);
#2912 = CARTESIAN_POINT('',(-2.25,-1.595,2.5E-02));
#2913 = DIRECTION('',(-1.,0.,0.));
#2914 = DIRECTION('',(0.,0.,1.));
#2915 = ORIENTED_EDGE('',*,*,#2853,.F.);
#2916 = CYLINDRICAL_SURFACE('',#2917,2.5E-02);
#2917 = AXIS2_PLACEMENT_3D('',#2918,#2919,#2920);
#2918 = CARTESIAN_POINT('',(-7.601329517E-17,-1.595,2.5E-02));
#2919 = DIRECTION('',(1.,-4.765723835E-17,0.));
#2920 = DIRECTION('',(4.765723835E-17,1.,0.));
#2921 = ADVANCED_FACE('',(#2922),#2941,.T.);
#2922 = FACE_BOUND('',#2923,.T.);
#2923 = EDGE_LOOP('',(#2924,#2925,#2926,#2935));
#2924 = ORIENTED_EDGE('',*,*,#2867,.F.);
#2925 = ORIENTED_EDGE('',*,*,#2837,.F.);
#2926 = ORIENTED_EDGE('',*,*,#2927,.F.);
#2927 = EDGE_CURVE('',#2928,#2830,#2930,.T.);
#2928 = VERTEX_POINT('',#2929);
#2929 = CARTESIAN_POINT('',(-2.25,1.62,2.5E-02));
#2930 = CIRCLE('',#2931,2.5E-02);
#2931 = AXIS2_PLACEMENT_3D('',#2932,#2933,#2934);
#2932 = CARTESIAN_POINT('',(-2.25,1.595,2.5E-02));
#2933 = DIRECTION('',(-1.,0.,0.));
#2934 = DIRECTION('',(0.,0.,1.));
#2935 = ORIENTED_EDGE('',*,*,#2936,.F.);
#2936 = EDGE_CURVE('',#2868,#2928,#2937,.T.);
#2937 = LINE('',#2938,#2939);
#2938 = CARTESIAN_POINT('',(-2.275,1.62,2.5E-02));
#2939 = VECTOR('',#2940,1.);
#2940 = DIRECTION('',(-1.,-1.429717151E-16,0.));
#2941 = CYLINDRICAL_SURFACE('',#2942,2.5E-02);
#2942 = AXIS2_PLACEMENT_3D('',#2943,#2944,#2945);
#2943 = CARTESIAN_POINT('',(-2.280398855E-16,1.595,2.5E-02));
#2944 = DIRECTION('',(-1.,-1.429717151E-16,0.));
#2945 = DIRECTION('',(1.429717151E-16,-1.,0.));
#2946 = ADVANCED_FACE('',(#2947),#2966,.T.);
#2947 = FACE_BOUND('',#2948,.T.);
#2948 = EDGE_LOOP('',(#2949,#2958,#2959));
#2949 = ORIENTED_EDGE('',*,*,#2950,.T.);
#2950 = EDGE_CURVE('',#2951,#2812,#2953,.T.);
#2951 = VERTEX_POINT('',#2952);
#2952 = CARTESIAN_POINT('',(-2.275,-1.595,2.5E-02));
#2953 = CIRCLE('',#2954,2.5E-02);
#2954 = AXIS2_PLACEMENT_3D('',#2955,#2956,#2957);
#2955 = CARTESIAN_POINT('',(-2.25,-1.595,2.5E-02));
#2956 = DIRECTION('',(0.,-1.,0.));
#2957 = DIRECTION('',(0.,0.,-1.));
#2958 = ORIENTED_EDGE('',*,*,#2909,.T.);
#2959 = ORIENTED_EDGE('',*,*,#2960,.F.);
#2960 = EDGE_CURVE('',#2951,#2902,#2961,.T.);
#2961 = CIRCLE('',#2962,2.5E-02);
#2962 = AXIS2_PLACEMENT_3D('',#2963,#2964,#2965);
#2963 = CARTESIAN_POINT('',(-2.25,-1.595,2.5E-02));
#2964 = DIRECTION('',(0.,0.,1.));
#2965 = DIRECTION('',(-1.,0.,0.));
#2966 = SPHERICAL_SURFACE('',#2967,2.5E-02);
#2967 = AXIS2_PLACEMENT_3D('',#2968,#2969,#2970);
#2968 = CARTESIAN_POINT('',(-2.25,-1.595,2.5E-02));
#2969 = DIRECTION('',(0.,1.,0.));
#2970 = DIRECTION('',(-1.,0.,0.));
#2971 = ADVANCED_FACE('',(#2972),#2991,.T.);
#2972 = FACE_BOUND('',#2973,.T.);
#2973 = EDGE_LOOP('',(#2974,#2983,#2984));
#2974 = ORIENTED_EDGE('',*,*,#2975,.T.);
#2975 = EDGE_CURVE('',#2976,#2928,#2978,.T.);
#2976 = VERTEX_POINT('',#2977);
#2977 = CARTESIAN_POINT('',(-2.275,1.595,2.5E-02));
#2978 = CIRCLE('',#2979,2.5E-02);
#2979 = AXIS2_PLACEMENT_3D('',#2980,#2981,#2982);
#2980 = CARTESIAN_POINT('',(-2.25,1.595,2.5E-02));
#2981 = DIRECTION('',(0.,1.76182853E-15,-1.));
#2982 = DIRECTION('',(0.,1.,1.76182853E-15));
#2983 = ORIENTED_EDGE('',*,*,#2927,.T.);
#2984 = ORIENTED_EDGE('',*,*,#2985,.F.);
#2985 = EDGE_CURVE('',#2976,#2830,#2986,.T.);
#2986 = CIRCLE('',#2987,2.5E-02);
#2987 = AXIS2_PLACEMENT_3D('',#2988,#2989,#2990);
#2988 = CARTESIAN_POINT('',(-2.25,1.595,2.5E-02));
#2989 = DIRECTION('',(0.,-1.,0.));
#2990 = DIRECTION('',(0.,0.,1.));
#2991 = SPHERICAL_SURFACE('',#2992,2.5E-02);
#2992 = AXIS2_PLACEMENT_3D('',#2993,#2994,#2995);
#2993 = CARTESIAN_POINT('',(-2.25,1.595,2.5E-02));
#2994 = DIRECTION('',(1.,0.,0.));
#2995 = DIRECTION('',(0.,0.,1.));
#2996 = ADVANCED_FACE('',(#2997),#3029,.F.);
#2997 = FACE_BOUND('',#2998,.F.);
#2998 = EDGE_LOOP('',(#2999,#3008,#3027,#3028));
#2999 = ORIENTED_EDGE('',*,*,#3000,.F.);
#3000 = EDGE_CURVE('',#3001,#2780,#3003,.T.);
#3001 = VERTEX_POINT('',#3002);
#3002 = CARTESIAN_POINT('',(-2.275,-0.125,2.5E-02));
#3003 = CIRCLE('',#3004,0.125);
#3004 = AXIS2_PLACEMENT_3D('',#3005,#3006,#3007);
#3005 = CARTESIAN_POINT('',(-2.275,-4.33680869E-16,2.5E-02));
#3006 = DIRECTION('',(0.,0.,1.));
#3007 = DIRECTION('',(-1.,0.,0.));
#3008 = ORIENTED_EDGE('',*,*,#3009,.F.);
#3009 = EDGE_CURVE('',#2814,#3001,#3010,.T.);
#3010 = B_SPLINE_CURVE_WITH_KNOTS('',3,(#3011,#3012,#3013,#3014,#3015,
    #3016,#3017,#3018,#3019,#3020,#3021,#3022,#3023,#3024,#3025,#3026),
  .UNSPECIFIED.,.F.,.F.,(4,3,3,3,3,4),(1.170854054E-21,8.380944012E-06,
    1.676915993E-05,2.506776194E-05,3.340280906E-05,3.921670884E-05),
  .UNSPECIFIED.);
#3011 = CARTESIAN_POINT('',(-2.25,-0.122474487,0.));
#3012 = CARTESIAN_POINT('',(-2.252737205,-0.123033217,-4.404571326E-17)
  );
#3013 = CARTESIAN_POINT('',(-2.255532616,-0.123503073,4.629325389E-04));
#3014 = CARTESIAN_POINT('',(-2.258152002,-0.123859376,1.366446E-03));
#3015 = CARTESIAN_POINT('',(-2.260772875,-0.124215881,2.270473E-03));
#3016 = CARTESIAN_POINT('',(-2.263288721,-0.124469572,3.641273E-03));
#3017 = CARTESIAN_POINT('',(-2.26547972,-0.12463693,5.368946E-03));
#3018 = CARTESIAN_POINT('',(-2.267648188,-0.124802566,7.078853E-03));
#3019 = CARTESIAN_POINT('',(-2.269558247,-0.124890416,9.184621E-03));
#3020 = CARTESIAN_POINT('',(-2.271050418,-0.124937588,1.1513714E-02));
#3021 = CARTESIAN_POINT('',(-2.272549122,-0.124984965,1.3853005E-02));
#3022 = CARTESIAN_POINT('',(-2.273667604,-0.12499457,1.6481483E-02));
#3023 = CARTESIAN_POINT('',(-2.274314036,-0.124998118,1.9183844E-02));
#3024 = CARTESIAN_POINT('',(-2.274768197,-0.12500061,2.1082434E-02));
#3025 = CARTESIAN_POINT('',(-2.275,-0.125,2.3047844E-02));
#3026 = CARTESIAN_POINT('',(-2.275,-0.125,2.5E-02));
#3027 = ORIENTED_EDGE('',*,*,#2821,.T.);
#3028 = ORIENTED_EDGE('',*,*,#2788,.T.);
#3029 = CYLINDRICAL_SURFACE('',#3030,0.125);
#3030 = AXIS2_PLACEMENT_3D('',#3031,#3032,#3033);
#3031 = CARTESIAN_POINT('',(-2.275,-4.33680869E-16,0.));
#3032 = DIRECTION('',(0.,0.,1.));
#3033 = DIRECTION('',(1.,0.,0.));
#3034 = ADVANCED_FACE('',(#3035),#3046,.T.);
#3035 = FACE_BOUND('',#3036,.T.);
#3036 = EDGE_LOOP('',(#3037,#3038,#3044,#3045));
#3037 = ORIENTED_EDGE('',*,*,#2756,.F.);
#3038 = ORIENTED_EDGE('',*,*,#3039,.F.);
#3039 = EDGE_CURVE('',#2976,#2757,#3040,.T.);
#3040 = LINE('',#3041,#3042);
#3041 = CARTESIAN_POINT('',(-2.275,0.,2.5E-02));
#3042 = VECTOR('',#3043,1.);
#3043 = DIRECTION('',(0.,-1.,0.));
#3044 = ORIENTED_EDGE('',*,*,#2985,.T.);
#3045 = ORIENTED_EDGE('',*,*,#2829,.F.);
#3046 = CYLINDRICAL_SURFACE('',#3047,2.5E-02);
#3047 = AXIS2_PLACEMENT_3D('',#3048,#3049,#3050);
#3048 = CARTESIAN_POINT('',(-2.25,0.,2.5E-02));
#3049 = DIRECTION('',(0.,-1.,0.));
#3050 = DIRECTION('',(0.,0.,-1.));
#3051 = ADVANCED_FACE('',(#3052),#3063,.T.);
#3052 = FACE_BOUND('',#3053,.T.);
#3053 = EDGE_LOOP('',(#3054,#3055,#3056,#3057));
#3054 = ORIENTED_EDGE('',*,*,#3009,.F.);
#3055 = ORIENTED_EDGE('',*,*,#2811,.F.);
#3056 = ORIENTED_EDGE('',*,*,#2950,.F.);
#3057 = ORIENTED_EDGE('',*,*,#3058,.F.);
#3058 = EDGE_CURVE('',#3001,#2951,#3059,.T.);
#3059 = LINE('',#3060,#3061);
#3060 = CARTESIAN_POINT('',(-2.275,0.,2.5E-02));
#3061 = VECTOR('',#3062,1.);
#3062 = DIRECTION('',(0.,-1.,0.));
#3063 = CYLINDRICAL_SURFACE('',#3064,2.5E-02);
#3064 = AXIS2_PLACEMENT_3D('',#3065,#3066,#3067);
#3065 = CARTESIAN_POINT('',(-2.25,0.,2.5E-02));
#3066 = DIRECTION('',(0.,-1.,0.));
#3067 = DIRECTION('',(0.,0.,-1.));
#3068 = ADVANCED_FACE('',(#3069),#3080,.F.);
#3069 = FACE_BOUND('',#3070,.T.);
#3070 = EDGE_LOOP('',(#3071,#3072,#3073,#3074,#3075,#3076,#3077,#3078,
    #3079));
#3071 = ORIENTED_EDGE('',*,*,#2975,.F.);
#3072 = ORIENTED_EDGE('',*,*,#3039,.T.);
#3073 = ORIENTED_EDGE('',*,*,#2779,.F.);
#3074 = ORIENTED_EDGE('',*,*,#3000,.F.);
#3075 = ORIENTED_EDGE('',*,*,#3058,.T.);
#3076 = ORIENTED_EDGE('',*,*,#2960,.T.);
#3077 = ORIENTED_EDGE('',*,*,#2901,.T.);
#3078 = ORIENTED_EDGE('',*,*,#2876,.F.);
#3079 = ORIENTED_EDGE('',*,*,#2936,.T.);
#3080 = PLANE('',#3081);
#3081 = AXIS2_PLACEMENT_3D('',#3082,#3083,#3084);
#3082 = CARTESIAN_POINT('',(2.275,1.760073349,2.5E-02));
#3083 = DIRECTION('',(0.,0.,-1.));
#3084 = DIRECTION('',(-1.,0.,0.));
#3085 = MANIFOLD_SOLID_BREP('',#3086);
#3086 = CLOSED_SHELL('',(#3087,#3127,#3164,#3195,#3232,#3269,#3306,#3343
    ,#3380,#3417,#3454,#3491,#3537,#3574,#3605,#3642,#3688,#3725,#3756,
    #3787,#3815,#3837,#3859,#3893));
#3087 = ADVANCED_FACE('',(#3088),#3122,.F.);
#3088 = FACE_BOUND('',#3089,.T.);
#3089 = EDGE_LOOP('',(#3090,#3100,#3108,#3116));
#3090 = ORIENTED_EDGE('',*,*,#3091,.T.);
#3091 = EDGE_CURVE('',#3092,#3094,#3096,.T.);
#3092 = VERTEX_POINT('',#3093);
#3093 = CARTESIAN_POINT('',(8.677201E-03,1.254029164,0.85));
#3094 = VERTEX_POINT('',#3095);
#3095 = CARTESIAN_POINT('',(5.2669201E-02,1.254425164,0.85));
#3096 = LINE('',#3097,#3098);
#3097 = CARTESIAN_POINT('',(-2.291751972,1.233321536,0.85));
#3098 = VECTOR('',#3099,1.);
#3099 = DIRECTION('',(0.999959487731,9.001271997575E-03,0.));
#3100 = ORIENTED_EDGE('',*,*,#3101,.F.);
#3101 = EDGE_CURVE('',#3102,#3094,#3104,.T.);
#3102 = VERTEX_POINT('',#3103);
#3103 = CARTESIAN_POINT('',(5.2669201E-02,1.254425164,0.851));
#3104 = LINE('',#3105,#3106);
#3105 = CARTESIAN_POINT('',(5.2669201E-02,1.254425164,0.851));
#3106 = VECTOR('',#3107,1.);
#3107 = DIRECTION('',(0.,0.,-1.));
#3108 = ORIENTED_EDGE('',*,*,#3109,.F.);
#3109 = EDGE_CURVE('',#3110,#3102,#3112,.T.);
#3110 = VERTEX_POINT('',#3111);
#3111 = CARTESIAN_POINT('',(8.677201E-03,1.254029164,0.851));
#3112 = LINE('',#3113,#3114);
#3113 = CARTESIAN_POINT('',(-2.291751972,1.233321536,0.851));
#3114 = VECTOR('',#3115,1.);
#3115 = DIRECTION('',(0.999959487731,9.001271997575E-03,0.));
#3116 = ORIENTED_EDGE('',*,*,#3117,.T.);
#3117 = EDGE_CURVE('',#3110,#3092,#3118,.T.);
#3118 = LINE('',#3119,#3120);
#3119 = CARTESIAN_POINT('',(8.677201E-03,1.254029164,0.851));
#3120 = VECTOR('',#3121,1.);
#3121 = DIRECTION('',(0.,0.,-1.));
#3122 = PLANE('',#3123);
#3123 = AXIS2_PLACEMENT_3D('',#3124,#3125,#3126);
#3124 = CARTESIAN_POINT('',(-2.291751972,1.233321536,0.851));
#3125 = DIRECTION('',(-9.001271997575E-03,0.999959487731,0.));
#3126 = DIRECTION('',(-0.999959487731,-9.001271997575E-03,0.));
#3127 = ADVANCED_FACE('',(#3128),#3155,.F.);
#3128 = FACE_BOUND('',#3129,.F.);
#3129 = EDGE_LOOP('',(#3130,#3131,#3140,#3148));
#3130 = ORIENTED_EDGE('',*,*,#3101,.F.);
#3131 = ORIENTED_EDGE('',*,*,#3132,.T.);
#3132 = EDGE_CURVE('',#3102,#3133,#3135,.T.);
#3133 = VERTEX_POINT('',#3134);
#3134 = CARTESIAN_POINT('',(7.633201E-03,0.979925164,0.851));
#3135 = B_SPLINE_CURVE_WITH_KNOTS('',3,(#3136,#3137,#3138,#3139),
  .UNSPECIFIED.,.F.,.F.,(4,4),(0.846153846,1.),
  .PIECEWISE_BEZIER_KNOTS.);
#3136 = CARTESIAN_POINT('',(5.2669201E-02,1.254425164,0.851));
#3137 = CARTESIAN_POINT('',(5.1877201E-02,1.237073164,0.851));
#3138 = CARTESIAN_POINT('',(1.2025201E-02,0.992201164,0.851));
#3139 = CARTESIAN_POINT('',(7.633201E-03,0.979925164,0.851));
#3140 = ORIENTED_EDGE('',*,*,#3141,.T.);
#3141 = EDGE_CURVE('',#3133,#3142,#3144,.T.);
#3142 = VERTEX_POINT('',#3143);
#3143 = CARTESIAN_POINT('',(7.633201E-03,0.979925164,0.85));
#3144 = LINE('',#3145,#3146);
#3145 = CARTESIAN_POINT('',(7.633201E-03,0.979925164,0.851));
#3146 = VECTOR('',#3147,1.);
#3147 = DIRECTION('',(0.,0.,-1.));
#3148 = ORIENTED_EDGE('',*,*,#3149,.F.);
#3149 = EDGE_CURVE('',#3094,#3142,#3150,.T.);
#3150 = B_SPLINE_CURVE_WITH_KNOTS('',3,(#3151,#3152,#3153,#3154),
  .UNSPECIFIED.,.F.,.F.,(4,4),(0.846153846,1.),
  .PIECEWISE_BEZIER_KNOTS.);
#3151 = CARTESIAN_POINT('',(5.2669201E-02,1.254425164,0.85));
#3152 = CARTESIAN_POINT('',(5.1877201E-02,1.237073164,0.85));
#3153 = CARTESIAN_POINT('',(1.2025201E-02,0.992201164,0.85));
#3154 = CARTESIAN_POINT('',(7.633201E-03,0.979925164,0.85));
#3155 = B_SPLINE_SURFACE_WITH_KNOTS('',3,1,(
    (#3156,#3157)
    ,(#3158,#3159)
    ,(#3160,#3161)
    ,(#3162,#3163
    )),.UNSPECIFIED.,.F.,.F.,.F.,(4,4),(2,2),(0.846153846,1.),(0.,1.),
  .PIECEWISE_BEZIER_KNOTS.);
#3156 = CARTESIAN_POINT('',(5.2669201E-02,1.254425164,0.851));
#3157 = CARTESIAN_POINT('',(5.2669201E-02,1.254425164,0.85));
#3158 = CARTESIAN_POINT('',(5.1877201E-02,1.237073164,0.851));
#3159 = CARTESIAN_POINT('',(5.1877201E-02,1.237073164,0.85));
#3160 = CARTESIAN_POINT('',(1.2025201E-02,0.992201164,0.851));
#3161 = CARTESIAN_POINT('',(1.2025201E-02,0.992201164,0.85));
#3162 = CARTESIAN_POINT('',(7.633201E-03,0.979925164,0.851));
#3163 = CARTESIAN_POINT('',(7.633201E-03,0.979925164,0.85));
#3164 = ADVANCED_FACE('',(#3165),#3190,.F.);
#3165 = FACE_BOUND('',#3166,.T.);
#3166 = EDGE_LOOP('',(#3167,#3175,#3183,#3189));
#3167 = ORIENTED_EDGE('',*,*,#3168,.T.);
#3168 = EDGE_CURVE('',#3142,#3169,#3171,.T.);
#3169 = VERTEX_POINT('',#3170);
#3170 = CARTESIAN_POINT('',(7.633201E-03,0.973337164,0.85));
#3171 = LINE('',#3172,#3173);
#3172 = CARTESIAN_POINT('',(7.633201E-03,-29.900980336,0.85));
#3173 = VECTOR('',#3174,1.);
#3174 = DIRECTION('',(0.,-1.,0.));
#3175 = ORIENTED_EDGE('',*,*,#3176,.F.);
#3176 = EDGE_CURVE('',#3177,#3169,#3179,.T.);
#3177 = VERTEX_POINT('',#3178);
#3178 = CARTESIAN_POINT('',(7.633201E-03,0.973337164,0.851));
#3179 = LINE('',#3180,#3181);
#3180 = CARTESIAN_POINT('',(7.633201E-03,0.973337164,0.851));
#3181 = VECTOR('',#3182,1.);
#3182 = DIRECTION('',(0.,0.,-1.));
#3183 = ORIENTED_EDGE('',*,*,#3184,.F.);
#3184 = EDGE_CURVE('',#3133,#3177,#3185,.T.);
#3185 = LINE('',#3186,#3187);
#3186 = CARTESIAN_POINT('',(7.633201E-03,-29.900980336,0.851));
#3187 = VECTOR('',#3188,1.);
#3188 = DIRECTION('',(0.,-1.,0.));
#3189 = ORIENTED_EDGE('',*,*,#3141,.T.);
#3190 = PLANE('',#3191);
#3191 = AXIS2_PLACEMENT_3D('',#3192,#3193,#3194);
#3192 = CARTESIAN_POINT('',(7.633201E-03,-29.900980336,0.851));
#3193 = DIRECTION('',(1.,0.,0.));
#3194 = DIRECTION('',(0.,0.,-1.));
#3195 = ADVANCED_FACE('',(#3196),#3223,.F.);
#3196 = FACE_BOUND('',#3197,.F.);
#3197 = EDGE_LOOP('',(#3198,#3199,#3208,#3216));
#3198 = ORIENTED_EDGE('',*,*,#3176,.F.);
#3199 = ORIENTED_EDGE('',*,*,#3200,.T.);
#3200 = EDGE_CURVE('',#3177,#3201,#3203,.T.);
#3201 = VERTEX_POINT('',#3202);
#3202 = CARTESIAN_POINT('',(4.5289201E-02,0.998861164,0.851));
#3203 = B_SPLINE_CURVE_WITH_KNOTS('',3,(#3204,#3205,#3206,#3207),
  .UNSPECIFIED.,.F.,.F.,(4,4),(7.6923077E-02,0.153846154),
  .PIECEWISE_BEZIER_KNOTS.);
#3204 = CARTESIAN_POINT('',(7.633201E-03,0.973337164,0.851));
#3205 = CARTESIAN_POINT('',(1.8973201E-02,0.979025164,0.851));
#3206 = CARTESIAN_POINT('',(3.3553201E-02,0.990689164,0.851));
#3207 = CARTESIAN_POINT('',(4.5289201E-02,0.998861164,0.851));
#3208 = ORIENTED_EDGE('',*,*,#3209,.T.);
#3209 = EDGE_CURVE('',#3201,#3210,#3212,.T.);
#3210 = VERTEX_POINT('',#3211);
#3211 = CARTESIAN_POINT('',(4.5289201E-02,0.998861164,0.85));
#3212 = LINE('',#3213,#3214);
#3213 = CARTESIAN_POINT('',(4.5289201E-02,0.998861164,0.851));
#3214 = VECTOR('',#3215,1.);
#3215 = DIRECTION('',(0.,0.,-1.));
#3216 = ORIENTED_EDGE('',*,*,#3217,.F.);
#3217 = EDGE_CURVE('',#3169,#3210,#3218,.T.);
#3218 = B_SPLINE_CURVE_WITH_KNOTS('',3,(#3219,#3220,#3221,#3222),
  .UNSPECIFIED.,.F.,.F.,(4,4),(7.6923077E-02,0.153846154),
  .PIECEWISE_BEZIER_KNOTS.);
#3219 = CARTESIAN_POINT('',(7.633201E-03,0.973337164,0.85));
#3220 = CARTESIAN_POINT('',(1.8973201E-02,0.979025164,0.85));
#3221 = CARTESIAN_POINT('',(3.3553201E-02,0.990689164,0.85));
#3222 = CARTESIAN_POINT('',(4.5289201E-02,0.998861164,0.85));
#3223 = B_SPLINE_SURFACE_WITH_KNOTS('',3,1,(
    (#3224,#3225)
    ,(#3226,#3227)
    ,(#3228,#3229)
    ,(#3230,#3231
    )),.UNSPECIFIED.,.F.,.F.,.F.,(4,4),(2,2),(7.6923077E-02,0.153846154)
  ,(0.,1.),.PIECEWISE_BEZIER_KNOTS.);
#3224 = CARTESIAN_POINT('',(7.633201E-03,0.973337164,0.851));
#3225 = CARTESIAN_POINT('',(7.633201E-03,0.973337164,0.85));
#3226 = CARTESIAN_POINT('',(1.8973201E-02,0.979025164,0.851));
#3227 = CARTESIAN_POINT('',(1.8973201E-02,0.979025164,0.85));
#3228 = CARTESIAN_POINT('',(3.3553201E-02,0.990689164,0.851));
#3229 = CARTESIAN_POINT('',(3.3553201E-02,0.990689164,0.85));
#3230 = CARTESIAN_POINT('',(4.5289201E-02,0.998861164,0.851));
#3231 = CARTESIAN_POINT('',(4.5289201E-02,0.998861164,0.85));
#3232 = ADVANCED_FACE('',(#3233),#3260,.F.);
#3233 = FACE_BOUND('',#3234,.F.);
#3234 = EDGE_LOOP('',(#3235,#3236,#3245,#3253));
#3235 = ORIENTED_EDGE('',*,*,#3209,.F.);
#3236 = ORIENTED_EDGE('',*,*,#3237,.T.);
#3237 = EDGE_CURVE('',#3201,#3238,#3240,.T.);
#3238 = VERTEX_POINT('',#3239);
#3239 = CARTESIAN_POINT('',(6.3433201E-02,1.052753164,0.851));
#3240 = B_SPLINE_CURVE_WITH_KNOTS('',3,(#3241,#3242,#3243,#3244),
  .UNSPECIFIED.,.F.,.F.,(4,4),(0.153846154,0.230769231),
  .PIECEWISE_BEZIER_KNOTS.);
#3241 = CARTESIAN_POINT('',(4.5289201E-02,0.998861164,0.851));
#3242 = CARTESIAN_POINT('',(6.2533201E-02,1.010885164,0.851));
#3243 = CARTESIAN_POINT('',(5.3785201E-02,1.019561164,0.851));
#3244 = CARTESIAN_POINT('',(6.3433201E-02,1.052753164,0.851));
#3245 = ORIENTED_EDGE('',*,*,#3246,.T.);
#3246 = EDGE_CURVE('',#3238,#3247,#3249,.T.);
#3247 = VERTEX_POINT('',#3248);
#3248 = CARTESIAN_POINT('',(6.3433201E-02,1.052753164,0.85));
#3249 = LINE('',#3250,#3251);
#3250 = CARTESIAN_POINT('',(6.3433201E-02,1.052753164,0.851));
#3251 = VECTOR('',#3252,1.);
#3252 = DIRECTION('',(0.,0.,-1.));
#3253 = ORIENTED_EDGE('',*,*,#3254,.F.);
#3254 = EDGE_CURVE('',#3210,#3247,#3255,.T.);
#3255 = B_SPLINE_CURVE_WITH_KNOTS('',3,(#3256,#3257,#3258,#3259),
  .UNSPECIFIED.,.F.,.F.,(4,4),(0.153846154,0.230769231),
  .PIECEWISE_BEZIER_KNOTS.);
#3256 = CARTESIAN_POINT('',(4.5289201E-02,0.998861164,0.85));
#3257 = CARTESIAN_POINT('',(6.2533201E-02,1.010885164,0.85));
#3258 = CARTESIAN_POINT('',(5.3785201E-02,1.019561164,0.85));
#3259 = CARTESIAN_POINT('',(6.3433201E-02,1.052753164,0.85));
#3260 = B_SPLINE_SURFACE_WITH_KNOTS('',3,1,(
    (#3261,#3262)
    ,(#3263,#3264)
    ,(#3265,#3266)
    ,(#3267,#3268
    )),.UNSPECIFIED.,.F.,.F.,.F.,(4,4),(2,2),(0.153846154,0.230769231),(
    0.,1.),.PIECEWISE_BEZIER_KNOTS.);
#3261 = CARTESIAN_POINT('',(4.5289201E-02,0.998861164,0.851));
#3262 = CARTESIAN_POINT('',(4.5289201E-02,0.998861164,0.85));
#3263 = CARTESIAN_POINT('',(6.2533201E-02,1.010885164,0.851));
#3264 = CARTESIAN_POINT('',(6.2533201E-02,1.010885164,0.85));
#3265 = CARTESIAN_POINT('',(5.3785201E-02,1.019561164,0.851));
#3266 = CARTESIAN_POINT('',(5.3785201E-02,1.019561164,0.85));
#3267 = CARTESIAN_POINT('',(6.3433201E-02,1.052753164,0.851));
#3268 = CARTESIAN_POINT('',(6.3433201E-02,1.052753164,0.85));
#3269 = ADVANCED_FACE('',(#3270),#3297,.F.);
#3270 = FACE_BOUND('',#3271,.F.);
#3271 = EDGE_LOOP('',(#3272,#3273,#3282,#3290));
#3272 = ORIENTED_EDGE('',*,*,#3246,.F.);
#3273 = ORIENTED_EDGE('',*,*,#3274,.T.);
#3274 = EDGE_CURVE('',#3238,#3275,#3277,.T.);
#3275 = VERTEX_POINT('',#3276);
#3276 = CARTESIAN_POINT('',(0.144433201,1.053797164,0.851));
#3277 = B_SPLINE_CURVE_WITH_KNOTS('',3,(#3278,#3279,#3280,#3281),
  .UNSPECIFIED.,.F.,.F.,(4,4),(0.230769231,0.307692308),
  .PIECEWISE_BEZIER_KNOTS.);
#3278 = CARTESIAN_POINT('',(6.3433201E-02,1.052753164,0.851));
#3279 = CARTESIAN_POINT('',(8.3593201E-02,1.057397164,0.851));
#3280 = CARTESIAN_POINT('',(0.122257201,1.053797164,0.851));
#3281 = CARTESIAN_POINT('',(0.144433201,1.053797164,0.851));
#3282 = ORIENTED_EDGE('',*,*,#3283,.T.);
#3283 = EDGE_CURVE('',#3275,#3284,#3286,.T.);
#3284 = VERTEX_POINT('',#3285);
#3285 = CARTESIAN_POINT('',(0.144433201,1.053797164,0.85));
#3286 = LINE('',#3287,#3288);
#3287 = CARTESIAN_POINT('',(0.144433201,1.053797164,0.851));
#3288 = VECTOR('',#3289,1.);
#3289 = DIRECTION('',(0.,0.,-1.));
#3290 = ORIENTED_EDGE('',*,*,#3291,.F.);
#3291 = EDGE_CURVE('',#3247,#3284,#3292,.T.);
#3292 = B_SPLINE_CURVE_WITH_KNOTS('',3,(#3293,#3294,#3295,#3296),
  .UNSPECIFIED.,.F.,.F.,(4,4),(0.230769231,0.307692308),
  .PIECEWISE_BEZIER_KNOTS.);
#3293 = CARTESIAN_POINT('',(6.3433201E-02,1.052753164,0.85));
#3294 = CARTESIAN_POINT('',(8.3593201E-02,1.057397164,0.85));
#3295 = CARTESIAN_POINT('',(0.122257201,1.053797164,0.85));
#3296 = CARTESIAN_POINT('',(0.144433201,1.053797164,0.85));
#3297 = B_SPLINE_SURFACE_WITH_KNOTS('',3,1,(
    (#3298,#3299)
    ,(#3300,#3301)
    ,(#3302,#3303)
    ,(#3304,#3305
    )),.UNSPECIFIED.,.F.,.F.,.F.,(4,4),(2,2),(0.230769231,0.307692308),(
    0.,1.),.PIECEWISE_BEZIER_KNOTS.);
#3298 = CARTESIAN_POINT('',(6.3433201E-02,1.052753164,0.851));
#3299 = CARTESIAN_POINT('',(6.3433201E-02,1.052753164,0.85));
#3300 = CARTESIAN_POINT('',(8.3593201E-02,1.057397164,0.851));
#3301 = CARTESIAN_POINT('',(8.3593201E-02,1.057397164,0.85));
#3302 = CARTESIAN_POINT('',(0.122257201,1.053797164,0.851));
#3303 = CARTESIAN_POINT('',(0.122257201,1.053797164,0.85));
#3304 = CARTESIAN_POINT('',(0.144433201,1.053797164,0.851));
#3305 = CARTESIAN_POINT('',(0.144433201,1.053797164,0.85));
#3306 = ADVANCED_FACE('',(#3307),#3334,.F.);
#3307 = FACE_BOUND('',#3308,.F.);
#3308 = EDGE_LOOP('',(#3309,#3310,#3319,#3327));
#3309 = ORIENTED_EDGE('',*,*,#3283,.F.);
#3310 = ORIENTED_EDGE('',*,*,#3311,.T.);
#3311 = EDGE_CURVE('',#3275,#3312,#3314,.T.);
#3312 = VERTEX_POINT('',#3313);
#3313 = CARTESIAN_POINT('',(0.225505201,1.053833164,0.851));
#3314 = B_SPLINE_CURVE_WITH_KNOTS('',3,(#3315,#3316,#3317,#3318),
  .UNSPECIFIED.,.F.,.F.,(4,4),(0.307692308,0.384615385),
  .PIECEWISE_BEZIER_KNOTS.);
#3315 = CARTESIAN_POINT('',(0.144433201,1.053797164,0.851));
#3316 = CARTESIAN_POINT('',(0.171325201,1.053797164,0.851));
#3317 = CARTESIAN_POINT('',(0.198649201,1.053077164,0.851));
#3318 = CARTESIAN_POINT('',(0.225505201,1.053833164,0.851));
#3319 = ORIENTED_EDGE('',*,*,#3320,.T.);
#3320 = EDGE_CURVE('',#3312,#3321,#3323,.T.);
#3321 = VERTEX_POINT('',#3322);
#3322 = CARTESIAN_POINT('',(0.225505201,1.053833164,0.85));
#3323 = LINE('',#3324,#3325);
#3324 = CARTESIAN_POINT('',(0.225505201,1.053833164,0.851));
#3325 = VECTOR('',#3326,1.);
#3326 = DIRECTION('',(0.,0.,-1.));
#3327 = ORIENTED_EDGE('',*,*,#3328,.F.);
#3328 = EDGE_CURVE('',#3284,#3321,#3329,.T.);
#3329 = B_SPLINE_CURVE_WITH_KNOTS('',3,(#3330,#3331,#3332,#3333),
  .UNSPECIFIED.,.F.,.F.,(4,4),(0.307692308,0.384615385),
  .PIECEWISE_BEZIER_KNOTS.);
#3330 = CARTESIAN_POINT('',(0.144433201,1.053797164,0.85));
#3331 = CARTESIAN_POINT('',(0.171325201,1.053797164,0.85));
#3332 = CARTESIAN_POINT('',(0.198649201,1.053077164,0.85));
#3333 = CARTESIAN_POINT('',(0.225505201,1.053833164,0.85));
#3334 = B_SPLINE_SURFACE_WITH_KNOTS('',3,1,(
    (#3335,#3336)
    ,(#3337,#3338)
    ,(#3339,#3340)
    ,(#3341,#3342
    )),.UNSPECIFIED.,.F.,.F.,.F.,(4,4),(2,2),(0.307692308,0.384615385),(
    0.,1.),.PIECEWISE_BEZIER_KNOTS.);
#3335 = CARTESIAN_POINT('',(0.144433201,1.053797164,0.851));
#3336 = CARTESIAN_POINT('',(0.144433201,1.053797164,0.85));
#3337 = CARTESIAN_POINT('',(0.171325201,1.053797164,0.851));
#3338 = CARTESIAN_POINT('',(0.171325201,1.053797164,0.85));
#3339 = CARTESIAN_POINT('',(0.198649201,1.053077164,0.851));
#3340 = CARTESIAN_POINT('',(0.198649201,1.053077164,0.85));
#3341 = CARTESIAN_POINT('',(0.225505201,1.053833164,0.851));
#3342 = CARTESIAN_POINT('',(0.225505201,1.053833164,0.85));
#3343 = ADVANCED_FACE('',(#3344),#3371,.F.);
#3344 = FACE_BOUND('',#3345,.F.);
#3345 = EDGE_LOOP('',(#3346,#3347,#3356,#3364));
#3346 = ORIENTED_EDGE('',*,*,#3320,.F.);
#3347 = ORIENTED_EDGE('',*,*,#3348,.T.);
#3348 = EDGE_CURVE('',#3312,#3349,#3351,.T.);
#3349 = VERTEX_POINT('',#3350);
#3350 = CARTESIAN_POINT('',(0.260317201,1.185341164,0.851));
#3351 = B_SPLINE_CURVE_WITH_KNOTS('',3,(#3352,#3353,#3354,#3355),
  .UNSPECIFIED.,.F.,.F.,(4,4),(0.384615385,0.461538462),
  .PIECEWISE_BEZIER_KNOTS.);
#3352 = CARTESIAN_POINT('',(0.225505201,1.053833164,0.851));
#3353 = CARTESIAN_POINT('',(0.272737201,1.055093164,0.851));
#3354 = CARTESIAN_POINT('',(0.306865201,1.123241164,0.851));
#3355 = CARTESIAN_POINT('',(0.260317201,1.185341164,0.851));
#3356 = ORIENTED_EDGE('',*,*,#3357,.T.);
#3357 = EDGE_CURVE('',#3349,#3358,#3360,.T.);
#3358 = VERTEX_POINT('',#3359);
#3359 = CARTESIAN_POINT('',(0.260317201,1.185341164,0.85));
#3360 = LINE('',#3361,#3362);
#3361 = CARTESIAN_POINT('',(0.260317201,1.185341164,0.851));
#3362 = VECTOR('',#3363,1.);
#3363 = DIRECTION('',(0.,0.,-1.));
#3364 = ORIENTED_EDGE('',*,*,#3365,.F.);
#3365 = EDGE_CURVE('',#3321,#3358,#3366,.T.);
#3366 = B_SPLINE_CURVE_WITH_KNOTS('',3,(#3367,#3368,#3369,#3370),
  .UNSPECIFIED.,.F.,.F.,(4,4),(0.384615385,0.461538462),
  .PIECEWISE_BEZIER_KNOTS.);
#3367 = CARTESIAN_POINT('',(0.225505201,1.053833164,0.85));
#3368 = CARTESIAN_POINT('',(0.272737201,1.055093164,0.85));
#3369 = CARTESIAN_POINT('',(0.306865201,1.123241164,0.85));
#3370 = CARTESIAN_POINT('',(0.260317201,1.185341164,0.85));
#3371 = B_SPLINE_SURFACE_WITH_KNOTS('',3,1,(
    (#3372,#3373)
    ,(#3374,#3375)
    ,(#3376,#3377)
    ,(#3378,#3379
    )),.UNSPECIFIED.,.F.,.F.,.F.,(4,4),(2,2),(0.384615385,0.461538462),(
    0.,1.),.PIECEWISE_BEZIER_KNOTS.);
#3372 = CARTESIAN_POINT('',(0.225505201,1.053833164,0.851));
#3373 = CARTESIAN_POINT('',(0.225505201,1.053833164,0.85));
#3374 = CARTESIAN_POINT('',(0.272737201,1.055093164,0.851));
#3375 = CARTESIAN_POINT('',(0.272737201,1.055093164,0.85));
#3376 = CARTESIAN_POINT('',(0.306865201,1.123241164,0.851));
#3377 = CARTESIAN_POINT('',(0.306865201,1.123241164,0.85));
#3378 = CARTESIAN_POINT('',(0.260317201,1.185341164,0.851));
#3379 = CARTESIAN_POINT('',(0.260317201,1.185341164,0.85));
#3380 = ADVANCED_FACE('',(#3381),#3408,.F.);
#3381 = FACE_BOUND('',#3382,.F.);
#3382 = EDGE_LOOP('',(#3383,#3384,#3393,#3401));
#3383 = ORIENTED_EDGE('',*,*,#3357,.F.);
#3384 = ORIENTED_EDGE('',*,*,#3385,.T.);
#3385 = EDGE_CURVE('',#3349,#3386,#3388,.T.);
#3386 = VERTEX_POINT('',#3387);
#3387 = CARTESIAN_POINT('',(0.266797201,1.284053164,0.851));
#3388 = B_SPLINE_CURVE_WITH_KNOTS('',3,(#3389,#3390,#3391,#3392),
  .UNSPECIFIED.,.F.,.F.,(4,4),(0.461538462,0.538461538),
  .PIECEWISE_BEZIER_KNOTS.);
#3389 = CARTESIAN_POINT('',(0.260317201,1.185341164,0.851));
#3390 = CARTESIAN_POINT('',(0.283861201,1.212377164,0.851));
#3391 = CARTESIAN_POINT('',(0.284365201,1.257953164,0.851));
#3392 = CARTESIAN_POINT('',(0.266797201,1.284053164,0.851));
#3393 = ORIENTED_EDGE('',*,*,#3394,.T.);
#3394 = EDGE_CURVE('',#3386,#3395,#3397,.T.);
#3395 = VERTEX_POINT('',#3396);
#3396 = CARTESIAN_POINT('',(0.266797201,1.284053164,0.85));
#3397 = LINE('',#3398,#3399);
#3398 = CARTESIAN_POINT('',(0.266797201,1.284053164,0.851));
#3399 = VECTOR('',#3400,1.);
#3400 = DIRECTION('',(0.,0.,-1.));
#3401 = ORIENTED_EDGE('',*,*,#3402,.F.);
#3402 = EDGE_CURVE('',#3358,#3395,#3403,.T.);
#3403 = B_SPLINE_CURVE_WITH_KNOTS('',3,(#3404,#3405,#3406,#3407),
  .UNSPECIFIED.,.F.,.F.,(4,4),(0.461538462,0.538461538),
  .PIECEWISE_BEZIER_KNOTS.);
#3404 = CARTESIAN_POINT('',(0.260317201,1.185341164,0.85));
#3405 = CARTESIAN_POINT('',(0.283861201,1.212377164,0.85));
#3406 = CARTESIAN_POINT('',(0.284365201,1.257953164,0.85));
#3407 = CARTESIAN_POINT('',(0.266797201,1.284053164,0.85));
#3408 = B_SPLINE_SURFACE_WITH_KNOTS('',3,1,(
    (#3409,#3410)
    ,(#3411,#3412)
    ,(#3413,#3414)
    ,(#3415,#3416
    )),.UNSPECIFIED.,.F.,.F.,.F.,(4,4),(2,2),(0.461538462,0.538461538),(
    0.,1.),.PIECEWISE_BEZIER_KNOTS.);
#3409 = CARTESIAN_POINT('',(0.260317201,1.185341164,0.851));
#3410 = CARTESIAN_POINT('',(0.260317201,1.185341164,0.85));
#3411 = CARTESIAN_POINT('',(0.283861201,1.212377164,0.851));
#3412 = CARTESIAN_POINT('',(0.283861201,1.212377164,0.85));
#3413 = CARTESIAN_POINT('',(0.284365201,1.257953164,0.851));
#3414 = CARTESIAN_POINT('',(0.284365201,1.257953164,0.85));
#3415 = CARTESIAN_POINT('',(0.266797201,1.284053164,0.851));
#3416 = CARTESIAN_POINT('',(0.266797201,1.284053164,0.85));
#3417 = ADVANCED_FACE('',(#3418),#3445,.F.);
#3418 = FACE_BOUND('',#3419,.F.);
#3419 = EDGE_LOOP('',(#3420,#3421,#3430,#3438));
#3420 = ORIENTED_EDGE('',*,*,#3394,.F.);
#3421 = ORIENTED_EDGE('',*,*,#3422,.T.);
#3422 = EDGE_CURVE('',#3386,#3423,#3425,.T.);
#3423 = VERTEX_POINT('',#3424);
#3424 = CARTESIAN_POINT('',(0.193033201,1.313897164,0.851));
#3425 = B_SPLINE_CURVE_WITH_KNOTS('',3,(#3426,#3427,#3428,#3429),
  .UNSPECIFIED.,.F.,.F.,(4,4),(0.538461538,0.615384615),
  .PIECEWISE_BEZIER_KNOTS.);
#3426 = CARTESIAN_POINT('',(0.266797201,1.284053164,0.851));
#3427 = CARTESIAN_POINT('',(0.246817201,1.313825164,0.851));
#3428 = CARTESIAN_POINT('',(0.225253201,1.313933164,0.851));
#3429 = CARTESIAN_POINT('',(0.193033201,1.313897164,0.851));
#3430 = ORIENTED_EDGE('',*,*,#3431,.T.);
#3431 = EDGE_CURVE('',#3423,#3432,#3434,.T.);
#3432 = VERTEX_POINT('',#3433);
#3433 = CARTESIAN_POINT('',(0.193033201,1.313897164,0.85));
#3434 = LINE('',#3435,#3436);
#3435 = CARTESIAN_POINT('',(0.193033201,1.313897164,0.851));
#3436 = VECTOR('',#3437,1.);
#3437 = DIRECTION('',(0.,0.,-1.));
#3438 = ORIENTED_EDGE('',*,*,#3439,.F.);
#3439 = EDGE_CURVE('',#3395,#3432,#3440,.T.);
#3440 = B_SPLINE_CURVE_WITH_KNOTS('',3,(#3441,#3442,#3443,#3444),
  .UNSPECIFIED.,.F.,.F.,(4,4),(0.538461538,0.615384615),
  .PIECEWISE_BEZIER_KNOTS.);
#3441 = CARTESIAN_POINT('',(0.266797201,1.284053164,0.85));
#3442 = CARTESIAN_POINT('',(0.246817201,1.313825164,0.85));
#3443 = CARTESIAN_POINT('',(0.225253201,1.313933164,0.85));
#3444 = CARTESIAN_POINT('',(0.193033201,1.313897164,0.85));
#3445 = B_SPLINE_SURFACE_WITH_KNOTS('',3,1,(
    (#3446,#3447)
    ,(#3448,#3449)
    ,(#3450,#3451)
    ,(#3452,#3453
    )),.UNSPECIFIED.,.F.,.F.,.F.,(4,4),(2,2),(0.538461538,0.615384615),(
    0.,1.),.PIECEWISE_BEZIER_KNOTS.);
#3446 = CARTESIAN_POINT('',(0.266797201,1.284053164,0.851));
#3447 = CARTESIAN_POINT('',(0.266797201,1.284053164,0.85));
#3448 = CARTESIAN_POINT('',(0.246817201,1.313825164,0.851));
#3449 = CARTESIAN_POINT('',(0.246817201,1.313825164,0.85));
#3450 = CARTESIAN_POINT('',(0.225253201,1.313933164,0.851));
#3451 = CARTESIAN_POINT('',(0.225253201,1.313933164,0.85));
#3452 = CARTESIAN_POINT('',(0.193033201,1.313897164,0.851));
#3453 = CARTESIAN_POINT('',(0.193033201,1.313897164,0.85));
#3454 = ADVANCED_FACE('',(#3455),#3482,.F.);
#3455 = FACE_BOUND('',#3456,.F.);
#3456 = EDGE_LOOP('',(#3457,#3458,#3467,#3475));
#3457 = ORIENTED_EDGE('',*,*,#3431,.F.);
#3458 = ORIENTED_EDGE('',*,*,#3459,.T.);
#3459 = EDGE_CURVE('',#3423,#3460,#3462,.T.);
#3460 = VERTEX_POINT('',#3461);
#3461 = CARTESIAN_POINT('',(8.677201E-03,1.314077164,0.851));
#3462 = B_SPLINE_CURVE_WITH_KNOTS('',3,(#3463,#3464,#3465,#3466),
  .UNSPECIFIED.,.F.,.F.,(4,4),(0.615384615,0.692307692),
  .PIECEWISE_BEZIER_KNOTS.);
#3463 = CARTESIAN_POINT('',(0.193033201,1.313897164,0.851));
#3464 = CARTESIAN_POINT('',(0.131725201,1.313861164,0.851));
#3465 = CARTESIAN_POINT('',(6.9913201E-02,1.312709164,0.851));
#3466 = CARTESIAN_POINT('',(8.677201E-03,1.314077164,0.851));
#3467 = ORIENTED_EDGE('',*,*,#3468,.T.);
#3468 = EDGE_CURVE('',#3460,#3469,#3471,.T.);
#3469 = VERTEX_POINT('',#3470);
#3470 = CARTESIAN_POINT('',(8.677201E-03,1.314077164,0.85));
#3471 = LINE('',#3472,#3473);
#3472 = CARTESIAN_POINT('',(8.677201E-03,1.314077164,0.851));
#3473 = VECTOR('',#3474,1.);
#3474 = DIRECTION('',(0.,0.,-1.));
#3475 = ORIENTED_EDGE('',*,*,#3476,.F.);
#3476 = EDGE_CURVE('',#3432,#3469,#3477,.T.);
#3477 = B_SPLINE_CURVE_WITH_KNOTS('',3,(#3478,#3479,#3480,#3481),
  .UNSPECIFIED.,.F.,.F.,(4,4),(0.615384615,0.692307692),
  .PIECEWISE_BEZIER_KNOTS.);
#3478 = CARTESIAN_POINT('',(0.193033201,1.313897164,0.85));
#3479 = CARTESIAN_POINT('',(0.131725201,1.313861164,0.85));
#3480 = CARTESIAN_POINT('',(6.9913201E-02,1.312709164,0.85));
#3481 = CARTESIAN_POINT('',(8.677201E-03,1.314077164,0.85));
#3482 = B_SPLINE_SURFACE_WITH_KNOTS('',3,1,(
    (#3483,#3484)
    ,(#3485,#3486)
    ,(#3487,#3488)
    ,(#3489,#3490
    )),.UNSPECIFIED.,.F.,.F.,.F.,(4,4),(2,2),(0.615384615,0.692307692),(
    0.,1.),.PIECEWISE_BEZIER_KNOTS.);
#3483 = CARTESIAN_POINT('',(0.193033201,1.313897164,0.851));
#3484 = CARTESIAN_POINT('',(0.193033201,1.313897164,0.85));
#3485 = CARTESIAN_POINT('',(0.131725201,1.313861164,0.851));
#3486 = CARTESIAN_POINT('',(0.131725201,1.313861164,0.85));
#3487 = CARTESIAN_POINT('',(6.9913201E-02,1.312709164,0.851));
#3488 = CARTESIAN_POINT('',(6.9913201E-02,1.312709164,0.85));
#3489 = CARTESIAN_POINT('',(8.677201E-03,1.314077164,0.851));
#3490 = CARTESIAN_POINT('',(8.677201E-03,1.314077164,0.85));
#3491 = ADVANCED_FACE('',(#3492),#3528,.F.);
#3492 = FACE_BOUND('',#3493,.F.);
#3493 = EDGE_LOOP('',(#3494,#3504,#3513,#3521));
#3494 = ORIENTED_EDGE('',*,*,#3495,.F.);
#3495 = EDGE_CURVE('',#3496,#3498,#3500,.T.);
#3496 = VERTEX_POINT('',#3497);
#3497 = CARTESIAN_POINT('',(0.234757201,1.127921164,0.851));
#3498 = VERTEX_POINT('',#3499);
#3499 = CARTESIAN_POINT('',(0.234757201,1.127921164,0.85));
#3500 = LINE('',#3501,#3502);
#3501 = CARTESIAN_POINT('',(0.234757201,1.127921164,0.851));
#3502 = VECTOR('',#3503,1.);
#3503 = DIRECTION('',(0.,0.,-1.));
#3504 = ORIENTED_EDGE('',*,*,#3505,.T.);
#3505 = EDGE_CURVE('',#3496,#3506,#3508,.T.);
#3506 = VERTEX_POINT('',#3507);
#3507 = CARTESIAN_POINT('',(0.202069201,1.112153164,0.851));
#3508 = B_SPLINE_CURVE_WITH_KNOTS('',3,(#3509,#3510,#3511,#3512),
  .UNSPECIFIED.,.F.,.F.,(4,4),(0.333333333,0.5),
  .PIECEWISE_BEZIER_KNOTS.);
#3509 = CARTESIAN_POINT('',(0.234757201,1.127921164,0.851));
#3510 = CARTESIAN_POINT('',(0.230725201,1.111109164,0.851));
#3511 = CARTESIAN_POINT('',(0.213985201,1.112189164,0.851));
#3512 = CARTESIAN_POINT('',(0.202069201,1.112153164,0.851));
#3513 = ORIENTED_EDGE('',*,*,#3514,.T.);
#3514 = EDGE_CURVE('',#3506,#3515,#3517,.T.);
#3515 = VERTEX_POINT('',#3516);
#3516 = CARTESIAN_POINT('',(0.202069201,1.112153164,0.85));
#3517 = LINE('',#3518,#3519);
#3518 = CARTESIAN_POINT('',(0.202069201,1.112153164,0.851));
#3519 = VECTOR('',#3520,1.);
#3520 = DIRECTION('',(0.,0.,-1.));
#3521 = ORIENTED_EDGE('',*,*,#3522,.F.);
#3522 = EDGE_CURVE('',#3498,#3515,#3523,.T.);
#3523 = B_SPLINE_CURVE_WITH_KNOTS('',3,(#3524,#3525,#3526,#3527),
  .UNSPECIFIED.,.F.,.F.,(4,4),(0.333333333,0.5),
  .PIECEWISE_BEZIER_KNOTS.);
#3524 = CARTESIAN_POINT('',(0.234757201,1.127921164,0.85));
#3525 = CARTESIAN_POINT('',(0.230725201,1.111109164,0.85));
#3526 = CARTESIAN_POINT('',(0.213985201,1.112189164,0.85));
#3527 = CARTESIAN_POINT('',(0.202069201,1.112153164,0.85));
#3528 = B_SPLINE_SURFACE_WITH_KNOTS('',3,1,(
    (#3529,#3530)
    ,(#3531,#3532)
    ,(#3533,#3534)
    ,(#3535,#3536
    )),.UNSPECIFIED.,.F.,.F.,.F.,(4,4),(2,2),(0.333333333,0.5),(0.,1.),
  .PIECEWISE_BEZIER_KNOTS.);
#3529 = CARTESIAN_POINT('',(0.234757201,1.127921164,0.851));
#3530 = CARTESIAN_POINT('',(0.234757201,1.127921164,0.85));
#3531 = CARTESIAN_POINT('',(0.230725201,1.111109164,0.851));
#3532 = CARTESIAN_POINT('',(0.230725201,1.111109164,0.85));
#3533 = CARTESIAN_POINT('',(0.213985201,1.112189164,0.851));
#3534 = CARTESIAN_POINT('',(0.213985201,1.112189164,0.85));
#3535 = CARTESIAN_POINT('',(0.202069201,1.112153164,0.851));
#3536 = CARTESIAN_POINT('',(0.202069201,1.112153164,0.85));
#3537 = ADVANCED_FACE('',(#3538),#3565,.F.);
#3538 = FACE_BOUND('',#3539,.F.);
#3539 = EDGE_LOOP('',(#3540,#3541,#3550,#3558));
#3540 = ORIENTED_EDGE('',*,*,#3514,.F.);
#3541 = ORIENTED_EDGE('',*,*,#3542,.T.);
#3542 = EDGE_CURVE('',#3506,#3543,#3545,.T.);
#3543 = VERTEX_POINT('',#3544);
#3544 = CARTESIAN_POINT('',(7.2937201E-02,1.112693164,0.851));
#3545 = B_SPLINE_CURVE_WITH_KNOTS('',3,(#3546,#3547,#3548,#3549),
  .UNSPECIFIED.,.F.,.F.,(4,4),(0.5,0.666666667),
  .PIECEWISE_BEZIER_KNOTS.);
#3546 = CARTESIAN_POINT('',(0.202069201,1.112153164,0.851));
#3547 = CARTESIAN_POINT('',(0.165205201,1.112153164,0.851));
#3548 = CARTESIAN_POINT('',(0.105193201,1.109669164,0.851));
#3549 = CARTESIAN_POINT('',(7.2937201E-02,1.112693164,0.851));
#3550 = ORIENTED_EDGE('',*,*,#3551,.T.);
#3551 = EDGE_CURVE('',#3543,#3552,#3554,.T.);
#3552 = VERTEX_POINT('',#3553);
#3553 = CARTESIAN_POINT('',(7.2937201E-02,1.112693164,0.85));
#3554 = LINE('',#3555,#3556);
#3555 = CARTESIAN_POINT('',(7.2937201E-02,1.112693164,0.851));
#3556 = VECTOR('',#3557,1.);
#3557 = DIRECTION('',(0.,0.,-1.));
#3558 = ORIENTED_EDGE('',*,*,#3559,.F.);
#3559 = EDGE_CURVE('',#3515,#3552,#3560,.T.);
#3560 = B_SPLINE_CURVE_WITH_KNOTS('',3,(#3561,#3562,#3563,#3564),
  .UNSPECIFIED.,.F.,.F.,(4,4),(0.5,0.666666667),
  .PIECEWISE_BEZIER_KNOTS.);
#3561 = CARTESIAN_POINT('',(0.202069201,1.112153164,0.85));
#3562 = CARTESIAN_POINT('',(0.165205201,1.112153164,0.85));
#3563 = CARTESIAN_POINT('',(0.105193201,1.109669164,0.85));
#3564 = CARTESIAN_POINT('',(7.2937201E-02,1.112693164,0.85));
#3565 = B_SPLINE_SURFACE_WITH_KNOTS('',3,1,(
    (#3566,#3567)
    ,(#3568,#3569)
    ,(#3570,#3571)
    ,(#3572,#3573
    )),.UNSPECIFIED.,.F.,.F.,.F.,(4,4),(2,2),(0.5,0.666666667),(0.,1.),
  .PIECEWISE_BEZIER_KNOTS.);
#3566 = CARTESIAN_POINT('',(0.202069201,1.112153164,0.851));
#3567 = CARTESIAN_POINT('',(0.202069201,1.112153164,0.85));
#3568 = CARTESIAN_POINT('',(0.165205201,1.112153164,0.851));
#3569 = CARTESIAN_POINT('',(0.165205201,1.112153164,0.85));
#3570 = CARTESIAN_POINT('',(0.105193201,1.109669164,0.851));
#3571 = CARTESIAN_POINT('',(0.105193201,1.109669164,0.85));
#3572 = CARTESIAN_POINT('',(7.2937201E-02,1.112693164,0.851));
#3573 = CARTESIAN_POINT('',(7.2937201E-02,1.112693164,0.85));
#3574 = ADVANCED_FACE('',(#3575),#3600,.F.);
#3575 = FACE_BOUND('',#3576,.T.);
#3576 = EDGE_LOOP('',(#3577,#3585,#3593,#3599));
#3577 = ORIENTED_EDGE('',*,*,#3578,.T.);
#3578 = EDGE_CURVE('',#3552,#3579,#3581,.T.);
#3579 = VERTEX_POINT('',#3580);
#3580 = CARTESIAN_POINT('',(8.1001201E-02,1.157189164,0.85));
#3581 = LINE('',#3582,#3583);
#3582 = CARTESIAN_POINT('',(-5.435214306,-29.280499972,0.85));
#3583 = VECTOR('',#3584,1.);
#3584 = DIRECTION('',(0.178324959089,0.983971650489,0.));
#3585 = ORIENTED_EDGE('',*,*,#3586,.F.);
#3586 = EDGE_CURVE('',#3587,#3579,#3589,.T.);
#3587 = VERTEX_POINT('',#3588);
#3588 = CARTESIAN_POINT('',(8.1001201E-02,1.157189164,0.851));
#3589 = LINE('',#3590,#3591);
#3590 = CARTESIAN_POINT('',(8.1001201E-02,1.157189164,0.851));
#3591 = VECTOR('',#3592,1.);
#3592 = DIRECTION('',(0.,0.,-1.));
#3593 = ORIENTED_EDGE('',*,*,#3594,.F.);
#3594 = EDGE_CURVE('',#3543,#3587,#3595,.T.);
#3595 = LINE('',#3596,#3597);
#3596 = CARTESIAN_POINT('',(-5.435214306,-29.280499972,0.851));
#3597 = VECTOR('',#3598,1.);
#3598 = DIRECTION('',(0.178324959089,0.983971650489,0.));
#3599 = ORIENTED_EDGE('',*,*,#3551,.T.);
#3600 = PLANE('',#3601);
#3601 = AXIS2_PLACEMENT_3D('',#3602,#3603,#3604);
#3602 = CARTESIAN_POINT('',(-5.435214306,-29.280499972,0.851));
#3603 = DIRECTION('',(-0.983971650489,0.178324959089,0.));
#3604 = DIRECTION('',(-0.178324959089,-0.983971650489,0.));
#3605 = ADVANCED_FACE('',(#3606),#3633,.F.);
#3606 = FACE_BOUND('',#3607,.F.);
#3607 = EDGE_LOOP('',(#3608,#3609,#3618,#3626));
#3608 = ORIENTED_EDGE('',*,*,#3586,.F.);
#3609 = ORIENTED_EDGE('',*,*,#3610,.T.);
#3610 = EDGE_CURVE('',#3587,#3611,#3613,.T.);
#3611 = VERTEX_POINT('',#3612);
#3612 = CARTESIAN_POINT('',(0.169633201,1.156901164,0.851));
#3613 = B_SPLINE_CURVE_WITH_KNOTS('',3,(#3614,#3615,#3616,#3617),
  .UNSPECIFIED.,.F.,.F.,(4,4),(0.,0.166666667),
  .PIECEWISE_BEZIER_KNOTS.);
#3614 = CARTESIAN_POINT('',(8.1001201E-02,1.157189164,0.851));
#3615 = CARTESIAN_POINT('',(0.110233201,1.155893164,0.851));
#3616 = CARTESIAN_POINT('',(0.140293201,1.156901164,0.851));
#3617 = CARTESIAN_POINT('',(0.169633201,1.156901164,0.851));
#3618 = ORIENTED_EDGE('',*,*,#3619,.T.);
#3619 = EDGE_CURVE('',#3611,#3620,#3622,.T.);
#3620 = VERTEX_POINT('',#3621);
#3621 = CARTESIAN_POINT('',(0.169633201,1.156901164,0.85));
#3622 = LINE('',#3623,#3624);
#3623 = CARTESIAN_POINT('',(0.169633201,1.156901164,0.851));
#3624 = VECTOR('',#3625,1.);
#3625 = DIRECTION('',(0.,0.,-1.));
#3626 = ORIENTED_EDGE('',*,*,#3627,.F.);
#3627 = EDGE_CURVE('',#3579,#3620,#3628,.T.);
#3628 = B_SPLINE_CURVE_WITH_KNOTS('',3,(#3629,#3630,#3631,#3632),
  .UNSPECIFIED.,.F.,.F.,(4,4),(0.,0.166666667),
  .PIECEWISE_BEZIER_KNOTS.);
#3629 = CARTESIAN_POINT('',(8.1001201E-02,1.157189164,0.85));
#3630 = CARTESIAN_POINT('',(0.110233201,1.155893164,0.85));
#3631 = CARTESIAN_POINT('',(0.140293201,1.156901164,0.85));
#3632 = CARTESIAN_POINT('',(0.169633201,1.156901164,0.85));
#3633 = B_SPLINE_SURFACE_WITH_KNOTS('',3,1,(
    (#3634,#3635)
    ,(#3636,#3637)
    ,(#3638,#3639)
    ,(#3640,#3641
    )),.UNSPECIFIED.,.F.,.F.,.F.,(4,4),(2,2),(0.,0.166666667),(0.,1.),
  .PIECEWISE_BEZIER_KNOTS.);
#3634 = CARTESIAN_POINT('',(8.1001201E-02,1.157189164,0.851));
#3635 = CARTESIAN_POINT('',(8.1001201E-02,1.157189164,0.85));
#3636 = CARTESIAN_POINT('',(0.110233201,1.155893164,0.851));
#3637 = CARTESIAN_POINT('',(0.110233201,1.155893164,0.85));
#3638 = CARTESIAN_POINT('',(0.140293201,1.156901164,0.851));
#3639 = CARTESIAN_POINT('',(0.140293201,1.156901164,0.85));
#3640 = CARTESIAN_POINT('',(0.169633201,1.156901164,0.851));
#3641 = CARTESIAN_POINT('',(0.169633201,1.156901164,0.85));
#3642 = ADVANCED_FACE('',(#3643),#3679,.F.);
#3643 = FACE_BOUND('',#3644,.F.);
#3644 = EDGE_LOOP('',(#3645,#3655,#3664,#3672));
#3645 = ORIENTED_EDGE('',*,*,#3646,.F.);
#3646 = EDGE_CURVE('',#3647,#3649,#3651,.T.);
#3647 = VERTEX_POINT('',#3648);
#3648 = CARTESIAN_POINT('',(0.205705201,1.254101164,0.851));
#3649 = VERTEX_POINT('',#3650);
#3650 = CARTESIAN_POINT('',(0.205705201,1.254101164,0.85));
#3651 = LINE('',#3652,#3653);
#3652 = CARTESIAN_POINT('',(0.205705201,1.254101164,0.851));
#3653 = VECTOR('',#3654,1.);
#3654 = DIRECTION('',(0.,0.,-1.));
#3655 = ORIENTED_EDGE('',*,*,#3656,.T.);
#3656 = EDGE_CURVE('',#3647,#3657,#3659,.T.);
#3657 = VERTEX_POINT('',#3658);
#3658 = CARTESIAN_POINT('',(0.232453201,1.241753164,0.851));
#3659 = B_SPLINE_CURVE_WITH_KNOTS('',3,(#3660,#3661,#3662,#3663),
  .UNSPECIFIED.,.F.,.F.,(4,4),(0.166666667,0.333333333),
  .PIECEWISE_BEZIER_KNOTS.);
#3660 = CARTESIAN_POINT('',(0.205705201,1.254101164,0.851));
#3661 = CARTESIAN_POINT('',(0.222445201,1.254209164,0.851));
#3662 = CARTESIAN_POINT('',(0.221041201,1.254749164,0.851));
#3663 = CARTESIAN_POINT('',(0.232453201,1.241753164,0.851));
#3664 = ORIENTED_EDGE('',*,*,#3665,.T.);
#3665 = EDGE_CURVE('',#3657,#3666,#3668,.T.);
#3666 = VERTEX_POINT('',#3667);
#3667 = CARTESIAN_POINT('',(0.232453201,1.241753164,0.85));
#3668 = LINE('',#3669,#3670);
#3669 = CARTESIAN_POINT('',(0.232453201,1.241753164,0.851));
#3670 = VECTOR('',#3671,1.);
#3671 = DIRECTION('',(0.,0.,-1.));
#3672 = ORIENTED_EDGE('',*,*,#3673,.F.);
#3673 = EDGE_CURVE('',#3649,#3666,#3674,.T.);
#3674 = B_SPLINE_CURVE_WITH_KNOTS('',3,(#3675,#3676,#3677,#3678),
  .UNSPECIFIED.,.F.,.F.,(4,4),(0.166666667,0.333333333),
  .PIECEWISE_BEZIER_KNOTS.);
#3675 = CARTESIAN_POINT('',(0.205705201,1.254101164,0.85));
#3676 = CARTESIAN_POINT('',(0.222445201,1.254209164,0.85));
#3677 = CARTESIAN_POINT('',(0.221041201,1.254749164,0.85));
#3678 = CARTESIAN_POINT('',(0.232453201,1.241753164,0.85));
#3679 = B_SPLINE_SURFACE_WITH_KNOTS('',3,1,(
    (#3680,#3681)
    ,(#3682,#3683)
    ,(#3684,#3685)
    ,(#3686,#3687
    )),.UNSPECIFIED.,.F.,.F.,.F.,(4,4),(2,2),(0.166666667,0.333333333),(
    0.,1.),.PIECEWISE_BEZIER_KNOTS.);
#3680 = CARTESIAN_POINT('',(0.205705201,1.254101164,0.851));
#3681 = CARTESIAN_POINT('',(0.205705201,1.254101164,0.85));
#3682 = CARTESIAN_POINT('',(0.222445201,1.254209164,0.851));
#3683 = CARTESIAN_POINT('',(0.222445201,1.254209164,0.85));
#3684 = CARTESIAN_POINT('',(0.221041201,1.254749164,0.851));
#3685 = CARTESIAN_POINT('',(0.221041201,1.254749164,0.85));
#3686 = CARTESIAN_POINT('',(0.232453201,1.241753164,0.851));
#3687 = CARTESIAN_POINT('',(0.232453201,1.241753164,0.85));
#3688 = ADVANCED_FACE('',(#3689),#3716,.F.);
#3689 = FACE_BOUND('',#3690,.F.);
#3690 = EDGE_LOOP('',(#3691,#3692,#3701,#3709));
#3691 = ORIENTED_EDGE('',*,*,#3665,.F.);
#3692 = ORIENTED_EDGE('',*,*,#3693,.T.);
#3693 = EDGE_CURVE('',#3657,#3694,#3696,.T.);
#3694 = VERTEX_POINT('',#3695);
#3695 = CARTESIAN_POINT('',(0.214201201,1.207949164,0.851));
#3696 = B_SPLINE_CURVE_WITH_KNOTS('',3,(#3697,#3698,#3699,#3700),
  .UNSPECIFIED.,.F.,.F.,(4,4),(0.333333333,0.5),
  .PIECEWISE_BEZIER_KNOTS.);
#3697 = CARTESIAN_POINT('',(0.232453201,1.241753164,0.851));
#3698 = CARTESIAN_POINT('',(0.234253201,1.218389164,0.851));
#3699 = CARTESIAN_POINT('',(0.227701201,1.210037164,0.851));
#3700 = CARTESIAN_POINT('',(0.214201201,1.207949164,0.851));
#3701 = ORIENTED_EDGE('',*,*,#3702,.T.);
#3702 = EDGE_CURVE('',#3694,#3703,#3705,.T.);
#3703 = VERTEX_POINT('',#3704);
#3704 = CARTESIAN_POINT('',(0.214201201,1.207949164,0.85));
#3705 = LINE('',#3706,#3707);
#3706 = CARTESIAN_POINT('',(0.214201201,1.207949164,0.851));
#3707 = VECTOR('',#3708,1.);
#3708 = DIRECTION('',(0.,0.,-1.));
#3709 = ORIENTED_EDGE('',*,*,#3710,.F.);
#3710 = EDGE_CURVE('',#3666,#3703,#3711,.T.);
#3711 = B_SPLINE_CURVE_WITH_KNOTS('',3,(#3712,#3713,#3714,#3715),
  .UNSPECIFIED.,.F.,.F.,(4,4),(0.333333333,0.5),
  .PIECEWISE_BEZIER_KNOTS.);
#3712 = CARTESIAN_POINT('',(0.232453201,1.241753164,0.85));
#3713 = CARTESIAN_POINT('',(0.234253201,1.218389164,0.85));
#3714 = CARTESIAN_POINT('',(0.227701201,1.210037164,0.85));
#3715 = CARTESIAN_POINT('',(0.214201201,1.207949164,0.85));
#3716 = B_SPLINE_SURFACE_WITH_KNOTS('',3,1,(
    (#3717,#3718)
    ,(#3719,#3720)
    ,(#3721,#3722)
    ,(#3723,#3724
    )),.UNSPECIFIED.,.F.,.F.,.F.,(4,4),(2,2),(0.333333333,0.5),(0.,1.),
  .PIECEWISE_BEZIER_KNOTS.);
#3717 = CARTESIAN_POINT('',(0.232453201,1.241753164,0.851));
#3718 = CARTESIAN_POINT('',(0.232453201,1.241753164,0.85));
#3719 = CARTESIAN_POINT('',(0.234253201,1.218389164,0.851));
#3720 = CARTESIAN_POINT('',(0.234253201,1.218389164,0.85));
#3721 = CARTESIAN_POINT('',(0.227701201,1.210037164,0.851));
#3722 = CARTESIAN_POINT('',(0.227701201,1.210037164,0.85));
#3723 = CARTESIAN_POINT('',(0.214201201,1.207949164,0.851));
#3724 = CARTESIAN_POINT('',(0.214201201,1.207949164,0.85));
#3725 = ADVANCED_FACE('',(#3726),#3751,.F.);
#3726 = FACE_BOUND('',#3727,.T.);
#3727 = EDGE_LOOP('',(#3728,#3736,#3744,#3750));
#3728 = ORIENTED_EDGE('',*,*,#3729,.T.);
#3729 = EDGE_CURVE('',#3703,#3730,#3732,.T.);
#3730 = VERTEX_POINT('',#3731);
#3731 = CARTESIAN_POINT('',(8.8489201E-02,1.207877164,0.85));
#3732 = LINE('',#3733,#3734);
#3733 = CARTESIAN_POINT('',(-2.029308819,1.206664221,0.85));
#3734 = VECTOR('',#3735,1.);
#3735 = DIRECTION('',(-0.999999835986,-5.727375920919E-04,0.));
#3736 = ORIENTED_EDGE('',*,*,#3737,.F.);
#3737 = EDGE_CURVE('',#3738,#3730,#3740,.T.);
#3738 = VERTEX_POINT('',#3739);
#3739 = CARTESIAN_POINT('',(8.8489201E-02,1.207877164,0.851));
#3740 = LINE('',#3741,#3742);
#3741 = CARTESIAN_POINT('',(8.8489201E-02,1.207877164,0.851));
#3742 = VECTOR('',#3743,1.);
#3743 = DIRECTION('',(0.,0.,-1.));
#3744 = ORIENTED_EDGE('',*,*,#3745,.F.);
#3745 = EDGE_CURVE('',#3694,#3738,#3746,.T.);
#3746 = LINE('',#3747,#3748);
#3747 = CARTESIAN_POINT('',(-2.029308819,1.206664221,0.851));
#3748 = VECTOR('',#3749,1.);
#3749 = DIRECTION('',(-0.999999835986,-5.727375920919E-04,0.));
#3750 = ORIENTED_EDGE('',*,*,#3702,.T.);
#3751 = PLANE('',#3752);
#3752 = AXIS2_PLACEMENT_3D('',#3753,#3754,#3755);
#3753 = CARTESIAN_POINT('',(-2.029308819,1.206664221,0.851));
#3754 = DIRECTION('',(5.727375920919E-04,-0.999999835986,0.));
#3755 = DIRECTION('',(0.999999835986,5.727375920919E-04,0.));
#3756 = ADVANCED_FACE('',(#3757),#3782,.F.);
#3757 = FACE_BOUND('',#3758,.T.);
#3758 = EDGE_LOOP('',(#3759,#3767,#3775,#3781));
#3759 = ORIENTED_EDGE('',*,*,#3760,.T.);
#3760 = EDGE_CURVE('',#3730,#3761,#3763,.T.);
#3761 = VERTEX_POINT('',#3762);
#3762 = CARTESIAN_POINT('',(9.7669201E-02,1.254353164,0.85));
#3763 = LINE('',#3764,#3765);
#3764 = CARTESIAN_POINT('',(-5.90429637,-29.13206861,0.85));
#3765 = VECTOR('',#3766,1.);
#3766 = DIRECTION('',(0.193777388945,0.981045525719,0.));
#3767 = ORIENTED_EDGE('',*,*,#3768,.F.);
#3768 = EDGE_CURVE('',#3769,#3761,#3771,.T.);
#3769 = VERTEX_POINT('',#3770);
#3770 = CARTESIAN_POINT('',(9.7669201E-02,1.254353164,0.851));
#3771 = LINE('',#3772,#3773);
#3772 = CARTESIAN_POINT('',(9.7669201E-02,1.254353164,0.851));
#3773 = VECTOR('',#3774,1.);
#3774 = DIRECTION('',(0.,0.,-1.));
#3775 = ORIENTED_EDGE('',*,*,#3776,.F.);
#3776 = EDGE_CURVE('',#3738,#3769,#3777,.T.);
#3777 = LINE('',#3778,#3779);
#3778 = CARTESIAN_POINT('',(-5.90429637,-29.13206861,0.851));
#3779 = VECTOR('',#3780,1.);
#3780 = DIRECTION('',(0.193777388945,0.981045525719,0.));
#3781 = ORIENTED_EDGE('',*,*,#3737,.T.);
#3782 = PLANE('',#3783);
#3783 = AXIS2_PLACEMENT_3D('',#3784,#3785,#3786);
#3784 = CARTESIAN_POINT('',(-5.90429637,-29.13206861,0.851));
#3785 = DIRECTION('',(-0.981045525719,0.193777388945,0.));
#3786 = DIRECTION('',(-0.193777388945,-0.981045525719,0.));
#3787 = ADVANCED_FACE('',(#3788),#3806,.F.);
#3788 = FACE_BOUND('',#3789,.F.);
#3789 = EDGE_LOOP('',(#3790,#3791,#3798,#3799));
#3790 = ORIENTED_EDGE('',*,*,#3619,.F.);
#3791 = ORIENTED_EDGE('',*,*,#3792,.T.);
#3792 = EDGE_CURVE('',#3611,#3496,#3793,.T.);
#3793 = B_SPLINE_CURVE_WITH_KNOTS('',3,(#3794,#3795,#3796,#3797),
  .UNSPECIFIED.,.F.,.F.,(4,4),(0.166666667,0.333333333),
  .PIECEWISE_BEZIER_KNOTS.);
#3794 = CARTESIAN_POINT('',(0.169633201,1.156901164,0.851));
#3795 = CARTESIAN_POINT('',(0.186877201,1.156901164,0.851));
#3796 = CARTESIAN_POINT('',(0.244549201,1.168997164,0.851));
#3797 = CARTESIAN_POINT('',(0.234757201,1.127921164,0.851));
#3798 = ORIENTED_EDGE('',*,*,#3495,.T.);
#3799 = ORIENTED_EDGE('',*,*,#3800,.F.);
#3800 = EDGE_CURVE('',#3620,#3498,#3801,.T.);
#3801 = B_SPLINE_CURVE_WITH_KNOTS('',3,(#3802,#3803,#3804,#3805),
  .UNSPECIFIED.,.F.,.F.,(4,4),(0.166666667,0.333333333),
  .PIECEWISE_BEZIER_KNOTS.);
#3802 = CARTESIAN_POINT('',(0.169633201,1.156901164,0.85));
#3803 = CARTESIAN_POINT('',(0.186877201,1.156901164,0.85));
#3804 = CARTESIAN_POINT('',(0.244549201,1.168997164,0.85));
#3805 = CARTESIAN_POINT('',(0.234757201,1.127921164,0.85));
#3806 = B_SPLINE_SURFACE_WITH_KNOTS('',3,1,(
    (#3807,#3808)
    ,(#3809,#3810)
    ,(#3811,#3812)
    ,(#3813,#3814
    )),.UNSPECIFIED.,.F.,.F.,.F.,(4,4),(2,2),(0.166666667,0.333333333),(
    0.,1.),.PIECEWISE_BEZIER_KNOTS.);
#3807 = CARTESIAN_POINT('',(0.169633201,1.156901164,0.851));
#3808 = CARTESIAN_POINT('',(0.169633201,1.156901164,0.85));
#3809 = CARTESIAN_POINT('',(0.186877201,1.156901164,0.851));
#3810 = CARTESIAN_POINT('',(0.186877201,1.156901164,0.85));
#3811 = CARTESIAN_POINT('',(0.244549201,1.168997164,0.851));
#3812 = CARTESIAN_POINT('',(0.244549201,1.168997164,0.85));
#3813 = CARTESIAN_POINT('',(0.234757201,1.127921164,0.851));
#3814 = CARTESIAN_POINT('',(0.234757201,1.127921164,0.85));
#3815 = ADVANCED_FACE('',(#3816),#3832,.F.);
#3816 = FACE_BOUND('',#3817,.T.);
#3817 = EDGE_LOOP('',(#3818,#3824,#3825,#3831));
#3818 = ORIENTED_EDGE('',*,*,#3819,.T.);
#3819 = EDGE_CURVE('',#3761,#3649,#3820,.T.);
#3820 = LINE('',#3821,#3822);
#3821 = CARTESIAN_POINT('',(-1.938809665,1.259103365,0.85));
#3822 = VECTOR('',#3823,1.);
#3823 = DIRECTION('',(0.999997279604,-2.332548999076E-03,0.));
#3824 = ORIENTED_EDGE('',*,*,#3646,.F.);
#3825 = ORIENTED_EDGE('',*,*,#3826,.F.);
#3826 = EDGE_CURVE('',#3769,#3647,#3827,.T.);
#3827 = LINE('',#3828,#3829);
#3828 = CARTESIAN_POINT('',(-1.938809665,1.259103365,0.851));
#3829 = VECTOR('',#3830,1.);
#3830 = DIRECTION('',(0.999997279604,-2.332548999076E-03,0.));
#3831 = ORIENTED_EDGE('',*,*,#3768,.T.);
#3832 = PLANE('',#3833);
#3833 = AXIS2_PLACEMENT_3D('',#3834,#3835,#3836);
#3834 = CARTESIAN_POINT('',(-1.938809665,1.259103365,0.851));
#3835 = DIRECTION('',(2.332548999076E-03,0.999997279604,0.));
#3836 = DIRECTION('',(-0.999997279604,2.332548999076E-03,0.));
#3837 = ADVANCED_FACE('',(#3838),#3854,.F.);
#3838 = FACE_BOUND('',#3839,.T.);
#3839 = EDGE_LOOP('',(#3840,#3846,#3847,#3853));
#3840 = ORIENTED_EDGE('',*,*,#3841,.T.);
#3841 = EDGE_CURVE('',#3469,#3092,#3842,.T.);
#3842 = LINE('',#3843,#3844);
#3843 = CARTESIAN_POINT('',(8.677201E-03,-29.900980336,0.85));
#3844 = VECTOR('',#3845,1.);
#3845 = DIRECTION('',(0.,-1.,0.));
#3846 = ORIENTED_EDGE('',*,*,#3117,.F.);
#3847 = ORIENTED_EDGE('',*,*,#3848,.F.);
#3848 = EDGE_CURVE('',#3460,#3110,#3849,.T.);
#3849 = LINE('',#3850,#3851);
#3850 = CARTESIAN_POINT('',(8.677201E-03,-29.900980336,0.851));
#3851 = VECTOR('',#3852,1.);
#3852 = DIRECTION('',(0.,-1.,0.));
#3853 = ORIENTED_EDGE('',*,*,#3468,.T.);
#3854 = PLANE('',#3855);
#3855 = AXIS2_PLACEMENT_3D('',#3856,#3857,#3858);
#3856 = CARTESIAN_POINT('',(8.677201E-03,-29.900980336,0.851));
#3857 = DIRECTION('',(1.,0.,0.));
#3858 = DIRECTION('',(0.,0.,-1.));
#3859 = ADVANCED_FACE('',(#3860,#3867,#3874),#3888,.T.);
#3860 = FACE_BOUND('',#3861,.T.);
#3861 = EDGE_LOOP('',(#3862,#3863,#3864,#3865,#3866));
#3862 = ORIENTED_EDGE('',*,*,#3656,.T.);
#3863 = ORIENTED_EDGE('',*,*,#3693,.T.);
#3864 = ORIENTED_EDGE('',*,*,#3745,.T.);
#3865 = ORIENTED_EDGE('',*,*,#3776,.T.);
#3866 = ORIENTED_EDGE('',*,*,#3826,.T.);
#3867 = FACE_BOUND('',#3868,.T.);
#3868 = EDGE_LOOP('',(#3869,#3870,#3871,#3872,#3873));
#3869 = ORIENTED_EDGE('',*,*,#3505,.T.);
#3870 = ORIENTED_EDGE('',*,*,#3542,.T.);
#3871 = ORIENTED_EDGE('',*,*,#3594,.T.);
#3872 = ORIENTED_EDGE('',*,*,#3610,.T.);
#3873 = ORIENTED_EDGE('',*,*,#3792,.T.);
#3874 = FACE_BOUND('',#3875,.T.);
#3875 = EDGE_LOOP('',(#3876,#3877,#3878,#3879,#3880,#3881,#3882,#3883,
    #3884,#3885,#3886,#3887));
#3876 = ORIENTED_EDGE('',*,*,#3109,.T.);
#3877 = ORIENTED_EDGE('',*,*,#3132,.T.);
#3878 = ORIENTED_EDGE('',*,*,#3184,.T.);
#3879 = ORIENTED_EDGE('',*,*,#3200,.T.);
#3880 = ORIENTED_EDGE('',*,*,#3237,.T.);
#3881 = ORIENTED_EDGE('',*,*,#3274,.T.);
#3882 = ORIENTED_EDGE('',*,*,#3311,.T.);
#3883 = ORIENTED_EDGE('',*,*,#3348,.T.);
#3884 = ORIENTED_EDGE('',*,*,#3385,.T.);
#3885 = ORIENTED_EDGE('',*,*,#3422,.T.);
#3886 = ORIENTED_EDGE('',*,*,#3459,.T.);
#3887 = ORIENTED_EDGE('',*,*,#3848,.T.);
#3888 = PLANE('',#3889);
#3889 = AXIS2_PLACEMENT_3D('',#3890,#3891,#3892);
#3890 = CARTESIAN_POINT('',(-2.011492299,-29.900980336,0.851));
#3891 = DIRECTION('',(0.,0.,1.));
#3892 = DIRECTION('',(1.,0.,0.));
#3893 = ADVANCED_FACE('',(#3894,#3901,#3908),#3922,.F.);
#3894 = FACE_BOUND('',#3895,.T.);
#3895 = EDGE_LOOP('',(#3896,#3897,#3898,#3899,#3900));
#3896 = ORIENTED_EDGE('',*,*,#3673,.F.);
#3897 = ORIENTED_EDGE('',*,*,#3819,.F.);
#3898 = ORIENTED_EDGE('',*,*,#3760,.F.);
#3899 = ORIENTED_EDGE('',*,*,#3729,.F.);
#3900 = ORIENTED_EDGE('',*,*,#3710,.F.);
#3901 = FACE_BOUND('',#3902,.T.);
#3902 = EDGE_LOOP('',(#3903,#3904,#3905,#3906,#3907));
#3903 = ORIENTED_EDGE('',*,*,#3522,.F.);
#3904 = ORIENTED_EDGE('',*,*,#3800,.F.);
#3905 = ORIENTED_EDGE('',*,*,#3627,.F.);
#3906 = ORIENTED_EDGE('',*,*,#3578,.F.);
#3907 = ORIENTED_EDGE('',*,*,#3559,.F.);
#3908 = FACE_BOUND('',#3909,.T.);
#3909 = EDGE_LOOP('',(#3910,#3911,#3912,#3913,#3914,#3915,#3916,#3917,
    #3918,#3919,#3920,#3921));
#3910 = ORIENTED_EDGE('',*,*,#3091,.F.);
#3911 = ORIENTED_EDGE('',*,*,#3841,.F.);
#3912 = ORIENTED_EDGE('',*,*,#3476,.F.);
#3913 = ORIENTED_EDGE('',*,*,#3439,.F.);
#3914 = ORIENTED_EDGE('',*,*,#3402,.F.);
#3915 = ORIENTED_EDGE('',*,*,#3365,.F.);
#3916 = ORIENTED_EDGE('',*,*,#3328,.F.);
#3917 = ORIENTED_EDGE('',*,*,#3291,.F.);
#3918 = ORIENTED_EDGE('',*,*,#3254,.F.);
#3919 = ORIENTED_EDGE('',*,*,#3217,.F.);
#3920 = ORIENTED_EDGE('',*,*,#3168,.F.);
#3921 = ORIENTED_EDGE('',*,*,#3149,.F.);
#3922 = PLANE('',#3923);
#3923 = AXIS2_PLACEMENT_3D('',#3924,#3925,#3926);
#3924 = CARTESIAN_POINT('',(-2.011492299,-29.900980336,0.85));
#3925 = DIRECTION('',(0.,0.,1.));
#3926 = DIRECTION('',(1.,0.,0.));
#3927 = MANIFOLD_SOLID_BREP('',#3928);
#3928 = CLOSED_SHELL('',(#3929,#3975,#4012,#4049,#4095,#4132,#4160,#4188
    ,#4205));
#3929 = ADVANCED_FACE('',(#3930),#3966,.F.);
#3930 = FACE_BOUND('',#3931,.F.);
#3931 = EDGE_LOOP('',(#3932,#3942,#3951,#3959));
#3932 = ORIENTED_EDGE('',*,*,#3933,.F.);
#3933 = EDGE_CURVE('',#3934,#3936,#3938,.T.);
#3934 = VERTEX_POINT('',#3935);
#3935 = CARTESIAN_POINT('',(0.296425201,1.204925164,0.851));
#3936 = VERTEX_POINT('',#3937);
#3937 = CARTESIAN_POINT('',(0.296425201,1.204925164,0.85));
#3938 = LINE('',#3939,#3940);
#3939 = CARTESIAN_POINT('',(0.296425201,1.204925164,0.851));
#3940 = VECTOR('',#3941,1.);
#3941 = DIRECTION('',(0.,0.,-1.));
#3942 = ORIENTED_EDGE('',*,*,#3943,.T.);
#3943 = EDGE_CURVE('',#3934,#3944,#3946,.T.);
#3944 = VERTEX_POINT('',#3945);
#3945 = CARTESIAN_POINT('',(0.331201201,1.084361164,0.851));
#3946 = B_SPLINE_CURVE_WITH_KNOTS('',3,(#3947,#3948,#3949,#3950),
  .UNSPECIFIED.,.F.,.F.,(4,4),(0.4,0.6),.PIECEWISE_BEZIER_KNOTS.);
#3947 = CARTESIAN_POINT('',(0.296425201,1.204925164,0.851));
#3948 = CARTESIAN_POINT('',(0.287533201,1.144805164,0.851));
#3949 = CARTESIAN_POINT('',(0.311329201,1.106033164,0.851));
#3950 = CARTESIAN_POINT('',(0.331201201,1.084361164,0.851));
#3951 = ORIENTED_EDGE('',*,*,#3952,.T.);
#3952 = EDGE_CURVE('',#3944,#3953,#3955,.T.);
#3953 = VERTEX_POINT('',#3954);
#3954 = CARTESIAN_POINT('',(0.331201201,1.084361164,0.85));
#3955 = LINE('',#3956,#3957);
#3956 = CARTESIAN_POINT('',(0.331201201,1.084361164,0.851));
#3957 = VECTOR('',#3958,1.);
#3958 = DIRECTION('',(0.,0.,-1.));
#3959 = ORIENTED_EDGE('',*,*,#3960,.F.);
#3960 = EDGE_CURVE('',#3936,#3953,#3961,.T.);
#3961 = B_SPLINE_CURVE_WITH_KNOTS('',3,(#3962,#3963,#3964,#3965),
  .UNSPECIFIED.,.F.,.F.,(4,4),(0.4,0.6),.PIECEWISE_BEZIER_KNOTS.);
#3962 = CARTESIAN_POINT('',(0.296425201,1.204925164,0.85));
#3963 = CARTESIAN_POINT('',(0.287533201,1.144805164,0.85));
#3964 = CARTESIAN_POINT('',(0.311329201,1.106033164,0.85));
#3965 = CARTESIAN_POINT('',(0.331201201,1.084361164,0.85));
#3966 = B_SPLINE_SURFACE_WITH_KNOTS('',3,1,(
    (#3967,#3968)
    ,(#3969,#3970)
    ,(#3971,#3972)
    ,(#3973,#3974
    )),.UNSPECIFIED.,.F.,.F.,.F.,(4,4),(2,2),(0.4,0.6),(0.,1.),
  .PIECEWISE_BEZIER_KNOTS.);
#3967 = CARTESIAN_POINT('',(0.296425201,1.204925164,0.851));
#3968 = CARTESIAN_POINT('',(0.296425201,1.204925164,0.85));
#3969 = CARTESIAN_POINT('',(0.287533201,1.144805164,0.851));
#3970 = CARTESIAN_POINT('',(0.287533201,1.144805164,0.85));
#3971 = CARTESIAN_POINT('',(0.311329201,1.106033164,0.851));
#3972 = CARTESIAN_POINT('',(0.311329201,1.106033164,0.85));
#3973 = CARTESIAN_POINT('',(0.331201201,1.084361164,0.851));
#3974 = CARTESIAN_POINT('',(0.331201201,1.084361164,0.85));
#3975 = ADVANCED_FACE('',(#3976),#4003,.F.);
#3976 = FACE_BOUND('',#3977,.F.);
#3977 = EDGE_LOOP('',(#3978,#3979,#3988,#3996));
#3978 = ORIENTED_EDGE('',*,*,#3952,.F.);
#3979 = ORIENTED_EDGE('',*,*,#3980,.T.);
#3980 = EDGE_CURVE('',#3944,#3981,#3983,.T.);
#3981 = VERTEX_POINT('',#3982);
#3982 = CARTESIAN_POINT('',(0.562321201,1.160069164,0.851));
#3983 = B_SPLINE_CURVE_WITH_KNOTS('',3,(#3984,#3985,#3986,#3987),
  .UNSPECIFIED.,.F.,.F.,(4,4),(0.6,1.),.PIECEWISE_BEZIER_KNOTS.);
#3984 = CARTESIAN_POINT('',(0.331201201,1.084361164,0.851));
#3985 = CARTESIAN_POINT('',(0.399925201,1.009373164,0.851));
#3986 = CARTESIAN_POINT('',(0.543385201,1.026797164,0.851));
#3987 = CARTESIAN_POINT('',(0.562321201,1.160069164,0.851));
#3988 = ORIENTED_EDGE('',*,*,#3989,.T.);
#3989 = EDGE_CURVE('',#3981,#3990,#3992,.T.);
#3990 = VERTEX_POINT('',#3991);
#3991 = CARTESIAN_POINT('',(0.562321201,1.160069164,0.85));
#3992 = LINE('',#3993,#3994);
#3993 = CARTESIAN_POINT('',(0.562321201,1.160069164,0.851));
#3994 = VECTOR('',#3995,1.);
#3995 = DIRECTION('',(0.,0.,-1.));
#3996 = ORIENTED_EDGE('',*,*,#3997,.F.);
#3997 = EDGE_CURVE('',#3953,#3990,#3998,.T.);
#3998 = B_SPLINE_CURVE_WITH_KNOTS('',3,(#3999,#4000,#4001,#4002),
  .UNSPECIFIED.,.F.,.F.,(4,4),(0.6,1.),.PIECEWISE_BEZIER_KNOTS.);
#3999 = CARTESIAN_POINT('',(0.331201201,1.084361164,0.85));
#4000 = CARTESIAN_POINT('',(0.399925201,1.009373164,0.85));
#4001 = CARTESIAN_POINT('',(0.543385201,1.026797164,0.85));
#4002 = CARTESIAN_POINT('',(0.562321201,1.160069164,0.85));
#4003 = B_SPLINE_SURFACE_WITH_KNOTS('',3,1,(
    (#4004,#4005)
    ,(#4006,#4007)
    ,(#4008,#4009)
    ,(#4010,#4011
    )),.UNSPECIFIED.,.F.,.F.,.F.,(4,4),(2,2),(0.6,1.),(0.,1.),
  .PIECEWISE_BEZIER_KNOTS.);
#4004 = CARTESIAN_POINT('',(0.331201201,1.084361164,0.851));
#4005 = CARTESIAN_POINT('',(0.331201201,1.084361164,0.85));
#4006 = CARTESIAN_POINT('',(0.399925201,1.009373164,0.851));
#4007 = CARTESIAN_POINT('',(0.399925201,1.009373164,0.85));
#4008 = CARTESIAN_POINT('',(0.543385201,1.026797164,0.851));
#4009 = CARTESIAN_POINT('',(0.543385201,1.026797164,0.85));
#4010 = CARTESIAN_POINT('',(0.562321201,1.160069164,0.851));
#4011 = CARTESIAN_POINT('',(0.562321201,1.160069164,0.85));
#4012 = ADVANCED_FACE('',(#4013),#4040,.F.);
#4013 = FACE_BOUND('',#4014,.F.);
#4014 = EDGE_LOOP('',(#4015,#4016,#4025,#4033));
#4015 = ORIENTED_EDGE('',*,*,#3989,.F.);
#4016 = ORIENTED_EDGE('',*,*,#4017,.T.);
#4017 = EDGE_CURVE('',#3981,#4018,#4020,.T.);
#4018 = VERTEX_POINT('',#4019);
#4019 = CARTESIAN_POINT('',(0.529309201,1.280669164,0.851));
#4020 = B_SPLINE_CURVE_WITH_KNOTS('',3,(#4021,#4022,#4023,#4024),
  .UNSPECIFIED.,.F.,.F.,(4,4),(0.,0.2),.PIECEWISE_BEZIER_KNOTS.);
#4021 = CARTESIAN_POINT('',(0.562321201,1.160069164,0.851));
#4022 = CARTESIAN_POINT('',(0.570781201,1.219649164,0.851));
#4023 = CARTESIAN_POINT('',(0.547165201,1.257953164,0.851));
#4024 = CARTESIAN_POINT('',(0.529309201,1.280669164,0.851));
#4025 = ORIENTED_EDGE('',*,*,#4026,.T.);
#4026 = EDGE_CURVE('',#4018,#4027,#4029,.T.);
#4027 = VERTEX_POINT('',#4028);
#4028 = CARTESIAN_POINT('',(0.529309201,1.280669164,0.85));
#4029 = LINE('',#4030,#4031);
#4030 = CARTESIAN_POINT('',(0.529309201,1.280669164,0.851));
#4031 = VECTOR('',#4032,1.);
#4032 = DIRECTION('',(0.,0.,-1.));
#4033 = ORIENTED_EDGE('',*,*,#4034,.F.);
#4034 = EDGE_CURVE('',#3990,#4027,#4035,.T.);
#4035 = B_SPLINE_CURVE_WITH_KNOTS('',3,(#4036,#4037,#4038,#4039),
  .UNSPECIFIED.,.F.,.F.,(4,4),(0.,0.2),.PIECEWISE_BEZIER_KNOTS.);
#4036 = CARTESIAN_POINT('',(0.562321201,1.160069164,0.85));
#4037 = CARTESIAN_POINT('',(0.570781201,1.219649164,0.85));
#4038 = CARTESIAN_POINT('',(0.547165201,1.257953164,0.85));
#4039 = CARTESIAN_POINT('',(0.529309201,1.280669164,0.85));
#4040 = B_SPLINE_SURFACE_WITH_KNOTS('',3,1,(
    (#4041,#4042)
    ,(#4043,#4044)
    ,(#4045,#4046)
    ,(#4047,#4048
    )),.UNSPECIFIED.,.F.,.F.,.F.,(4,4),(2,2),(0.,0.2),(0.,1.),
  .PIECEWISE_BEZIER_KNOTS.);
#4041 = CARTESIAN_POINT('',(0.562321201,1.160069164,0.851));
#4042 = CARTESIAN_POINT('',(0.562321201,1.160069164,0.85));
#4043 = CARTESIAN_POINT('',(0.570781201,1.219649164,0.851));
#4044 = CARTESIAN_POINT('',(0.570781201,1.219649164,0.85));
#4045 = CARTESIAN_POINT('',(0.547165201,1.257953164,0.851));
#4046 = CARTESIAN_POINT('',(0.547165201,1.257953164,0.85));
#4047 = CARTESIAN_POINT('',(0.529309201,1.280669164,0.851));
#4048 = CARTESIAN_POINT('',(0.529309201,1.280669164,0.85));
#4049 = ADVANCED_FACE('',(#4050),#4086,.F.);
#4050 = FACE_BOUND('',#4051,.F.);
#4051 = EDGE_LOOP('',(#4052,#4062,#4071,#4079));
#4052 = ORIENTED_EDGE('',*,*,#4053,.F.);
#4053 = EDGE_CURVE('',#4054,#4056,#4058,.T.);
#4054 = VERTEX_POINT('',#4055);
#4055 = CARTESIAN_POINT('',(0.510157201,1.212449164,0.851));
#4056 = VERTEX_POINT('',#4057);
#4057 = CARTESIAN_POINT('',(0.510157201,1.212449164,0.85));
#4058 = LINE('',#4059,#4060);
#4059 = CARTESIAN_POINT('',(0.510157201,1.212449164,0.851));
#4060 = VECTOR('',#4061,1.);
#4061 = DIRECTION('',(0.,0.,-1.));
#4062 = ORIENTED_EDGE('',*,*,#4063,.T.);
#4063 = EDGE_CURVE('',#4054,#4064,#4066,.T.);
#4064 = VERTEX_POINT('',#4065);
#4065 = CARTESIAN_POINT('',(0.349813201,1.151681164,0.851));
#4066 = B_SPLINE_CURVE_WITH_KNOTS('',3,(#4067,#4068,#4069,#4070),
  .UNSPECIFIED.,.F.,.F.,(4,4),(0.25,0.5),.PIECEWISE_BEZIER_KNOTS.);
#4067 = CARTESIAN_POINT('',(0.510157201,1.212449164,0.851));
#4068 = CARTESIAN_POINT('',(0.549181201,1.106393164,0.851));
#4069 = CARTESIAN_POINT('',(0.390781201,1.054877164,0.851));
#4070 = CARTESIAN_POINT('',(0.349813201,1.151681164,0.851));
#4071 = ORIENTED_EDGE('',*,*,#4072,.T.);
#4072 = EDGE_CURVE('',#4064,#4073,#4075,.T.);
#4073 = VERTEX_POINT('',#4074);
#4074 = CARTESIAN_POINT('',(0.349813201,1.151681164,0.85));
#4075 = LINE('',#4076,#4077);
#4076 = CARTESIAN_POINT('',(0.349813201,1.151681164,0.851));
#4077 = VECTOR('',#4078,1.);
#4078 = DIRECTION('',(0.,0.,-1.));
#4079 = ORIENTED_EDGE('',*,*,#4080,.F.);
#4080 = EDGE_CURVE('',#4056,#4073,#4081,.T.);
#4081 = B_SPLINE_CURVE_WITH_KNOTS('',3,(#4082,#4083,#4084,#4085),
  .UNSPECIFIED.,.F.,.F.,(4,4),(0.25,0.5),.PIECEWISE_BEZIER_KNOTS.);
#4082 = CARTESIAN_POINT('',(0.510157201,1.212449164,0.85));
#4083 = CARTESIAN_POINT('',(0.549181201,1.106393164,0.85));
#4084 = CARTESIAN_POINT('',(0.390781201,1.054877164,0.85));
#4085 = CARTESIAN_POINT('',(0.349813201,1.151681164,0.85));
#4086 = B_SPLINE_SURFACE_WITH_KNOTS('',3,1,(
    (#4087,#4088)
    ,(#4089,#4090)
    ,(#4091,#4092)
    ,(#4093,#4094
    )),.UNSPECIFIED.,.F.,.F.,.F.,(4,4),(2,2),(0.25,0.5),(0.,1.),
  .PIECEWISE_BEZIER_KNOTS.);
#4087 = CARTESIAN_POINT('',(0.510157201,1.212449164,0.851));
#4088 = CARTESIAN_POINT('',(0.510157201,1.212449164,0.85));
#4089 = CARTESIAN_POINT('',(0.549181201,1.106393164,0.851));
#4090 = CARTESIAN_POINT('',(0.549181201,1.106393164,0.85));
#4091 = CARTESIAN_POINT('',(0.390781201,1.054877164,0.851));
#4092 = CARTESIAN_POINT('',(0.390781201,1.054877164,0.85));
#4093 = CARTESIAN_POINT('',(0.349813201,1.151681164,0.851));
#4094 = CARTESIAN_POINT('',(0.349813201,1.151681164,0.85));
#4095 = ADVANCED_FACE('',(#4096),#4123,.F.);
#4096 = FACE_BOUND('',#4097,.F.);
#4097 = EDGE_LOOP('',(#4098,#4099,#4108,#4116));
#4098 = ORIENTED_EDGE('',*,*,#4072,.F.);
#4099 = ORIENTED_EDGE('',*,*,#4100,.T.);
#4100 = EDGE_CURVE('',#4064,#4101,#4103,.T.);
#4101 = VERTEX_POINT('',#4102);
#4102 = CARTESIAN_POINT('',(0.406765201,1.262633164,0.851));
#4103 = B_SPLINE_CURVE_WITH_KNOTS('',3,(#4104,#4105,#4106,#4107),
  .UNSPECIFIED.,.F.,.F.,(4,4),(0.5,1.),.PIECEWISE_BEZIER_KNOTS.);
#4104 = CARTESIAN_POINT('',(0.349813201,1.151681164,0.851));
#4105 = CARTESIAN_POINT('',(0.328897201,1.201037164,0.851));
#4106 = CARTESIAN_POINT('',(0.363025201,1.251797164,0.851));
#4107 = CARTESIAN_POINT('',(0.406765201,1.262633164,0.851));
#4108 = ORIENTED_EDGE('',*,*,#4109,.T.);
#4109 = EDGE_CURVE('',#4101,#4110,#4112,.T.);
#4110 = VERTEX_POINT('',#4111);
#4111 = CARTESIAN_POINT('',(0.406765201,1.262633164,0.85));
#4112 = LINE('',#4113,#4114);
#4113 = CARTESIAN_POINT('',(0.406765201,1.262633164,0.851));
#4114 = VECTOR('',#4115,1.);
#4115 = DIRECTION('',(0.,0.,-1.));
#4116 = ORIENTED_EDGE('',*,*,#4117,.F.);
#4117 = EDGE_CURVE('',#4073,#4110,#4118,.T.);
#4118 = B_SPLINE_CURVE_WITH_KNOTS('',3,(#4119,#4120,#4121,#4122),
  .UNSPECIFIED.,.F.,.F.,(4,4),(0.5,1.),.PIECEWISE_BEZIER_KNOTS.);
#4119 = CARTESIAN_POINT('',(0.349813201,1.151681164,0.85));
#4120 = CARTESIAN_POINT('',(0.328897201,1.201037164,0.85));
#4121 = CARTESIAN_POINT('',(0.363025201,1.251797164,0.85));
#4122 = CARTESIAN_POINT('',(0.406765201,1.262633164,0.85));
#4123 = B_SPLINE_SURFACE_WITH_KNOTS('',3,1,(
    (#4124,#4125)
    ,(#4126,#4127)
    ,(#4128,#4129)
    ,(#4130,#4131
    )),.UNSPECIFIED.,.F.,.F.,.F.,(4,4),(2,2),(0.5,1.),(0.,1.),
  .PIECEWISE_BEZIER_KNOTS.);
#4124 = CARTESIAN_POINT('',(0.349813201,1.151681164,0.851));
#4125 = CARTESIAN_POINT('',(0.349813201,1.151681164,0.85));
#4126 = CARTESIAN_POINT('',(0.328897201,1.201037164,0.851));
#4127 = CARTESIAN_POINT('',(0.328897201,1.201037164,0.85));
#4128 = CARTESIAN_POINT('',(0.363025201,1.251797164,0.851));
#4129 = CARTESIAN_POINT('',(0.363025201,1.251797164,0.85));
#4130 = CARTESIAN_POINT('',(0.406765201,1.262633164,0.851));
#4131 = CARTESIAN_POINT('',(0.406765201,1.262633164,0.85));
#4132 = ADVANCED_FACE('',(#4133),#4151,.F.);
#4133 = FACE_BOUND('',#4134,.F.);
#4134 = EDGE_LOOP('',(#4135,#4136,#4143,#4144));
#4135 = ORIENTED_EDGE('',*,*,#4109,.F.);
#4136 = ORIENTED_EDGE('',*,*,#4137,.T.);
#4137 = EDGE_CURVE('',#4101,#4054,#4138,.T.);
#4138 = B_SPLINE_CURVE_WITH_KNOTS('',3,(#4139,#4140,#4141,#4142),
  .UNSPECIFIED.,.F.,.F.,(4,4),(0.,0.25),.PIECEWISE_BEZIER_KNOTS.);
#4139 = CARTESIAN_POINT('',(0.406765201,1.262633164,0.851));
#4140 = CARTESIAN_POINT('',(0.448597201,1.272965164,0.851));
#4141 = CARTESIAN_POINT('',(0.494353201,1.255397164,0.851));
#4142 = CARTESIAN_POINT('',(0.510157201,1.212449164,0.851));
#4143 = ORIENTED_EDGE('',*,*,#4053,.T.);
#4144 = ORIENTED_EDGE('',*,*,#4145,.F.);
#4145 = EDGE_CURVE('',#4110,#4056,#4146,.T.);
#4146 = B_SPLINE_CURVE_WITH_KNOTS('',3,(#4147,#4148,#4149,#4150),
  .UNSPECIFIED.,.F.,.F.,(4,4),(0.,0.25),.PIECEWISE_BEZIER_KNOTS.);
#4147 = CARTESIAN_POINT('',(0.406765201,1.262633164,0.85));
#4148 = CARTESIAN_POINT('',(0.448597201,1.272965164,0.85));
#4149 = CARTESIAN_POINT('',(0.494353201,1.255397164,0.85));
#4150 = CARTESIAN_POINT('',(0.510157201,1.212449164,0.85));
#4151 = B_SPLINE_SURFACE_WITH_KNOTS('',3,1,(
    (#4152,#4153)
    ,(#4154,#4155)
    ,(#4156,#4157)
    ,(#4158,#4159
    )),.UNSPECIFIED.,.F.,.F.,.F.,(4,4),(2,2),(0.,0.25),(0.,1.),
  .PIECEWISE_BEZIER_KNOTS.);
#4152 = CARTESIAN_POINT('',(0.406765201,1.262633164,0.851));
#4153 = CARTESIAN_POINT('',(0.406765201,1.262633164,0.85));
#4154 = CARTESIAN_POINT('',(0.448597201,1.272965164,0.851));
#4155 = CARTESIAN_POINT('',(0.448597201,1.272965164,0.85));
#4156 = CARTESIAN_POINT('',(0.494353201,1.255397164,0.851));
#4157 = CARTESIAN_POINT('',(0.494353201,1.255397164,0.85));
#4158 = CARTESIAN_POINT('',(0.510157201,1.212449164,0.851));
#4159 = CARTESIAN_POINT('',(0.510157201,1.212449164,0.85));
#4160 = ADVANCED_FACE('',(#4161),#4179,.F.);
#4161 = FACE_BOUND('',#4162,.F.);
#4162 = EDGE_LOOP('',(#4163,#4164,#4171,#4172));
#4163 = ORIENTED_EDGE('',*,*,#4026,.F.);
#4164 = ORIENTED_EDGE('',*,*,#4165,.T.);
#4165 = EDGE_CURVE('',#4018,#3934,#4166,.T.);
#4166 = B_SPLINE_CURVE_WITH_KNOTS('',3,(#4167,#4168,#4169,#4170),
  .UNSPECIFIED.,.F.,.F.,(4,4),(0.2,0.4),.PIECEWISE_BEZIER_KNOTS.);
#4167 = CARTESIAN_POINT('',(0.529309201,1.280669164,0.851));
#4168 = CARTESIAN_POINT('',(0.470233201,1.355909164,0.851));
#4169 = CARTESIAN_POINT('',(0.316261201,1.338953164,0.851));
#4170 = CARTESIAN_POINT('',(0.296425201,1.204925164,0.851));
#4171 = ORIENTED_EDGE('',*,*,#3933,.T.);
#4172 = ORIENTED_EDGE('',*,*,#4173,.F.);
#4173 = EDGE_CURVE('',#4027,#3936,#4174,.T.);
#4174 = B_SPLINE_CURVE_WITH_KNOTS('',3,(#4175,#4176,#4177,#4178),
  .UNSPECIFIED.,.F.,.F.,(4,4),(0.2,0.4),.PIECEWISE_BEZIER_KNOTS.);
#4175 = CARTESIAN_POINT('',(0.529309201,1.280669164,0.85));
#4176 = CARTESIAN_POINT('',(0.470233201,1.355909164,0.85));
#4177 = CARTESIAN_POINT('',(0.316261201,1.338953164,0.85));
#4178 = CARTESIAN_POINT('',(0.296425201,1.204925164,0.85));
#4179 = B_SPLINE_SURFACE_WITH_KNOTS('',3,1,(
    (#4180,#4181)
    ,(#4182,#4183)
    ,(#4184,#4185)
    ,(#4186,#4187
    )),.UNSPECIFIED.,.F.,.F.,.F.,(4,4),(2,2),(0.2,0.4),(0.,1.),
  .PIECEWISE_BEZIER_KNOTS.);
#4180 = CARTESIAN_POINT('',(0.529309201,1.280669164,0.851));
#4181 = CARTESIAN_POINT('',(0.529309201,1.280669164,0.85));
#4182 = CARTESIAN_POINT('',(0.470233201,1.355909164,0.851));
#4183 = CARTESIAN_POINT('',(0.470233201,1.355909164,0.85));
#4184 = CARTESIAN_POINT('',(0.316261201,1.338953164,0.851));
#4185 = CARTESIAN_POINT('',(0.316261201,1.338953164,0.85));
#4186 = CARTESIAN_POINT('',(0.296425201,1.204925164,0.851));
#4187 = CARTESIAN_POINT('',(0.296425201,1.204925164,0.85));
#4188 = ADVANCED_FACE('',(#4189,#4194),#4200,.T.);
#4189 = FACE_BOUND('',#4190,.T.);
#4190 = EDGE_LOOP('',(#4191,#4192,#4193));
#4191 = ORIENTED_EDGE('',*,*,#4063,.T.);
#4192 = ORIENTED_EDGE('',*,*,#4100,.T.);
#4193 = ORIENTED_EDGE('',*,*,#4137,.T.);
#4194 = FACE_BOUND('',#4195,.T.);
#4195 = EDGE_LOOP('',(#4196,#4197,#4198,#4199));
#4196 = ORIENTED_EDGE('',*,*,#3943,.T.);
#4197 = ORIENTED_EDGE('',*,*,#3980,.T.);
#4198 = ORIENTED_EDGE('',*,*,#4017,.T.);
#4199 = ORIENTED_EDGE('',*,*,#4165,.T.);
#4200 = PLANE('',#4201);
#4201 = AXIS2_PLACEMENT_3D('',#4202,#4203,#4204);
#4202 = CARTESIAN_POINT('',(-2.011492299,-29.900980336,0.851));
#4203 = DIRECTION('',(0.,0.,1.));
#4204 = DIRECTION('',(1.,0.,0.));
#4205 = ADVANCED_FACE('',(#4206,#4211),#4217,.F.);
#4206 = FACE_BOUND('',#4207,.T.);
#4207 = EDGE_LOOP('',(#4208,#4209,#4210));
#4208 = ORIENTED_EDGE('',*,*,#4080,.F.);
#4209 = ORIENTED_EDGE('',*,*,#4145,.F.);
#4210 = ORIENTED_EDGE('',*,*,#4117,.F.);
#4211 = FACE_BOUND('',#4212,.T.);
#4212 = EDGE_LOOP('',(#4213,#4214,#4215,#4216));
#4213 = ORIENTED_EDGE('',*,*,#3960,.F.);
#4214 = ORIENTED_EDGE('',*,*,#4173,.F.);
#4215 = ORIENTED_EDGE('',*,*,#4034,.F.);
#4216 = ORIENTED_EDGE('',*,*,#3997,.F.);
#4217 = PLANE('',#4218);
#4218 = AXIS2_PLACEMENT_3D('',#4219,#4220,#4221);
#4219 = CARTESIAN_POINT('',(-2.011492299,-29.900980336,0.85));
#4220 = DIRECTION('',(0.,0.,1.));
#4221 = DIRECTION('',(1.,0.,0.));
#4222 = MANIFOLD_SOLID_BREP('',#4223);
#4223 = CLOSED_SHELL('',(#4224,#4270,#4307,#4338,#4369,#4400,#4431,#4462
    ,#4499,#4536,#4573,#4604,#4635,#4666,#4697,#4728,#4765,#4793,#4818)
  );
#4224 = ADVANCED_FACE('',(#4225),#4261,.F.);
#4225 = FACE_BOUND('',#4226,.F.);
#4226 = EDGE_LOOP('',(#4227,#4237,#4246,#4254));
#4227 = ORIENTED_EDGE('',*,*,#4228,.F.);
#4228 = EDGE_CURVE('',#4229,#4231,#4233,.T.);
#4229 = VERTEX_POINT('',#4230);
#4230 = CARTESIAN_POINT('',(0.614125201,1.087817164,0.851));
#4231 = VERTEX_POINT('',#4232);
#4232 = CARTESIAN_POINT('',(0.614125201,1.087817164,0.85));
#4233 = LINE('',#4234,#4235);
#4234 = CARTESIAN_POINT('',(0.614125201,1.087817164,0.851));
#4235 = VECTOR('',#4236,1.);
#4236 = DIRECTION('',(0.,0.,-1.));
#4237 = ORIENTED_EDGE('',*,*,#4238,.T.);
#4238 = EDGE_CURVE('',#4229,#4239,#4241,.T.);
#4239 = VERTEX_POINT('',#4240);
#4240 = CARTESIAN_POINT('',(0.799633201,1.090805164,0.851));
#4241 = B_SPLINE_CURVE_WITH_KNOTS('',3,(#4242,#4243,#4244,#4245),
  .UNSPECIFIED.,.F.,.F.,(4,4),(0.555555556,0.611111111),
  .PIECEWISE_BEZIER_KNOTS.);
#4242 = CARTESIAN_POINT('',(0.614125201,1.087817164,0.851));
#4243 = CARTESIAN_POINT('',(0.646093201,1.037921164,0.851));
#4244 = CARTESIAN_POINT('',(0.759889201,1.029641164,0.851));
#4245 = CARTESIAN_POINT('',(0.799633201,1.090805164,0.851));
#4246 = ORIENTED_EDGE('',*,*,#4247,.T.);
#4247 = EDGE_CURVE('',#4239,#4248,#4250,.T.);
#4248 = VERTEX_POINT('',#4249);
#4249 = CARTESIAN_POINT('',(0.799633201,1.090805164,0.85));
#4250 = LINE('',#4251,#4252);
#4251 = CARTESIAN_POINT('',(0.799633201,1.090805164,0.851));
#4252 = VECTOR('',#4253,1.);
#4253 = DIRECTION('',(0.,0.,-1.));
#4254 = ORIENTED_EDGE('',*,*,#4255,.F.);
#4255 = EDGE_CURVE('',#4231,#4248,#4256,.T.);
#4256 = B_SPLINE_CURVE_WITH_KNOTS('',3,(#4257,#4258,#4259,#4260),
  .UNSPECIFIED.,.F.,.F.,(4,4),(0.555555556,0.611111111),
  .PIECEWISE_BEZIER_KNOTS.);
#4257 = CARTESIAN_POINT('',(0.614125201,1.087817164,0.85));
#4258 = CARTESIAN_POINT('',(0.646093201,1.037921164,0.85));
#4259 = CARTESIAN_POINT('',(0.759889201,1.029641164,0.85));
#4260 = CARTESIAN_POINT('',(0.799633201,1.090805164,0.85));
#4261 = B_SPLINE_SURFACE_WITH_KNOTS('',3,1,(
    (#4262,#4263)
    ,(#4264,#4265)
    ,(#4266,#4267)
    ,(#4268,#4269
    )),.UNSPECIFIED.,.F.,.F.,.F.,(4,4),(2,2),(0.555555556,0.611111111),(
    0.,1.),.PIECEWISE_BEZIER_KNOTS.);
#4262 = CARTESIAN_POINT('',(0.614125201,1.087817164,0.851));
#4263 = CARTESIAN_POINT('',(0.614125201,1.087817164,0.85));
#4264 = CARTESIAN_POINT('',(0.646093201,1.037921164,0.851));
#4265 = CARTESIAN_POINT('',(0.646093201,1.037921164,0.85));
#4266 = CARTESIAN_POINT('',(0.759889201,1.029641164,0.851));
#4267 = CARTESIAN_POINT('',(0.759889201,1.029641164,0.85));
#4268 = CARTESIAN_POINT('',(0.799633201,1.090805164,0.851));
#4269 = CARTESIAN_POINT('',(0.799633201,1.090805164,0.85));
#4270 = ADVANCED_FACE('',(#4271),#4298,.F.);
#4271 = FACE_BOUND('',#4272,.F.);
#4272 = EDGE_LOOP('',(#4273,#4274,#4283,#4291));
#4273 = ORIENTED_EDGE('',*,*,#4247,.F.);
#4274 = ORIENTED_EDGE('',*,*,#4275,.T.);
#4275 = EDGE_CURVE('',#4239,#4276,#4278,.T.);
#4276 = VERTEX_POINT('',#4277);
#4277 = CARTESIAN_POINT('',(0.816913201,1.253993164,0.851));
#4278 = B_SPLINE_CURVE_WITH_KNOTS('',3,(#4279,#4280,#4281,#4282),
  .UNSPECIFIED.,.F.,.F.,(4,4),(0.611111111,0.666666667),
  .PIECEWISE_BEZIER_KNOTS.);
#4279 = CARTESIAN_POINT('',(0.799633201,1.090805164,0.851));
#4280 = CARTESIAN_POINT('',(0.829369201,1.136561164,0.851));
#4281 = CARTESIAN_POINT('',(0.810325201,1.171409164,0.851));
#4282 = CARTESIAN_POINT('',(0.816913201,1.253993164,0.851));
#4283 = ORIENTED_EDGE('',*,*,#4284,.T.);
#4284 = EDGE_CURVE('',#4276,#4285,#4287,.T.);
#4285 = VERTEX_POINT('',#4286);
#4286 = CARTESIAN_POINT('',(0.816913201,1.253993164,0.85));
#4287 = LINE('',#4288,#4289);
#4288 = CARTESIAN_POINT('',(0.816913201,1.253993164,0.851));
#4289 = VECTOR('',#4290,1.);
#4290 = DIRECTION('',(0.,0.,-1.));
#4291 = ORIENTED_EDGE('',*,*,#4292,.F.);
#4292 = EDGE_CURVE('',#4248,#4285,#4293,.T.);
#4293 = B_SPLINE_CURVE_WITH_KNOTS('',3,(#4294,#4295,#4296,#4297),
  .UNSPECIFIED.,.F.,.F.,(4,4),(0.611111111,0.666666667),
  .PIECEWISE_BEZIER_KNOTS.);
#4294 = CARTESIAN_POINT('',(0.799633201,1.090805164,0.85));
#4295 = CARTESIAN_POINT('',(0.829369201,1.136561164,0.85));
#4296 = CARTESIAN_POINT('',(0.810325201,1.171409164,0.85));
#4297 = CARTESIAN_POINT('',(0.816913201,1.253993164,0.85));
#4298 = B_SPLINE_SURFACE_WITH_KNOTS('',3,1,(
    (#4299,#4300)
    ,(#4301,#4302)
    ,(#4303,#4304)
    ,(#4305,#4306
    )),.UNSPECIFIED.,.F.,.F.,.F.,(4,4),(2,2),(0.611111111,0.666666667),(
    0.,1.),.PIECEWISE_BEZIER_KNOTS.);
#4299 = CARTESIAN_POINT('',(0.799633201,1.090805164,0.851));
#4300 = CARTESIAN_POINT('',(0.799633201,1.090805164,0.85));
#4301 = CARTESIAN_POINT('',(0.829369201,1.136561164,0.851));
#4302 = CARTESIAN_POINT('',(0.829369201,1.136561164,0.85));
#4303 = CARTESIAN_POINT('',(0.810325201,1.171409164,0.851));
#4304 = CARTESIAN_POINT('',(0.810325201,1.171409164,0.85));
#4305 = CARTESIAN_POINT('',(0.816913201,1.253993164,0.851));
#4306 = CARTESIAN_POINT('',(0.816913201,1.253993164,0.85));
#4307 = ADVANCED_FACE('',(#4308),#4333,.F.);
#4308 = FACE_BOUND('',#4309,.T.);
#4309 = EDGE_LOOP('',(#4310,#4318,#4326,#4332));
#4310 = ORIENTED_EDGE('',*,*,#4311,.T.);
#4311 = EDGE_CURVE('',#4285,#4312,#4314,.T.);
#4312 = VERTEX_POINT('',#4313);
#4313 = CARTESIAN_POINT('',(0.859321201,1.254029164,0.85));
#4314 = LINE('',#4315,#4316);
#4315 = CARTESIAN_POINT('',(-2.037937588,1.251569691,0.85));
#4316 = VECTOR('',#4317,1.);
#4317 = DIRECTION('',(0.999999639688,8.488961290348E-04,0.));
#4318 = ORIENTED_EDGE('',*,*,#4319,.F.);
#4319 = EDGE_CURVE('',#4320,#4312,#4322,.T.);
#4320 = VERTEX_POINT('',#4321);
#4321 = CARTESIAN_POINT('',(0.859321201,1.254029164,0.851));
#4322 = LINE('',#4323,#4324);
#4323 = CARTESIAN_POINT('',(0.859321201,1.254029164,0.851));
#4324 = VECTOR('',#4325,1.);
#4325 = DIRECTION('',(0.,0.,-1.));
#4326 = ORIENTED_EDGE('',*,*,#4327,.F.);
#4327 = EDGE_CURVE('',#4276,#4320,#4328,.T.);
#4328 = LINE('',#4329,#4330);
#4329 = CARTESIAN_POINT('',(-2.037937588,1.251569691,0.851));
#4330 = VECTOR('',#4331,1.);
#4331 = DIRECTION('',(0.999999639688,8.488961290348E-04,0.));
#4332 = ORIENTED_EDGE('',*,*,#4284,.T.);
#4333 = PLANE('',#4334);
#4334 = AXIS2_PLACEMENT_3D('',#4335,#4336,#4337);
#4335 = CARTESIAN_POINT('',(-2.037937588,1.251569691,0.851));
#4336 = DIRECTION('',(-8.488961290348E-04,0.999999639688,0.));
#4337 = DIRECTION('',(-0.999999639688,-8.488961290348E-04,0.));
#4338 = ADVANCED_FACE('',(#4339),#4364,.F.);
#4339 = FACE_BOUND('',#4340,.T.);
#4340 = EDGE_LOOP('',(#4341,#4349,#4357,#4363));
#4341 = ORIENTED_EDGE('',*,*,#4342,.T.);
#4342 = EDGE_CURVE('',#4312,#4343,#4345,.T.);
#4343 = VERTEX_POINT('',#4344);
#4344 = CARTESIAN_POINT('',(0.859321201,1.313933164,0.85));
#4345 = LINE('',#4346,#4347);
#4346 = CARTESIAN_POINT('',(0.859321201,-29.900980336,0.85));
#4347 = VECTOR('',#4348,1.);
#4348 = DIRECTION('',(0.,1.,0.));
#4349 = ORIENTED_EDGE('',*,*,#4350,.F.);
#4350 = EDGE_CURVE('',#4351,#4343,#4353,.T.);
#4351 = VERTEX_POINT('',#4352);
#4352 = CARTESIAN_POINT('',(0.859321201,1.313933164,0.851));
#4353 = LINE('',#4354,#4355);
#4354 = CARTESIAN_POINT('',(0.859321201,1.313933164,0.851));
#4355 = VECTOR('',#4356,1.);
#4356 = DIRECTION('',(0.,0.,-1.));
#4357 = ORIENTED_EDGE('',*,*,#4358,.F.);
#4358 = EDGE_CURVE('',#4320,#4351,#4359,.T.);
#4359 = LINE('',#4360,#4361);
#4360 = CARTESIAN_POINT('',(0.859321201,-29.900980336,0.851));
#4361 = VECTOR('',#4362,1.);
#4362 = DIRECTION('',(0.,1.,0.));
#4363 = ORIENTED_EDGE('',*,*,#4319,.T.);
#4364 = PLANE('',#4365);
#4365 = AXIS2_PLACEMENT_3D('',#4366,#4367,#4368);
#4366 = CARTESIAN_POINT('',(0.859321201,-29.900980336,0.851));
#4367 = DIRECTION('',(-1.,0.,0.));
#4368 = DIRECTION('',(0.,0.,1.));
#4369 = ADVANCED_FACE('',(#4370),#4395,.F.);
#4370 = FACE_BOUND('',#4371,.T.);
#4371 = EDGE_LOOP('',(#4372,#4380,#4388,#4394));
#4372 = ORIENTED_EDGE('',*,*,#4373,.T.);
#4373 = EDGE_CURVE('',#4343,#4374,#4376,.T.);
#4374 = VERTEX_POINT('',#4375);
#4375 = CARTESIAN_POINT('',(0.731665201,1.312853164,0.85));
#4376 = LINE('',#4377,#4378);
#4377 = CARTESIAN_POINT('',(-2.275353495,1.287413074,0.85));
#4378 = VECTOR('',#4379,1.);
#4379 = DIRECTION('',(-0.999964214118,-8.459934000999E-03,0.));
#4380 = ORIENTED_EDGE('',*,*,#4381,.F.);
#4381 = EDGE_CURVE('',#4382,#4374,#4384,.T.);
#4382 = VERTEX_POINT('',#4383);
#4383 = CARTESIAN_POINT('',(0.731665201,1.312853164,0.851));
#4384 = LINE('',#4385,#4386);
#4385 = CARTESIAN_POINT('',(0.731665201,1.312853164,0.851));
#4386 = VECTOR('',#4387,1.);
#4387 = DIRECTION('',(0.,0.,-1.));
#4388 = ORIENTED_EDGE('',*,*,#4389,.F.);
#4389 = EDGE_CURVE('',#4351,#4382,#4390,.T.);
#4390 = LINE('',#4391,#4392);
#4391 = CARTESIAN_POINT('',(-2.275353495,1.287413074,0.851));
#4392 = VECTOR('',#4393,1.);
#4393 = DIRECTION('',(-0.999964214118,-8.459934000999E-03,0.));
#4394 = ORIENTED_EDGE('',*,*,#4350,.T.);
#4395 = PLANE('',#4396);
#4396 = AXIS2_PLACEMENT_3D('',#4397,#4398,#4399);
#4397 = CARTESIAN_POINT('',(-2.275353495,1.287413074,0.851));
#4398 = DIRECTION('',(8.459934000999E-03,-0.999964214118,0.));
#4399 = DIRECTION('',(0.999964214118,8.459934000999E-03,0.));
#4400 = ADVANCED_FACE('',(#4401),#4426,.F.);
#4401 = FACE_BOUND('',#4402,.T.);
#4402 = EDGE_LOOP('',(#4403,#4411,#4419,#4425));
#4403 = ORIENTED_EDGE('',*,*,#4404,.T.);
#4404 = EDGE_CURVE('',#4374,#4405,#4407,.T.);
#4405 = VERTEX_POINT('',#4406);
#4406 = CARTESIAN_POINT('',(0.731665201,1.254317164,0.85));
#4407 = LINE('',#4408,#4409);
#4408 = CARTESIAN_POINT('',(0.731665201,-29.900980336,0.85));
#4409 = VECTOR('',#4410,1.);
#4410 = DIRECTION('',(0.,-1.,0.));
#4411 = ORIENTED_EDGE('',*,*,#4412,.F.);
#4412 = EDGE_CURVE('',#4413,#4405,#4415,.T.);
#4413 = VERTEX_POINT('',#4414);
#4414 = CARTESIAN_POINT('',(0.731665201,1.254317164,0.851));
#4415 = LINE('',#4416,#4417);
#4416 = CARTESIAN_POINT('',(0.731665201,1.254317164,0.851));
#4417 = VECTOR('',#4418,1.);
#4418 = DIRECTION('',(0.,0.,-1.));
#4419 = ORIENTED_EDGE('',*,*,#4420,.F.);
#4420 = EDGE_CURVE('',#4382,#4413,#4421,.T.);
#4421 = LINE('',#4422,#4423);
#4422 = CARTESIAN_POINT('',(0.731665201,-29.900980336,0.851));
#4423 = VECTOR('',#4424,1.);
#4424 = DIRECTION('',(0.,-1.,0.));
#4425 = ORIENTED_EDGE('',*,*,#4381,.T.);
#4426 = PLANE('',#4427);
#4427 = AXIS2_PLACEMENT_3D('',#4428,#4429,#4430);
#4428 = CARTESIAN_POINT('',(0.731665201,-29.900980336,0.851));
#4429 = DIRECTION('',(1.,0.,0.));
#4430 = DIRECTION('',(0.,0.,-1.));
#4431 = ADVANCED_FACE('',(#4432),#4457,.F.);
#4432 = FACE_BOUND('',#4433,.T.);
#4433 = EDGE_LOOP('',(#4434,#4442,#4450,#4456));
#4434 = ORIENTED_EDGE('',*,*,#4435,.T.);
#4435 = EDGE_CURVE('',#4405,#4436,#4438,.T.);
#4436 = VERTEX_POINT('',#4437);
#4437 = CARTESIAN_POINT('',(0.773281201,1.253381164,0.85));
#4438 = LINE('',#4439,#4440);
#4439 = CARTESIAN_POINT('',(-1.30973495,1.300231008,0.85));
#4440 = VECTOR('',#4441,1.);
#4441 = DIRECTION('',(0.999747165517,-2.248566298914E-02,0.));
#4442 = ORIENTED_EDGE('',*,*,#4443,.F.);
#4443 = EDGE_CURVE('',#4444,#4436,#4446,.T.);
#4444 = VERTEX_POINT('',#4445);
#4445 = CARTESIAN_POINT('',(0.773281201,1.253381164,0.851));
#4446 = LINE('',#4447,#4448);
#4447 = CARTESIAN_POINT('',(0.773281201,1.253381164,0.851));
#4448 = VECTOR('',#4449,1.);
#4449 = DIRECTION('',(0.,0.,-1.));
#4450 = ORIENTED_EDGE('',*,*,#4451,.F.);
#4451 = EDGE_CURVE('',#4413,#4444,#4452,.T.);
#4452 = LINE('',#4453,#4454);
#4453 = CARTESIAN_POINT('',(-1.30973495,1.300231008,0.851));
#4454 = VECTOR('',#4455,1.);
#4455 = DIRECTION('',(0.999747165517,-2.248566298914E-02,0.));
#4456 = ORIENTED_EDGE('',*,*,#4412,.T.);
#4457 = PLANE('',#4458);
#4458 = AXIS2_PLACEMENT_3D('',#4459,#4460,#4461);
#4459 = CARTESIAN_POINT('',(-1.30973495,1.300231008,0.851));
#4460 = DIRECTION('',(2.248566298914E-02,0.999747165517,0.));
#4461 = DIRECTION('',(-0.999747165517,2.248566298914E-02,0.));
#4462 = ADVANCED_FACE('',(#4463),#4490,.F.);
#4463 = FACE_BOUND('',#4464,.F.);
#4464 = EDGE_LOOP('',(#4465,#4466,#4475,#4483));
#4465 = ORIENTED_EDGE('',*,*,#4443,.F.);
#4466 = ORIENTED_EDGE('',*,*,#4467,.T.);
#4467 = EDGE_CURVE('',#4444,#4468,#4470,.T.);
#4468 = VERTEX_POINT('',#4469);
#4469 = CARTESIAN_POINT('',(0.768169201,1.135589164,0.851));
#4470 = B_SPLINE_CURVE_WITH_KNOTS('',3,(#4471,#4472,#4473,#4474),
  .UNSPECIFIED.,.F.,.F.,(4,4),(0.,5.5555556E-02),
  .PIECEWISE_BEZIER_KNOTS.);
#4471 = CARTESIAN_POINT('',(0.773281201,1.253381164,0.851));
#4472 = CARTESIAN_POINT('',(0.775153201,1.226309164,0.851));
#4473 = CARTESIAN_POINT('',(0.777421201,1.152293164,0.851));
#4474 = CARTESIAN_POINT('',(0.768169201,1.135589164,0.851));
#4475 = ORIENTED_EDGE('',*,*,#4476,.T.);
#4476 = EDGE_CURVE('',#4468,#4477,#4479,.T.);
#4477 = VERTEX_POINT('',#4478);
#4478 = CARTESIAN_POINT('',(0.768169201,1.135589164,0.85));
#4479 = LINE('',#4480,#4481);
#4480 = CARTESIAN_POINT('',(0.768169201,1.135589164,0.851));
#4481 = VECTOR('',#4482,1.);
#4482 = DIRECTION('',(0.,0.,-1.));
#4483 = ORIENTED_EDGE('',*,*,#4484,.F.);
#4484 = EDGE_CURVE('',#4436,#4477,#4485,.T.);
#4485 = B_SPLINE_CURVE_WITH_KNOTS('',3,(#4486,#4487,#4488,#4489),
  .UNSPECIFIED.,.F.,.F.,(4,4),(0.,5.5555556E-02),
  .PIECEWISE_BEZIER_KNOTS.);
#4486 = CARTESIAN_POINT('',(0.773281201,1.253381164,0.85));
#4487 = CARTESIAN_POINT('',(0.775153201,1.226309164,0.85));
#4488 = CARTESIAN_POINT('',(0.777421201,1.152293164,0.85));
#4489 = CARTESIAN_POINT('',(0.768169201,1.135589164,0.85));
#4490 = B_SPLINE_SURFACE_WITH_KNOTS('',3,1,(
    (#4491,#4492)
    ,(#4493,#4494)
    ,(#4495,#4496)
    ,(#4497,#4498
    )),.UNSPECIFIED.,.F.,.F.,.F.,(4,4),(2,2),(0.,5.5555556E-02),(0.,1.),
  .PIECEWISE_BEZIER_KNOTS.);
#4491 = CARTESIAN_POINT('',(0.773281201,1.253381164,0.851));
#4492 = CARTESIAN_POINT('',(0.773281201,1.253381164,0.85));
#4493 = CARTESIAN_POINT('',(0.775153201,1.226309164,0.851));
#4494 = CARTESIAN_POINT('',(0.775153201,1.226309164,0.85));
#4495 = CARTESIAN_POINT('',(0.777421201,1.152293164,0.851));
#4496 = CARTESIAN_POINT('',(0.777421201,1.152293164,0.85));
#4497 = CARTESIAN_POINT('',(0.768169201,1.135589164,0.851));
#4498 = CARTESIAN_POINT('',(0.768169201,1.135589164,0.85));
#4499 = ADVANCED_FACE('',(#4500),#4527,.F.);
#4500 = FACE_BOUND('',#4501,.F.);
#4501 = EDGE_LOOP('',(#4502,#4503,#4512,#4520));
#4502 = ORIENTED_EDGE('',*,*,#4476,.F.);
#4503 = ORIENTED_EDGE('',*,*,#4504,.T.);
#4504 = EDGE_CURVE('',#4468,#4505,#4507,.T.);
#4505 = VERTEX_POINT('',#4506);
#4506 = CARTESIAN_POINT('',(0.644257201,1.136165164,0.851));
#4507 = B_SPLINE_CURVE_WITH_KNOTS('',3,(#4508,#4509,#4510,#4511),
  .UNSPECIFIED.,.F.,.F.,(4,4),(5.5555556E-02,0.111111111),
  .PIECEWISE_BEZIER_KNOTS.);
#4508 = CARTESIAN_POINT('',(0.768169201,1.135589164,0.851));
#4509 = CARTESIAN_POINT('',(0.746065201,1.095701164,0.851));
#4510 = CARTESIAN_POINT('',(0.659017201,1.100057164,0.851));
#4511 = CARTESIAN_POINT('',(0.644257201,1.136165164,0.851));
#4512 = ORIENTED_EDGE('',*,*,#4513,.T.);
#4513 = EDGE_CURVE('',#4505,#4514,#4516,.T.);
#4514 = VERTEX_POINT('',#4515);
#4515 = CARTESIAN_POINT('',(0.644257201,1.136165164,0.85));
#4516 = LINE('',#4517,#4518);
#4517 = CARTESIAN_POINT('',(0.644257201,1.136165164,0.851));
#4518 = VECTOR('',#4519,1.);
#4519 = DIRECTION('',(0.,0.,-1.));
#4520 = ORIENTED_EDGE('',*,*,#4521,.F.);
#4521 = EDGE_CURVE('',#4477,#4514,#4522,.T.);
#4522 = B_SPLINE_CURVE_WITH_KNOTS('',3,(#4523,#4524,#4525,#4526),
  .UNSPECIFIED.,.F.,.F.,(4,4),(5.5555556E-02,0.111111111),
  .PIECEWISE_BEZIER_KNOTS.);
#4523 = CARTESIAN_POINT('',(0.768169201,1.135589164,0.85));
#4524 = CARTESIAN_POINT('',(0.746065201,1.095701164,0.85));
#4525 = CARTESIAN_POINT('',(0.659017201,1.100057164,0.85));
#4526 = CARTESIAN_POINT('',(0.644257201,1.136165164,0.85));
#4527 = B_SPLINE_SURFACE_WITH_KNOTS('',3,1,(
    (#4528,#4529)
    ,(#4530,#4531)
    ,(#4532,#4533)
    ,(#4534,#4535
    )),.UNSPECIFIED.,.F.,.F.,.F.,(4,4),(2,2),(5.5555556E-02,0.111111111)
  ,(0.,1.),.PIECEWISE_BEZIER_KNOTS.);
#4528 = CARTESIAN_POINT('',(0.768169201,1.135589164,0.851));
#4529 = CARTESIAN_POINT('',(0.768169201,1.135589164,0.85));
#4530 = CARTESIAN_POINT('',(0.746065201,1.095701164,0.851));
#4531 = CARTESIAN_POINT('',(0.746065201,1.095701164,0.85));
#4532 = CARTESIAN_POINT('',(0.659017201,1.100057164,0.851));
#4533 = CARTESIAN_POINT('',(0.659017201,1.100057164,0.85));
#4534 = CARTESIAN_POINT('',(0.644257201,1.136165164,0.851));
#4535 = CARTESIAN_POINT('',(0.644257201,1.136165164,0.85));
#4536 = ADVANCED_FACE('',(#4537),#4564,.F.);
#4537 = FACE_BOUND('',#4538,.F.);
#4538 = EDGE_LOOP('',(#4539,#4540,#4549,#4557));
#4539 = ORIENTED_EDGE('',*,*,#4513,.F.);
#4540 = ORIENTED_EDGE('',*,*,#4541,.T.);
#4541 = EDGE_CURVE('',#4505,#4542,#4544,.T.);
#4542 = VERTEX_POINT('',#4543);
#4543 = CARTESIAN_POINT('',(0.640801201,1.253885164,0.851));
#4544 = B_SPLINE_CURVE_WITH_KNOTS('',3,(#4545,#4546,#4547,#4548),
  .UNSPECIFIED.,.F.,.F.,(4,4),(0.111111111,0.166666667),
  .PIECEWISE_BEZIER_KNOTS.);
#4545 = CARTESIAN_POINT('',(0.644257201,1.136165164,0.851));
#4546 = CARTESIAN_POINT('',(0.638317201,1.150673164,0.851));
#4547 = CARTESIAN_POINT('',(0.639613201,1.231133164,0.851));
#4548 = CARTESIAN_POINT('',(0.640801201,1.253885164,0.851));
#4549 = ORIENTED_EDGE('',*,*,#4550,.T.);
#4550 = EDGE_CURVE('',#4542,#4551,#4553,.T.);
#4551 = VERTEX_POINT('',#4552);
#4552 = CARTESIAN_POINT('',(0.640801201,1.253885164,0.85));
#4553 = LINE('',#4554,#4555);
#4554 = CARTESIAN_POINT('',(0.640801201,1.253885164,0.851));
#4555 = VECTOR('',#4556,1.);
#4556 = DIRECTION('',(0.,0.,-1.));
#4557 = ORIENTED_EDGE('',*,*,#4558,.F.);
#4558 = EDGE_CURVE('',#4514,#4551,#4559,.T.);
#4559 = B_SPLINE_CURVE_WITH_KNOTS('',3,(#4560,#4561,#4562,#4563),
  .UNSPECIFIED.,.F.,.F.,(4,4),(0.111111111,0.166666667),
  .PIECEWISE_BEZIER_KNOTS.);
#4560 = CARTESIAN_POINT('',(0.644257201,1.136165164,0.85));
#4561 = CARTESIAN_POINT('',(0.638317201,1.150673164,0.85));
#4562 = CARTESIAN_POINT('',(0.639613201,1.231133164,0.85));
#4563 = CARTESIAN_POINT('',(0.640801201,1.253885164,0.85));
#4564 = B_SPLINE_SURFACE_WITH_KNOTS('',3,1,(
    (#4565,#4566)
    ,(#4567,#4568)
    ,(#4569,#4570)
    ,(#4571,#4572
    )),.UNSPECIFIED.,.F.,.F.,.F.,(4,4),(2,2),(0.111111111,0.166666667),(
    0.,1.),.PIECEWISE_BEZIER_KNOTS.);
#4565 = CARTESIAN_POINT('',(0.644257201,1.136165164,0.851));
#4566 = CARTESIAN_POINT('',(0.644257201,1.136165164,0.85));
#4567 = CARTESIAN_POINT('',(0.638317201,1.150673164,0.851));
#4568 = CARTESIAN_POINT('',(0.638317201,1.150673164,0.85));
#4569 = CARTESIAN_POINT('',(0.639613201,1.231133164,0.851));
#4570 = CARTESIAN_POINT('',(0.639613201,1.231133164,0.85));
#4571 = CARTESIAN_POINT('',(0.640801201,1.253885164,0.851));
#4572 = CARTESIAN_POINT('',(0.640801201,1.253885164,0.85));
#4573 = ADVANCED_FACE('',(#4574),#4599,.F.);
#4574 = FACE_BOUND('',#4575,.T.);
#4575 = EDGE_LOOP('',(#4576,#4584,#4592,#4598));
#4576 = ORIENTED_EDGE('',*,*,#4577,.T.);
#4577 = EDGE_CURVE('',#4551,#4578,#4580,.T.);
#4578 = VERTEX_POINT('',#4579);
#4579 = CARTESIAN_POINT('',(0.684541201,1.254173164,0.85));
#4580 = LINE('',#4581,#4582);
#4581 = CARTESIAN_POINT('',(-2.216503341,1.235071636,0.85));
#4582 = VECTOR('',#4583,1.);
#4583 = DIRECTION('',(0.999978323795,6.584218998651E-03,0.));
#4584 = ORIENTED_EDGE('',*,*,#4585,.F.);
#4585 = EDGE_CURVE('',#4586,#4578,#4588,.T.);
#4586 = VERTEX_POINT('',#4587);
#4587 = CARTESIAN_POINT('',(0.684541201,1.254173164,0.851));
#4588 = LINE('',#4589,#4590);
#4589 = CARTESIAN_POINT('',(0.684541201,1.254173164,0.851));
#4590 = VECTOR('',#4591,1.);
#4591 = DIRECTION('',(0.,0.,-1.));
#4592 = ORIENTED_EDGE('',*,*,#4593,.F.);
#4593 = EDGE_CURVE('',#4542,#4586,#4594,.T.);
#4594 = LINE('',#4595,#4596);
#4595 = CARTESIAN_POINT('',(-2.216503341,1.235071636,0.851));
#4596 = VECTOR('',#4597,1.);
#4597 = DIRECTION('',(0.999978323795,6.584218998651E-03,0.));
#4598 = ORIENTED_EDGE('',*,*,#4550,.T.);
#4599 = PLANE('',#4600);
#4600 = AXIS2_PLACEMENT_3D('',#4601,#4602,#4603);
#4601 = CARTESIAN_POINT('',(-2.216503341,1.235071636,0.851));
#4602 = DIRECTION('',(-6.584218998651E-03,0.999978323795,0.));
#4603 = DIRECTION('',(-0.999978323795,-6.584218998651E-03,0.));
#4604 = ADVANCED_FACE('',(#4605),#4630,.F.);
#4605 = FACE_BOUND('',#4606,.T.);
#4606 = EDGE_LOOP('',(#4607,#4615,#4623,#4629));
#4607 = ORIENTED_EDGE('',*,*,#4608,.T.);
#4608 = EDGE_CURVE('',#4578,#4609,#4611,.T.);
#4609 = VERTEX_POINT('',#4610);
#4610 = CARTESIAN_POINT('',(0.684541201,1.313933164,0.85));
#4611 = LINE('',#4612,#4613);
#4612 = CARTESIAN_POINT('',(0.684541201,-29.900980336,0.85));
#4613 = VECTOR('',#4614,1.);
#4614 = DIRECTION('',(0.,1.,0.));
#4615 = ORIENTED_EDGE('',*,*,#4616,.F.);
#4616 = EDGE_CURVE('',#4617,#4609,#4619,.T.);
#4617 = VERTEX_POINT('',#4618);
#4618 = CARTESIAN_POINT('',(0.684541201,1.313933164,0.851));
#4619 = LINE('',#4620,#4621);
#4620 = CARTESIAN_POINT('',(0.684541201,1.313933164,0.851));
#4621 = VECTOR('',#4622,1.);
#4622 = DIRECTION('',(0.,0.,-1.));
#4623 = ORIENTED_EDGE('',*,*,#4624,.F.);
#4624 = EDGE_CURVE('',#4586,#4617,#4625,.T.);
#4625 = LINE('',#4626,#4627);
#4626 = CARTESIAN_POINT('',(0.684541201,-29.900980336,0.851));
#4627 = VECTOR('',#4628,1.);
#4628 = DIRECTION('',(0.,1.,0.));
#4629 = ORIENTED_EDGE('',*,*,#4585,.T.);
#4630 = PLANE('',#4631);
#4631 = AXIS2_PLACEMENT_3D('',#4632,#4633,#4634);
#4632 = CARTESIAN_POINT('',(0.684541201,-29.900980336,0.851));
#4633 = DIRECTION('',(-1.,0.,0.));
#4634 = DIRECTION('',(0.,0.,1.));
#4635 = ADVANCED_FACE('',(#4636),#4661,.F.);
#4636 = FACE_BOUND('',#4637,.T.);
#4637 = EDGE_LOOP('',(#4638,#4646,#4654,#4660));
#4638 = ORIENTED_EDGE('',*,*,#4639,.T.);
#4639 = EDGE_CURVE('',#4609,#4640,#4642,.T.);
#4640 = VERTEX_POINT('',#4641);
#4641 = CARTESIAN_POINT('',(0.553537201,1.312601164,0.85));
#4642 = LINE('',#4643,#4644);
#4643 = CARTESIAN_POINT('',(-2.328562446,1.283297046,0.85));
#4644 = VECTOR('',#4645,1.);
#4645 = DIRECTION('',(-0.999948313673,-1.016710299667E-02,0.));
#4646 = ORIENTED_EDGE('',*,*,#4647,.F.);
#4647 = EDGE_CURVE('',#4648,#4640,#4650,.T.);
#4648 = VERTEX_POINT('',#4649);
#4649 = CARTESIAN_POINT('',(0.553537201,1.312601164,0.851));
#4650 = LINE('',#4651,#4652);
#4651 = CARTESIAN_POINT('',(0.553537201,1.312601164,0.851));
#4652 = VECTOR('',#4653,1.);
#4653 = DIRECTION('',(0.,0.,-1.));
#4654 = ORIENTED_EDGE('',*,*,#4655,.F.);
#4655 = EDGE_CURVE('',#4617,#4648,#4656,.T.);
#4656 = LINE('',#4657,#4658);
#4657 = CARTESIAN_POINT('',(-2.328562446,1.283297046,0.851));
#4658 = VECTOR('',#4659,1.);
#4659 = DIRECTION('',(-0.999948313673,-1.016710299667E-02,0.));
#4660 = ORIENTED_EDGE('',*,*,#4616,.T.);
#4661 = PLANE('',#4662);
#4662 = AXIS2_PLACEMENT_3D('',#4663,#4664,#4665);
#4663 = CARTESIAN_POINT('',(-2.328562446,1.283297046,0.851));
#4664 = DIRECTION('',(1.016710299667E-02,-0.999948313673,0.));
#4665 = DIRECTION('',(0.999948313673,1.016710299667E-02,0.));
#4666 = ADVANCED_FACE('',(#4667),#4692,.F.);
#4667 = FACE_BOUND('',#4668,.T.);
#4668 = EDGE_LOOP('',(#4669,#4677,#4685,#4691));
#4669 = ORIENTED_EDGE('',*,*,#4670,.T.);
#4670 = EDGE_CURVE('',#4640,#4671,#4673,.T.);
#4671 = VERTEX_POINT('',#4672);
#4672 = CARTESIAN_POINT('',(0.554365201,1.254173164,0.85));
#4673 = LINE('',#4674,#4675);
#4674 = CARTESIAN_POINT('',(0.995270012,-29.858370642,0.85));
#4675 = VECTOR('',#4676,1.);
#4676 = DIRECTION('',(1.416986500599E-02,-0.999899602423,0.));
#4677 = ORIENTED_EDGE('',*,*,#4678,.F.);
#4678 = EDGE_CURVE('',#4679,#4671,#4681,.T.);
#4679 = VERTEX_POINT('',#4680);
#4680 = CARTESIAN_POINT('',(0.554365201,1.254173164,0.851));
#4681 = LINE('',#4682,#4683);
#4682 = CARTESIAN_POINT('',(0.554365201,1.254173164,0.851));
#4683 = VECTOR('',#4684,1.);
#4684 = DIRECTION('',(0.,0.,-1.));
#4685 = ORIENTED_EDGE('',*,*,#4686,.F.);
#4686 = EDGE_CURVE('',#4648,#4679,#4687,.T.);
#4687 = LINE('',#4688,#4689);
#4688 = CARTESIAN_POINT('',(0.995270012,-29.858370642,0.851));
#4689 = VECTOR('',#4690,1.);
#4690 = DIRECTION('',(1.416986500599E-02,-0.999899602423,0.));
#4691 = ORIENTED_EDGE('',*,*,#4647,.T.);
#4692 = PLANE('',#4693);
#4693 = AXIS2_PLACEMENT_3D('',#4694,#4695,#4696);
#4694 = CARTESIAN_POINT('',(0.995270012,-29.858370642,0.851));
#4695 = DIRECTION('',(0.999899602423,1.416986500599E-02,0.));
#4696 = DIRECTION('',(-1.416986500599E-02,0.999899602423,0.));
#4697 = ADVANCED_FACE('',(#4698),#4723,.F.);
#4698 = FACE_BOUND('',#4699,.T.);
#4699 = EDGE_LOOP('',(#4700,#4708,#4716,#4722));
#4700 = ORIENTED_EDGE('',*,*,#4701,.T.);
#4701 = EDGE_CURVE('',#4671,#4702,#4704,.T.);
#4702 = VERTEX_POINT('',#4703);
#4703 = CARTESIAN_POINT('',(0.596809201,1.254389164,0.85));
#4704 = LINE('',#4705,#4706);
#4705 = CARTESIAN_POINT('',(-2.169972142,1.240308852,0.85));
#4706 = VECTOR('',#4707,1.);
#4707 = DIRECTION('',(0.999987050991,5.088992999956E-03,0.));
#4708 = ORIENTED_EDGE('',*,*,#4709,.F.);
#4709 = EDGE_CURVE('',#4710,#4702,#4712,.T.);
#4710 = VERTEX_POINT('',#4711);
#4711 = CARTESIAN_POINT('',(0.596809201,1.254389164,0.851));
#4712 = LINE('',#4713,#4714);
#4713 = CARTESIAN_POINT('',(0.596809201,1.254389164,0.851));
#4714 = VECTOR('',#4715,1.);
#4715 = DIRECTION('',(0.,0.,-1.));
#4716 = ORIENTED_EDGE('',*,*,#4717,.F.);
#4717 = EDGE_CURVE('',#4679,#4710,#4718,.T.);
#4718 = LINE('',#4719,#4720);
#4719 = CARTESIAN_POINT('',(-2.169972142,1.240308852,0.851));
#4720 = VECTOR('',#4721,1.);
#4721 = DIRECTION('',(0.999987050991,5.088992999956E-03,0.));
#4722 = ORIENTED_EDGE('',*,*,#4678,.T.);
#4723 = PLANE('',#4724);
#4724 = AXIS2_PLACEMENT_3D('',#4725,#4726,#4727);
#4725 = CARTESIAN_POINT('',(-2.169972142,1.240308852,0.851));
#4726 = DIRECTION('',(-5.088992999956E-03,0.999987050991,0.));
#4727 = DIRECTION('',(-0.999987050991,-5.088992999956E-03,0.));
#4728 = ADVANCED_FACE('',(#4729),#4756,.F.);
#4729 = FACE_BOUND('',#4730,.F.);
#4730 = EDGE_LOOP('',(#4731,#4732,#4741,#4749));
#4731 = ORIENTED_EDGE('',*,*,#4709,.F.);
#4732 = ORIENTED_EDGE('',*,*,#4733,.T.);
#4733 = EDGE_CURVE('',#4710,#4734,#4736,.T.);
#4734 = VERTEX_POINT('',#4735);
#4735 = CARTESIAN_POINT('',(0.596773201,1.154165164,0.851));
#4736 = B_SPLINE_CURVE_WITH_KNOTS('',3,(#4737,#4738,#4739,#4740),
  .UNSPECIFIED.,.F.,.F.,(4,4),(0.444444444,0.5),
  .PIECEWISE_BEZIER_KNOTS.);
#4737 = CARTESIAN_POINT('',(0.596809201,1.254389164,0.851));
#4738 = CARTESIAN_POINT('',(0.596737201,1.221017164,0.851));
#4739 = CARTESIAN_POINT('',(0.596701201,1.187573164,0.851));
#4740 = CARTESIAN_POINT('',(0.596773201,1.154165164,0.851));
#4741 = ORIENTED_EDGE('',*,*,#4742,.T.);
#4742 = EDGE_CURVE('',#4734,#4743,#4745,.T.);
#4743 = VERTEX_POINT('',#4744);
#4744 = CARTESIAN_POINT('',(0.596773201,1.154165164,0.85));
#4745 = LINE('',#4746,#4747);
#4746 = CARTESIAN_POINT('',(0.596773201,1.154165164,0.851));
#4747 = VECTOR('',#4748,1.);
#4748 = DIRECTION('',(0.,0.,-1.));
#4749 = ORIENTED_EDGE('',*,*,#4750,.F.);
#4750 = EDGE_CURVE('',#4702,#4743,#4751,.T.);
#4751 = B_SPLINE_CURVE_WITH_KNOTS('',3,(#4752,#4753,#4754,#4755),
  .UNSPECIFIED.,.F.,.F.,(4,4),(0.444444444,0.5),
  .PIECEWISE_BEZIER_KNOTS.);
#4752 = CARTESIAN_POINT('',(0.596809201,1.254389164,0.85));
#4753 = CARTESIAN_POINT('',(0.596737201,1.221017164,0.85));
#4754 = CARTESIAN_POINT('',(0.596701201,1.187573164,0.85));
#4755 = CARTESIAN_POINT('',(0.596773201,1.154165164,0.85));
#4756 = B_SPLINE_SURFACE_WITH_KNOTS('',3,1,(
    (#4757,#4758)
    ,(#4759,#4760)
    ,(#4761,#4762)
    ,(#4763,#4764
    )),.UNSPECIFIED.,.F.,.F.,.F.,(4,4),(2,2),(0.444444444,0.5),(0.,1.),
  .PIECEWISE_BEZIER_KNOTS.);
#4757 = CARTESIAN_POINT('',(0.596809201,1.254389164,0.851));
#4758 = CARTESIAN_POINT('',(0.596809201,1.254389164,0.85));
#4759 = CARTESIAN_POINT('',(0.596737201,1.221017164,0.851));
#4760 = CARTESIAN_POINT('',(0.596737201,1.221017164,0.85));
#4761 = CARTESIAN_POINT('',(0.596701201,1.187573164,0.851));
#4762 = CARTESIAN_POINT('',(0.596701201,1.187573164,0.85));
#4763 = CARTESIAN_POINT('',(0.596773201,1.154165164,0.851));
#4764 = CARTESIAN_POINT('',(0.596773201,1.154165164,0.85));
#4765 = ADVANCED_FACE('',(#4766),#4784,.F.);
#4766 = FACE_BOUND('',#4767,.F.);
#4767 = EDGE_LOOP('',(#4768,#4769,#4776,#4777));
#4768 = ORIENTED_EDGE('',*,*,#4742,.F.);
#4769 = ORIENTED_EDGE('',*,*,#4770,.T.);
#4770 = EDGE_CURVE('',#4734,#4229,#4771,.T.);
#4771 = B_SPLINE_CURVE_WITH_KNOTS('',3,(#4772,#4773,#4774,#4775),
  .UNSPECIFIED.,.F.,.F.,(4,4),(0.5,0.555555556),
  .PIECEWISE_BEZIER_KNOTS.);
#4772 = CARTESIAN_POINT('',(0.596773201,1.154165164,0.851));
#4773 = CARTESIAN_POINT('',(0.596809201,1.117481164,0.851));
#4774 = CARTESIAN_POINT('',(0.602065201,1.106609164,0.851));
#4775 = CARTESIAN_POINT('',(0.614125201,1.087817164,0.851));
#4776 = ORIENTED_EDGE('',*,*,#4228,.T.);
#4777 = ORIENTED_EDGE('',*,*,#4778,.F.);
#4778 = EDGE_CURVE('',#4743,#4231,#4779,.T.);
#4779 = B_SPLINE_CURVE_WITH_KNOTS('',3,(#4780,#4781,#4782,#4783),
  .UNSPECIFIED.,.F.,.F.,(4,4),(0.5,0.555555556),
  .PIECEWISE_BEZIER_KNOTS.);
#4780 = CARTESIAN_POINT('',(0.596773201,1.154165164,0.85));
#4781 = CARTESIAN_POINT('',(0.596809201,1.117481164,0.85));
#4782 = CARTESIAN_POINT('',(0.602065201,1.106609164,0.85));
#4783 = CARTESIAN_POINT('',(0.614125201,1.087817164,0.85));
#4784 = B_SPLINE_SURFACE_WITH_KNOTS('',3,1,(
    (#4785,#4786)
    ,(#4787,#4788)
    ,(#4789,#4790)
    ,(#4791,#4792
    )),.UNSPECIFIED.,.F.,.F.,.F.,(4,4),(2,2),(0.5,0.555555556),(0.,1.),
  .PIECEWISE_BEZIER_KNOTS.);
#4785 = CARTESIAN_POINT('',(0.596773201,1.154165164,0.851));
#4786 = CARTESIAN_POINT('',(0.596773201,1.154165164,0.85));
#4787 = CARTESIAN_POINT('',(0.596809201,1.117481164,0.851));
#4788 = CARTESIAN_POINT('',(0.596809201,1.117481164,0.85));
#4789 = CARTESIAN_POINT('',(0.602065201,1.106609164,0.851));
#4790 = CARTESIAN_POINT('',(0.602065201,1.106609164,0.85));
#4791 = CARTESIAN_POINT('',(0.614125201,1.087817164,0.851));
#4792 = CARTESIAN_POINT('',(0.614125201,1.087817164,0.85));
#4793 = ADVANCED_FACE('',(#4794),#4813,.T.);
#4794 = FACE_BOUND('',#4795,.T.);
#4795 = EDGE_LOOP('',(#4796,#4797,#4798,#4799,#4800,#4801,#4802,#4803,
    #4804,#4805,#4806,#4807,#4808,#4809,#4810,#4811,#4812));
#4796 = ORIENTED_EDGE('',*,*,#4238,.T.);
#4797 = ORIENTED_EDGE('',*,*,#4275,.T.);
#4798 = ORIENTED_EDGE('',*,*,#4327,.T.);
#4799 = ORIENTED_EDGE('',*,*,#4358,.T.);
#4800 = ORIENTED_EDGE('',*,*,#4389,.T.);
#4801 = ORIENTED_EDGE('',*,*,#4420,.T.);
#4802 = ORIENTED_EDGE('',*,*,#4451,.T.);
#4803 = ORIENTED_EDGE('',*,*,#4467,.T.);
#4804 = ORIENTED_EDGE('',*,*,#4504,.T.);
#4805 = ORIENTED_EDGE('',*,*,#4541,.T.);
#4806 = ORIENTED_EDGE('',*,*,#4593,.T.);
#4807 = ORIENTED_EDGE('',*,*,#4624,.T.);
#4808 = ORIENTED_EDGE('',*,*,#4655,.T.);
#4809 = ORIENTED_EDGE('',*,*,#4686,.T.);
#4810 = ORIENTED_EDGE('',*,*,#4717,.T.);
#4811 = ORIENTED_EDGE('',*,*,#4733,.T.);
#4812 = ORIENTED_EDGE('',*,*,#4770,.T.);
#4813 = PLANE('',#4814);
#4814 = AXIS2_PLACEMENT_3D('',#4815,#4816,#4817);
#4815 = CARTESIAN_POINT('',(-2.011492299,-29.900980336,0.851));
#4816 = DIRECTION('',(0.,0.,1.));
#4817 = DIRECTION('',(1.,0.,0.));
#4818 = ADVANCED_FACE('',(#4819),#4838,.F.);
#4819 = FACE_BOUND('',#4820,.T.);
#4820 = EDGE_LOOP('',(#4821,#4822,#4823,#4824,#4825,#4826,#4827,#4828,
    #4829,#4830,#4831,#4832,#4833,#4834,#4835,#4836,#4837));
#4821 = ORIENTED_EDGE('',*,*,#4255,.F.);
#4822 = ORIENTED_EDGE('',*,*,#4778,.F.);
#4823 = ORIENTED_EDGE('',*,*,#4750,.F.);
#4824 = ORIENTED_EDGE('',*,*,#4701,.F.);
#4825 = ORIENTED_EDGE('',*,*,#4670,.F.);
#4826 = ORIENTED_EDGE('',*,*,#4639,.F.);
#4827 = ORIENTED_EDGE('',*,*,#4608,.F.);
#4828 = ORIENTED_EDGE('',*,*,#4577,.F.);
#4829 = ORIENTED_EDGE('',*,*,#4558,.F.);
#4830 = ORIENTED_EDGE('',*,*,#4521,.F.);
#4831 = ORIENTED_EDGE('',*,*,#4484,.F.);
#4832 = ORIENTED_EDGE('',*,*,#4435,.F.);
#4833 = ORIENTED_EDGE('',*,*,#4404,.F.);
#4834 = ORIENTED_EDGE('',*,*,#4373,.F.);
#4835 = ORIENTED_EDGE('',*,*,#4342,.F.);
#4836 = ORIENTED_EDGE('',*,*,#4311,.F.);
#4837 = ORIENTED_EDGE('',*,*,#4292,.F.);
#4838 = PLANE('',#4839);
#4839 = AXIS2_PLACEMENT_3D('',#4840,#4841,#4842);
#4840 = CARTESIAN_POINT('',(-2.011492299,-29.900980336,0.85));
#4841 = DIRECTION('',(0.,0.,1.));
#4842 = DIRECTION('',(1.,0.,0.));
#4843 = MANIFOLD_SOLID_BREP('',#4844);
#4844 = CLOSED_SHELL('',(#4845,#4891,#4928,#4965,#5002,#5039,#5076,#5113
    ,#5150,#5181,#5212,#5243,#5274,#5305,#5336,#5367,#5398,#5429,#5466,
    #5512,#5549,#5580,#5617,#5645,#5673,#5707));
#4845 = ADVANCED_FACE('',(#4846),#4882,.F.);
#4846 = FACE_BOUND('',#4847,.F.);
#4847 = EDGE_LOOP('',(#4848,#4858,#4867,#4875));
#4848 = ORIENTED_EDGE('',*,*,#4849,.F.);
#4849 = EDGE_CURVE('',#4850,#4852,#4854,.T.);
#4850 = VERTEX_POINT('',#4851);
#4851 = CARTESIAN_POINT('',(1.062289201,1.056029164,0.851));
#4852 = VERTEX_POINT('',#4853);
#4853 = CARTESIAN_POINT('',(1.062289201,1.056029164,0.85));
#4854 = LINE('',#4855,#4856);
#4855 = CARTESIAN_POINT('',(1.062289201,1.056029164,0.851));
#4856 = VECTOR('',#4857,1.);
#4857 = DIRECTION('',(0.,0.,-1.));
#4858 = ORIENTED_EDGE('',*,*,#4859,.T.);
#4859 = EDGE_CURVE('',#4850,#4860,#4862,.T.);
#4860 = VERTEX_POINT('',#4861);
#4861 = CARTESIAN_POINT('',(1.162441201,1.110245164,0.851));
#4862 = B_SPLINE_CURVE_WITH_KNOTS('',3,(#4863,#4864,#4865,#4866),
  .UNSPECIFIED.,.F.,.F.,(4,4),(0.85,0.9),.PIECEWISE_BEZIER_KNOTS.);
#4863 = CARTESIAN_POINT('',(1.062289201,1.056029164,0.851));
#4864 = CARTESIAN_POINT('',(1.094473201,1.010561164,0.851));
#4865 = CARTESIAN_POINT('',(1.166509201,1.021757164,0.851));
#4866 = CARTESIAN_POINT('',(1.162441201,1.110245164,0.851));
#4867 = ORIENTED_EDGE('',*,*,#4868,.T.);
#4868 = EDGE_CURVE('',#4860,#4869,#4871,.T.);
#4869 = VERTEX_POINT('',#4870);
#4870 = CARTESIAN_POINT('',(1.162441201,1.110245164,0.85));
#4871 = LINE('',#4872,#4873);
#4872 = CARTESIAN_POINT('',(1.162441201,1.110245164,0.851));
#4873 = VECTOR('',#4874,1.);
#4874 = DIRECTION('',(0.,0.,-1.));
#4875 = ORIENTED_EDGE('',*,*,#4876,.F.);
#4876 = EDGE_CURVE('',#4852,#4869,#4877,.T.);
#4877 = B_SPLINE_CURVE_WITH_KNOTS('',3,(#4878,#4879,#4880,#4881),
  .UNSPECIFIED.,.F.,.F.,(4,4),(0.85,0.9),.PIECEWISE_BEZIER_KNOTS.);
#4878 = CARTESIAN_POINT('',(1.062289201,1.056029164,0.85));
#4879 = CARTESIAN_POINT('',(1.094473201,1.010561164,0.85));
#4880 = CARTESIAN_POINT('',(1.166509201,1.021757164,0.85));
#4881 = CARTESIAN_POINT('',(1.162441201,1.110245164,0.85));
#4882 = B_SPLINE_SURFACE_WITH_KNOTS('',3,1,(
    (#4883,#4884)
    ,(#4885,#4886)
    ,(#4887,#4888)
    ,(#4889,#4890
    )),.UNSPECIFIED.,.F.,.F.,.F.,(4,4),(2,2),(0.85,0.9),(0.,1.),
  .PIECEWISE_BEZIER_KNOTS.);
#4883 = CARTESIAN_POINT('',(1.062289201,1.056029164,0.851));
#4884 = CARTESIAN_POINT('',(1.062289201,1.056029164,0.85));
#4885 = CARTESIAN_POINT('',(1.094473201,1.010561164,0.851));
#4886 = CARTESIAN_POINT('',(1.094473201,1.010561164,0.85));
#4887 = CARTESIAN_POINT('',(1.166509201,1.021757164,0.851));
#4888 = CARTESIAN_POINT('',(1.166509201,1.021757164,0.85));
#4889 = CARTESIAN_POINT('',(1.162441201,1.110245164,0.851));
#4890 = CARTESIAN_POINT('',(1.162441201,1.110245164,0.85));
#4891 = ADVANCED_FACE('',(#4892),#4919,.F.);
#4892 = FACE_BOUND('',#4893,.F.);
#4893 = EDGE_LOOP('',(#4894,#4895,#4904,#4912));
#4894 = ORIENTED_EDGE('',*,*,#4868,.F.);
#4895 = ORIENTED_EDGE('',*,*,#4896,.T.);
#4896 = EDGE_CURVE('',#4860,#4897,#4899,.T.);
#4897 = VERTEX_POINT('',#4898);
#4898 = CARTESIAN_POINT('',(1.127233201,1.111721164,0.851));
#4899 = B_SPLINE_CURVE_WITH_KNOTS('',3,(#4900,#4901,#4902,#4903),
  .UNSPECIFIED.,.F.,.F.,(4,4),(0.9,1.),.PIECEWISE_BEZIER_KNOTS.);
#4900 = CARTESIAN_POINT('',(1.162441201,1.110245164,0.851));
#4901 = CARTESIAN_POINT('',(1.152865201,1.114853164,0.851));
#4902 = CARTESIAN_POINT('',(1.137529201,1.112801164,0.851));
#4903 = CARTESIAN_POINT('',(1.127233201,1.111721164,0.851));
#4904 = ORIENTED_EDGE('',*,*,#4905,.T.);
#4905 = EDGE_CURVE('',#4897,#4906,#4908,.T.);
#4906 = VERTEX_POINT('',#4907);
#4907 = CARTESIAN_POINT('',(1.127233201,1.111721164,0.85));
#4908 = LINE('',#4909,#4910);
#4909 = CARTESIAN_POINT('',(1.127233201,1.111721164,0.851));
#4910 = VECTOR('',#4911,1.);
#4911 = DIRECTION('',(0.,0.,-1.));
#4912 = ORIENTED_EDGE('',*,*,#4913,.F.);
#4913 = EDGE_CURVE('',#4869,#4906,#4914,.T.);
#4914 = B_SPLINE_CURVE_WITH_KNOTS('',3,(#4915,#4916,#4917,#4918),
  .UNSPECIFIED.,.F.,.F.,(4,4),(0.9,1.),.PIECEWISE_BEZIER_KNOTS.);
#4915 = CARTESIAN_POINT('',(1.162441201,1.110245164,0.85));
#4916 = CARTESIAN_POINT('',(1.152865201,1.114853164,0.85));
#4917 = CARTESIAN_POINT('',(1.137529201,1.112801164,0.85));
#4918 = CARTESIAN_POINT('',(1.127233201,1.111721164,0.85));
#4919 = B_SPLINE_SURFACE_WITH_KNOTS('',3,1,(
    (#4920,#4921)
    ,(#4922,#4923)
    ,(#4924,#4925)
    ,(#4926,#4927
    )),.UNSPECIFIED.,.F.,.F.,.F.,(4,4),(2,2),(0.9,1.),(0.,1.),
  .PIECEWISE_BEZIER_KNOTS.);
#4920 = CARTESIAN_POINT('',(1.162441201,1.110245164,0.851));
#4921 = CARTESIAN_POINT('',(1.162441201,1.110245164,0.85));
#4922 = CARTESIAN_POINT('',(1.152865201,1.114853164,0.851));
#4923 = CARTESIAN_POINT('',(1.152865201,1.114853164,0.85));
#4924 = CARTESIAN_POINT('',(1.137529201,1.112801164,0.851));
#4925 = CARTESIAN_POINT('',(1.137529201,1.112801164,0.85));
#4926 = CARTESIAN_POINT('',(1.127233201,1.111721164,0.851));
#4927 = CARTESIAN_POINT('',(1.127233201,1.111721164,0.85));
#4928 = ADVANCED_FACE('',(#4929),#4956,.F.);
#4929 = FACE_BOUND('',#4930,.F.);
#4930 = EDGE_LOOP('',(#4931,#4932,#4941,#4949));
#4931 = ORIENTED_EDGE('',*,*,#4905,.F.);
#4932 = ORIENTED_EDGE('',*,*,#4933,.T.);
#4933 = EDGE_CURVE('',#4897,#4934,#4936,.T.);
#4934 = VERTEX_POINT('',#4935);
#4935 = CARTESIAN_POINT('',(1.112689201,1.075541164,0.851));
#4936 = B_SPLINE_CURVE_WITH_KNOTS('',3,(#4937,#4938,#4939,#4940),
  .UNSPECIFIED.,.F.,.F.,(4,4),(0.,5.E-02),.PIECEWISE_BEZIER_KNOTS.);
#4937 = CARTESIAN_POINT('',(1.127233201,1.111721164,0.851));
#4938 = CARTESIAN_POINT('',(1.123129201,1.095845164,0.851));
#4939 = CARTESIAN_POINT('',(1.124785201,1.078889164,0.851));
#4940 = CARTESIAN_POINT('',(1.112689201,1.075541164,0.851));
#4941 = ORIENTED_EDGE('',*,*,#4942,.T.);
#4942 = EDGE_CURVE('',#4934,#4943,#4945,.T.);
#4943 = VERTEX_POINT('',#4944);
#4944 = CARTESIAN_POINT('',(1.112689201,1.075541164,0.85));
#4945 = LINE('',#4946,#4947);
#4946 = CARTESIAN_POINT('',(1.112689201,1.075541164,0.851));
#4947 = VECTOR('',#4948,1.);
#4948 = DIRECTION('',(0.,0.,-1.));
#4949 = ORIENTED_EDGE('',*,*,#4950,.F.);
#4950 = EDGE_CURVE('',#4906,#4943,#4951,.T.);
#4951 = B_SPLINE_CURVE_WITH_KNOTS('',3,(#4952,#4953,#4954,#4955),
  .UNSPECIFIED.,.F.,.F.,(4,4),(0.,5.E-02),.PIECEWISE_BEZIER_KNOTS.);
#4952 = CARTESIAN_POINT('',(1.127233201,1.111721164,0.85));
#4953 = CARTESIAN_POINT('',(1.123129201,1.095845164,0.85));
#4954 = CARTESIAN_POINT('',(1.124785201,1.078889164,0.85));
#4955 = CARTESIAN_POINT('',(1.112689201,1.075541164,0.85));
#4956 = B_SPLINE_SURFACE_WITH_KNOTS('',3,1,(
    (#4957,#4958)
    ,(#4959,#4960)
    ,(#4961,#4962)
    ,(#4963,#4964
    )),.UNSPECIFIED.,.F.,.F.,.F.,(4,4),(2,2),(0.,5.E-02),(0.,1.),
  .PIECEWISE_BEZIER_KNOTS.);
#4957 = CARTESIAN_POINT('',(1.127233201,1.111721164,0.851));
#4958 = CARTESIAN_POINT('',(1.127233201,1.111721164,0.85));
#4959 = CARTESIAN_POINT('',(1.123129201,1.095845164,0.851));
#4960 = CARTESIAN_POINT('',(1.123129201,1.095845164,0.85));
#4961 = CARTESIAN_POINT('',(1.124785201,1.078889164,0.851));
#4962 = CARTESIAN_POINT('',(1.124785201,1.078889164,0.85));
#4963 = CARTESIAN_POINT('',(1.112689201,1.075541164,0.851));
#4964 = CARTESIAN_POINT('',(1.112689201,1.075541164,0.85));
#4965 = ADVANCED_FACE('',(#4966),#4993,.F.);
#4966 = FACE_BOUND('',#4967,.F.);
#4967 = EDGE_LOOP('',(#4968,#4969,#4978,#4986));
#4968 = ORIENTED_EDGE('',*,*,#4942,.F.);
#4969 = ORIENTED_EDGE('',*,*,#4970,.T.);
#4970 = EDGE_CURVE('',#4934,#4971,#4973,.T.);
#4971 = VERTEX_POINT('',#4972);
#4972 = CARTESIAN_POINT('',(1.092637201,1.098833164,0.851));
#4973 = B_SPLINE_CURVE_WITH_KNOTS('',3,(#4974,#4975,#4976,#4977),
  .UNSPECIFIED.,.F.,.F.,(4,4),(5.E-02,0.1),.PIECEWISE_BEZIER_KNOTS.);
#4974 = CARTESIAN_POINT('',(1.112689201,1.075541164,0.851));
#4975 = CARTESIAN_POINT('',(1.099873201,1.071977164,0.851));
#4976 = CARTESIAN_POINT('',(1.095985201,1.084397164,0.851));
#4977 = CARTESIAN_POINT('',(1.092637201,1.098833164,0.851));
#4978 = ORIENTED_EDGE('',*,*,#4979,.T.);
#4979 = EDGE_CURVE('',#4971,#4980,#4982,.T.);
#4980 = VERTEX_POINT('',#4981);
#4981 = CARTESIAN_POINT('',(1.092637201,1.098833164,0.85));
#4982 = LINE('',#4983,#4984);
#4983 = CARTESIAN_POINT('',(1.092637201,1.098833164,0.851));
#4984 = VECTOR('',#4985,1.);
#4985 = DIRECTION('',(0.,0.,-1.));
#4986 = ORIENTED_EDGE('',*,*,#4987,.F.);
#4987 = EDGE_CURVE('',#4943,#4980,#4988,.T.);
#4988 = B_SPLINE_CURVE_WITH_KNOTS('',3,(#4989,#4990,#4991,#4992),
  .UNSPECIFIED.,.F.,.F.,(4,4),(5.E-02,0.1),.PIECEWISE_BEZIER_KNOTS.);
#4989 = CARTESIAN_POINT('',(1.112689201,1.075541164,0.85));
#4990 = CARTESIAN_POINT('',(1.099873201,1.071977164,0.85));
#4991 = CARTESIAN_POINT('',(1.095985201,1.084397164,0.85));
#4992 = CARTESIAN_POINT('',(1.092637201,1.098833164,0.85));
#4993 = B_SPLINE_SURFACE_WITH_KNOTS('',3,1,(
    (#4994,#4995)
    ,(#4996,#4997)
    ,(#4998,#4999)
    ,(#5000,#5001
    )),.UNSPECIFIED.,.F.,.F.,.F.,(4,4),(2,2),(5.E-02,0.1),(0.,1.),
  .PIECEWISE_BEZIER_KNOTS.);
#4994 = CARTESIAN_POINT('',(1.112689201,1.075541164,0.851));
#4995 = CARTESIAN_POINT('',(1.112689201,1.075541164,0.85));
#4996 = CARTESIAN_POINT('',(1.099873201,1.071977164,0.851));
#4997 = CARTESIAN_POINT('',(1.099873201,1.071977164,0.85));
#4998 = CARTESIAN_POINT('',(1.095985201,1.084397164,0.851));
#4999 = CARTESIAN_POINT('',(1.095985201,1.084397164,0.85));
#5000 = CARTESIAN_POINT('',(1.092637201,1.098833164,0.851));
#5001 = CARTESIAN_POINT('',(1.092637201,1.098833164,0.85));
#5002 = ADVANCED_FACE('',(#5003),#5030,.F.);
#5003 = FACE_BOUND('',#5004,.F.);
#5004 = EDGE_LOOP('',(#5005,#5006,#5015,#5023));
#5005 = ORIENTED_EDGE('',*,*,#4979,.F.);
#5006 = ORIENTED_EDGE('',*,*,#5007,.T.);
#5007 = EDGE_CURVE('',#4971,#5008,#5010,.T.);
#5008 = VERTEX_POINT('',#5009);
#5009 = CARTESIAN_POINT('',(1.060993201,1.159061164,0.851));
#5010 = B_SPLINE_CURVE_WITH_KNOTS('',3,(#5011,#5012,#5013,#5014),
  .UNSPECIFIED.,.F.,.F.,(4,4),(0.1,0.15),.PIECEWISE_BEZIER_KNOTS.);
#5011 = CARTESIAN_POINT('',(1.092637201,1.098833164,0.851));
#5012 = CARTESIAN_POINT('',(1.081621201,1.146389164,0.851));
#5013 = CARTESIAN_POINT('',(1.067977201,1.143797164,0.851));
#5014 = CARTESIAN_POINT('',(1.060993201,1.159061164,0.851));
#5015 = ORIENTED_EDGE('',*,*,#5016,.T.);
#5016 = EDGE_CURVE('',#5008,#5017,#5019,.T.);
#5017 = VERTEX_POINT('',#5018);
#5018 = CARTESIAN_POINT('',(1.060993201,1.159061164,0.85));
#5019 = LINE('',#5020,#5021);
#5020 = CARTESIAN_POINT('',(1.060993201,1.159061164,0.851));
#5021 = VECTOR('',#5022,1.);
#5022 = DIRECTION('',(0.,0.,-1.));
#5023 = ORIENTED_EDGE('',*,*,#5024,.F.);
#5024 = EDGE_CURVE('',#4980,#5017,#5025,.T.);
#5025 = B_SPLINE_CURVE_WITH_KNOTS('',3,(#5026,#5027,#5028,#5029),
  .UNSPECIFIED.,.F.,.F.,(4,4),(0.1,0.15),.PIECEWISE_BEZIER_KNOTS.);
#5026 = CARTESIAN_POINT('',(1.092637201,1.098833164,0.85));
#5027 = CARTESIAN_POINT('',(1.081621201,1.146389164,0.85));
#5028 = CARTESIAN_POINT('',(1.067977201,1.143797164,0.85));
#5029 = CARTESIAN_POINT('',(1.060993201,1.159061164,0.85));
#5030 = B_SPLINE_SURFACE_WITH_KNOTS('',3,1,(
    (#5031,#5032)
    ,(#5033,#5034)
    ,(#5035,#5036)
    ,(#5037,#5038
    )),.UNSPECIFIED.,.F.,.F.,.F.,(4,4),(2,2),(0.1,0.15),(0.,1.),
  .PIECEWISE_BEZIER_KNOTS.);
#5031 = CARTESIAN_POINT('',(1.092637201,1.098833164,0.851));
#5032 = CARTESIAN_POINT('',(1.092637201,1.098833164,0.85));
#5033 = CARTESIAN_POINT('',(1.081621201,1.146389164,0.851));
#5034 = CARTESIAN_POINT('',(1.081621201,1.146389164,0.85));
#5035 = CARTESIAN_POINT('',(1.067977201,1.143797164,0.851));
#5036 = CARTESIAN_POINT('',(1.067977201,1.143797164,0.85));
#5037 = CARTESIAN_POINT('',(1.060993201,1.159061164,0.851));
#5038 = CARTESIAN_POINT('',(1.060993201,1.159061164,0.85));
#5039 = ADVANCED_FACE('',(#5040),#5067,.F.);
#5040 = FACE_BOUND('',#5041,.F.);
#5041 = EDGE_LOOP('',(#5042,#5043,#5052,#5060));
#5042 = ORIENTED_EDGE('',*,*,#5016,.F.);
#5043 = ORIENTED_EDGE('',*,*,#5044,.T.);
#5044 = EDGE_CURVE('',#5008,#5045,#5047,.T.);
#5045 = VERTEX_POINT('',#5046);
#5046 = CARTESIAN_POINT('',(1.137241201,1.216301164,0.851));
#5047 = B_SPLINE_CURVE_WITH_KNOTS('',3,(#5048,#5049,#5050,#5051),
  .UNSPECIFIED.,.F.,.F.,(4,4),(0.15,0.2),.PIECEWISE_BEZIER_KNOTS.);
#5048 = CARTESIAN_POINT('',(1.060993201,1.159061164,0.851));
#5049 = CARTESIAN_POINT('',(1.098973201,1.157405164,0.851));
#5050 = CARTESIAN_POINT('',(1.127125201,1.168421164,0.851));
#5051 = CARTESIAN_POINT('',(1.137241201,1.216301164,0.851));
#5052 = ORIENTED_EDGE('',*,*,#5053,.T.);
#5053 = EDGE_CURVE('',#5045,#5054,#5056,.T.);
#5054 = VERTEX_POINT('',#5055);
#5055 = CARTESIAN_POINT('',(1.137241201,1.216301164,0.85));
#5056 = LINE('',#5057,#5058);
#5057 = CARTESIAN_POINT('',(1.137241201,1.216301164,0.851));
#5058 = VECTOR('',#5059,1.);
#5059 = DIRECTION('',(0.,0.,-1.));
#5060 = ORIENTED_EDGE('',*,*,#5061,.F.);
#5061 = EDGE_CURVE('',#5017,#5054,#5062,.T.);
#5062 = B_SPLINE_CURVE_WITH_KNOTS('',3,(#5063,#5064,#5065,#5066),
  .UNSPECIFIED.,.F.,.F.,(4,4),(0.15,0.2),.PIECEWISE_BEZIER_KNOTS.);
#5063 = CARTESIAN_POINT('',(1.060993201,1.159061164,0.85));
#5064 = CARTESIAN_POINT('',(1.098973201,1.157405164,0.85));
#5065 = CARTESIAN_POINT('',(1.127125201,1.168421164,0.85));
#5066 = CARTESIAN_POINT('',(1.137241201,1.216301164,0.85));
#5067 = B_SPLINE_SURFACE_WITH_KNOTS('',3,1,(
    (#5068,#5069)
    ,(#5070,#5071)
    ,(#5072,#5073)
    ,(#5074,#5075
    )),.UNSPECIFIED.,.F.,.F.,.F.,(4,4),(2,2),(0.15,0.2),(0.,1.),
  .PIECEWISE_BEZIER_KNOTS.);
#5068 = CARTESIAN_POINT('',(1.060993201,1.159061164,0.851));
#5069 = CARTESIAN_POINT('',(1.060993201,1.159061164,0.85));
#5070 = CARTESIAN_POINT('',(1.098973201,1.157405164,0.851));
#5071 = CARTESIAN_POINT('',(1.098973201,1.157405164,0.85));
#5072 = CARTESIAN_POINT('',(1.127125201,1.168421164,0.851));
#5073 = CARTESIAN_POINT('',(1.127125201,1.168421164,0.85));
#5074 = CARTESIAN_POINT('',(1.137241201,1.216301164,0.851));
#5075 = CARTESIAN_POINT('',(1.137241201,1.216301164,0.85));
#5076 = ADVANCED_FACE('',(#5077),#5104,.F.);
#5077 = FACE_BOUND('',#5078,.F.);
#5078 = EDGE_LOOP('',(#5079,#5080,#5089,#5097));
#5079 = ORIENTED_EDGE('',*,*,#5053,.F.);
#5080 = ORIENTED_EDGE('',*,*,#5081,.T.);
#5081 = EDGE_CURVE('',#5045,#5082,#5084,.T.);
#5082 = VERTEX_POINT('',#5083);
#5083 = CARTESIAN_POINT('',(1.088713201,1.311953164,0.851));
#5084 = B_SPLINE_CURVE_WITH_KNOTS('',3,(#5085,#5086,#5087,#5088),
  .UNSPECIFIED.,.F.,.F.,(4,4),(0.2,0.25),.PIECEWISE_BEZIER_KNOTS.);
#5085 = CARTESIAN_POINT('',(1.137241201,1.216301164,0.851));
#5086 = CARTESIAN_POINT('',(1.148365201,1.269113164,0.851));
#5087 = CARTESIAN_POINT('',(1.115821201,1.305437164,0.851));
#5088 = CARTESIAN_POINT('',(1.088713201,1.311953164,0.851));
#5089 = ORIENTED_EDGE('',*,*,#5090,.T.);
#5090 = EDGE_CURVE('',#5082,#5091,#5093,.T.);
#5091 = VERTEX_POINT('',#5092);
#5092 = CARTESIAN_POINT('',(1.088713201,1.311953164,0.85));
#5093 = LINE('',#5094,#5095);
#5094 = CARTESIAN_POINT('',(1.088713201,1.311953164,0.851));
#5095 = VECTOR('',#5096,1.);
#5096 = DIRECTION('',(0.,0.,-1.));
#5097 = ORIENTED_EDGE('',*,*,#5098,.F.);
#5098 = EDGE_CURVE('',#5054,#5091,#5099,.T.);
#5099 = B_SPLINE_CURVE_WITH_KNOTS('',3,(#5100,#5101,#5102,#5103),
  .UNSPECIFIED.,.F.,.F.,(4,4),(0.2,0.25),.PIECEWISE_BEZIER_KNOTS.);
#5100 = CARTESIAN_POINT('',(1.137241201,1.216301164,0.85));
#5101 = CARTESIAN_POINT('',(1.148365201,1.269113164,0.85));
#5102 = CARTESIAN_POINT('',(1.115821201,1.305437164,0.85));
#5103 = CARTESIAN_POINT('',(1.088713201,1.311953164,0.85));
#5104 = B_SPLINE_SURFACE_WITH_KNOTS('',3,1,(
    (#5105,#5106)
    ,(#5107,#5108)
    ,(#5109,#5110)
    ,(#5111,#5112
    )),.UNSPECIFIED.,.F.,.F.,.F.,(4,4),(2,2),(0.2,0.25),(0.,1.),
  .PIECEWISE_BEZIER_KNOTS.);
#5105 = CARTESIAN_POINT('',(1.137241201,1.216301164,0.851));
#5106 = CARTESIAN_POINT('',(1.137241201,1.216301164,0.85));
#5107 = CARTESIAN_POINT('',(1.148365201,1.269113164,0.851));
#5108 = CARTESIAN_POINT('',(1.148365201,1.269113164,0.85));
#5109 = CARTESIAN_POINT('',(1.115821201,1.305437164,0.851));
#5110 = CARTESIAN_POINT('',(1.115821201,1.305437164,0.85));
#5111 = CARTESIAN_POINT('',(1.088713201,1.311953164,0.851));
#5112 = CARTESIAN_POINT('',(1.088713201,1.311953164,0.85));
#5113 = ADVANCED_FACE('',(#5114),#5141,.F.);
#5114 = FACE_BOUND('',#5115,.F.);
#5115 = EDGE_LOOP('',(#5116,#5117,#5126,#5134));
#5116 = ORIENTED_EDGE('',*,*,#5090,.F.);
#5117 = ORIENTED_EDGE('',*,*,#5118,.T.);
#5118 = EDGE_CURVE('',#5082,#5119,#5121,.T.);
#5119 = VERTEX_POINT('',#5120);
#5120 = CARTESIAN_POINT('',(0.868861201,1.314077164,0.851));
#5121 = B_SPLINE_CURVE_WITH_KNOTS('',3,(#5122,#5123,#5124,#5125),
  .UNSPECIFIED.,.F.,.F.,(4,4),(0.25,0.3),.PIECEWISE_BEZIER_KNOTS.);
#5122 = CARTESIAN_POINT('',(1.088713201,1.311953164,0.851));
#5123 = CARTESIAN_POINT('',(1.063441201,1.318001164,0.851));
#5124 = CARTESIAN_POINT('',(0.910477201,1.312853164,0.851));
#5125 = CARTESIAN_POINT('',(0.868861201,1.314077164,0.851));
#5126 = ORIENTED_EDGE('',*,*,#5127,.T.);
#5127 = EDGE_CURVE('',#5119,#5128,#5130,.T.);
#5128 = VERTEX_POINT('',#5129);
#5129 = CARTESIAN_POINT('',(0.868861201,1.314077164,0.85));
#5130 = LINE('',#5131,#5132);
#5131 = CARTESIAN_POINT('',(0.868861201,1.314077164,0.851));
#5132 = VECTOR('',#5133,1.);
#5133 = DIRECTION('',(0.,0.,-1.));
#5134 = ORIENTED_EDGE('',*,*,#5135,.F.);
#5135 = EDGE_CURVE('',#5091,#5128,#5136,.T.);
#5136 = B_SPLINE_CURVE_WITH_KNOTS('',3,(#5137,#5138,#5139,#5140),
  .UNSPECIFIED.,.F.,.F.,(4,4),(0.25,0.3),.PIECEWISE_BEZIER_KNOTS.);
#5137 = CARTESIAN_POINT('',(1.088713201,1.311953164,0.85));
#5138 = CARTESIAN_POINT('',(1.063441201,1.318001164,0.85));
#5139 = CARTESIAN_POINT('',(0.910477201,1.312853164,0.85));
#5140 = CARTESIAN_POINT('',(0.868861201,1.314077164,0.85));
#5141 = B_SPLINE_SURFACE_WITH_KNOTS('',3,1,(
    (#5142,#5143)
    ,(#5144,#5145)
    ,(#5146,#5147)
    ,(#5148,#5149
    )),.UNSPECIFIED.,.F.,.F.,.F.,(4,4),(2,2),(0.25,0.3),(0.,1.),
  .PIECEWISE_BEZIER_KNOTS.);
#5142 = CARTESIAN_POINT('',(1.088713201,1.311953164,0.851));
#5143 = CARTESIAN_POINT('',(1.088713201,1.311953164,0.85));
#5144 = CARTESIAN_POINT('',(1.063441201,1.318001164,0.851));
#5145 = CARTESIAN_POINT('',(1.063441201,1.318001164,0.85));
#5146 = CARTESIAN_POINT('',(0.910477201,1.312853164,0.851));
#5147 = CARTESIAN_POINT('',(0.910477201,1.312853164,0.85));
#5148 = CARTESIAN_POINT('',(0.868861201,1.314077164,0.851));
#5149 = CARTESIAN_POINT('',(0.868861201,1.314077164,0.85));
#5150 = ADVANCED_FACE('',(#5151),#5176,.F.);
#5151 = FACE_BOUND('',#5152,.T.);
#5152 = EDGE_LOOP('',(#5153,#5161,#5169,#5175));
#5153 = ORIENTED_EDGE('',*,*,#5154,.T.);
#5154 = EDGE_CURVE('',#5128,#5155,#5157,.T.);
#5155 = VERTEX_POINT('',#5156);
#5156 = CARTESIAN_POINT('',(0.868825201,1.254101164,0.85));
#5157 = LINE('',#5158,#5159);
#5158 = CARTESIAN_POINT('',(0.850123641,-29.902697993,0.85));
#5159 = VECTOR('',#5160,1.);
#5160 = DIRECTION('',(-6.002399878135E-04,-0.999999819856,0.));
#5161 = ORIENTED_EDGE('',*,*,#5162,.F.);
#5162 = EDGE_CURVE('',#5163,#5155,#5165,.T.);
#5163 = VERTEX_POINT('',#5164);
#5164 = CARTESIAN_POINT('',(0.868825201,1.254101164,0.851));
#5165 = LINE('',#5166,#5167);
#5166 = CARTESIAN_POINT('',(0.868825201,1.254101164,0.851));
#5167 = VECTOR('',#5168,1.);
#5168 = DIRECTION('',(0.,0.,-1.));
#5169 = ORIENTED_EDGE('',*,*,#5170,.F.);
#5170 = EDGE_CURVE('',#5119,#5163,#5171,.T.);
#5171 = LINE('',#5172,#5173);
#5172 = CARTESIAN_POINT('',(0.850123641,-29.902697993,0.851));
#5173 = VECTOR('',#5174,1.);
#5174 = DIRECTION('',(-6.002399878135E-04,-0.999999819856,0.));
#5175 = ORIENTED_EDGE('',*,*,#5127,.T.);
#5176 = PLANE('',#5177);
#5177 = AXIS2_PLACEMENT_3D('',#5178,#5179,#5180);
#5178 = CARTESIAN_POINT('',(0.850123641,-29.902697993,0.851));
#5179 = DIRECTION('',(0.999999819856,-6.002399878135E-04,0.));
#5180 = DIRECTION('',(6.002399878135E-04,0.999999819856,0.));
#5181 = ADVANCED_FACE('',(#5182),#5207,.F.);
#5182 = FACE_BOUND('',#5183,.T.);
#5183 = EDGE_LOOP('',(#5184,#5192,#5200,#5206));
#5184 = ORIENTED_EDGE('',*,*,#5185,.T.);
#5185 = EDGE_CURVE('',#5155,#5186,#5188,.T.);
#5186 = VERTEX_POINT('',#5187);
#5187 = CARTESIAN_POINT('',(0.912061201,1.253129164,0.85));
#5188 = LINE('',#5189,#5190);
#5189 = CARTESIAN_POINT('',(-1.30998545,1.303083585,0.85));
#5190 = VECTOR('',#5191,1.);
#5191 = DIRECTION('',(0.999747392089,-2.2475587002E-02,0.));
#5192 = ORIENTED_EDGE('',*,*,#5193,.F.);
#5193 = EDGE_CURVE('',#5194,#5186,#5196,.T.);
#5194 = VERTEX_POINT('',#5195);
#5195 = CARTESIAN_POINT('',(0.912061201,1.253129164,0.851));
#5196 = LINE('',#5197,#5198);
#5197 = CARTESIAN_POINT('',(0.912061201,1.253129164,0.851));
#5198 = VECTOR('',#5199,1.);
#5199 = DIRECTION('',(0.,0.,-1.));
#5200 = ORIENTED_EDGE('',*,*,#5201,.F.);
#5201 = EDGE_CURVE('',#5163,#5194,#5202,.T.);
#5202 = LINE('',#5203,#5204);
#5203 = CARTESIAN_POINT('',(-1.30998545,1.303083585,0.851));
#5204 = VECTOR('',#5205,1.);
#5205 = DIRECTION('',(0.999747392089,-2.2475587002E-02,0.));
#5206 = ORIENTED_EDGE('',*,*,#5162,.T.);
#5207 = PLANE('',#5208);
#5208 = AXIS2_PLACEMENT_3D('',#5209,#5210,#5211);
#5209 = CARTESIAN_POINT('',(-1.30998545,1.303083585,0.851));
#5210 = DIRECTION('',(2.2475587002E-02,0.999747392089,0.));
#5211 = DIRECTION('',(-0.999747392089,2.2475587002E-02,0.));
#5212 = ADVANCED_FACE('',(#5213),#5238,.F.);
#5213 = FACE_BOUND('',#5214,.T.);
#5214 = EDGE_LOOP('',(#5215,#5223,#5231,#5237));
#5215 = ORIENTED_EDGE('',*,*,#5216,.T.);
#5216 = EDGE_CURVE('',#5186,#5217,#5219,.T.);
#5217 = VERTEX_POINT('',#5218);
#5218 = CARTESIAN_POINT('',(0.911737201,1.112369164,0.85));
#5219 = LINE('',#5220,#5221);
#5220 = CARTESIAN_POINT('',(0.840335865,-29.907544646,0.85));
#5221 = VECTOR('',#5222,1.);
#5222 = DIRECTION('',(-2.301783999751E-03,-0.999997350892,0.));
#5223 = ORIENTED_EDGE('',*,*,#5224,.F.);
#5224 = EDGE_CURVE('',#5225,#5217,#5227,.T.);
#5225 = VERTEX_POINT('',#5226);
#5226 = CARTESIAN_POINT('',(0.911737201,1.112369164,0.851));
#5227 = LINE('',#5228,#5229);
#5228 = CARTESIAN_POINT('',(0.911737201,1.112369164,0.851));
#5229 = VECTOR('',#5230,1.);
#5230 = DIRECTION('',(0.,0.,-1.));
#5231 = ORIENTED_EDGE('',*,*,#5232,.F.);
#5232 = EDGE_CURVE('',#5194,#5225,#5233,.T.);
#5233 = LINE('',#5234,#5235);
#5234 = CARTESIAN_POINT('',(0.840335865,-29.907544646,0.851));
#5235 = VECTOR('',#5236,1.);
#5236 = DIRECTION('',(-2.301783999751E-03,-0.999997350892,0.));
#5237 = ORIENTED_EDGE('',*,*,#5193,.T.);
#5238 = PLANE('',#5239);
#5239 = AXIS2_PLACEMENT_3D('',#5240,#5241,#5242);
#5240 = CARTESIAN_POINT('',(0.840335865,-29.907544646,0.851));
#5241 = DIRECTION('',(0.999997350892,-2.301783999751E-03,0.));
#5242 = DIRECTION('',(2.301783999751E-03,0.999997350892,0.));
#5243 = ADVANCED_FACE('',(#5244),#5269,.F.);
#5244 = FACE_BOUND('',#5245,.T.);
#5245 = EDGE_LOOP('',(#5246,#5254,#5262,#5268));
#5246 = ORIENTED_EDGE('',*,*,#5247,.T.);
#5247 = EDGE_CURVE('',#5217,#5248,#5250,.T.);
#5248 = VERTEX_POINT('',#5249);
#5249 = CARTESIAN_POINT('',(0.868861201,1.112369164,0.85));
#5250 = LINE('',#5251,#5252);
#5251 = CARTESIAN_POINT('',(-2.011492299,1.112369164,0.85));
#5252 = VECTOR('',#5253,1.);
#5253 = DIRECTION('',(-1.,0.,0.));
#5254 = ORIENTED_EDGE('',*,*,#5255,.F.);
#5255 = EDGE_CURVE('',#5256,#5248,#5258,.T.);
#5256 = VERTEX_POINT('',#5257);
#5257 = CARTESIAN_POINT('',(0.868861201,1.112369164,0.851));
#5258 = LINE('',#5259,#5260);
#5259 = CARTESIAN_POINT('',(0.868861201,1.112369164,0.851));
#5260 = VECTOR('',#5261,1.);
#5261 = DIRECTION('',(0.,0.,-1.));
#5262 = ORIENTED_EDGE('',*,*,#5263,.F.);
#5263 = EDGE_CURVE('',#5225,#5256,#5264,.T.);
#5264 = LINE('',#5265,#5266);
#5265 = CARTESIAN_POINT('',(-2.011492299,1.112369164,0.851));
#5266 = VECTOR('',#5267,1.);
#5267 = DIRECTION('',(-1.,0.,0.));
#5268 = ORIENTED_EDGE('',*,*,#5224,.T.);
#5269 = PLANE('',#5270);
#5270 = AXIS2_PLACEMENT_3D('',#5271,#5272,#5273);
#5271 = CARTESIAN_POINT('',(-2.011492299,1.112369164,0.851));
#5272 = DIRECTION('',(0.,-1.,0.));
#5273 = DIRECTION('',(0.,0.,-1.));
#5274 = ADVANCED_FACE('',(#5275),#5300,.F.);
#5275 = FACE_BOUND('',#5276,.T.);
#5276 = EDGE_LOOP('',(#5277,#5285,#5293,#5299));
#5277 = ORIENTED_EDGE('',*,*,#5278,.T.);
#5278 = EDGE_CURVE('',#5248,#5279,#5281,.T.);
#5279 = VERTEX_POINT('',#5280);
#5280 = CARTESIAN_POINT('',(0.868861201,1.053041164,0.85));
#5281 = LINE('',#5282,#5283);
#5282 = CARTESIAN_POINT('',(0.868861201,-29.900980336,0.85));
#5283 = VECTOR('',#5284,1.);
#5284 = DIRECTION('',(0.,-1.,0.));
#5285 = ORIENTED_EDGE('',*,*,#5286,.F.);
#5286 = EDGE_CURVE('',#5287,#5279,#5289,.T.);
#5287 = VERTEX_POINT('',#5288);
#5288 = CARTESIAN_POINT('',(0.868861201,1.053041164,0.851));
#5289 = LINE('',#5290,#5291);
#5290 = CARTESIAN_POINT('',(0.868861201,1.053041164,0.851));
#5291 = VECTOR('',#5292,1.);
#5292 = DIRECTION('',(0.,0.,-1.));
#5293 = ORIENTED_EDGE('',*,*,#5294,.F.);
#5294 = EDGE_CURVE('',#5256,#5287,#5295,.T.);
#5295 = LINE('',#5296,#5297);
#5296 = CARTESIAN_POINT('',(0.868861201,-29.900980336,0.851));
#5297 = VECTOR('',#5298,1.);
#5298 = DIRECTION('',(0.,-1.,0.));
#5299 = ORIENTED_EDGE('',*,*,#5255,.T.);
#5300 = PLANE('',#5301);
#5301 = AXIS2_PLACEMENT_3D('',#5302,#5303,#5304);
#5302 = CARTESIAN_POINT('',(0.868861201,-29.900980336,0.851));
#5303 = DIRECTION('',(1.,0.,0.));
#5304 = DIRECTION('',(0.,0.,-1.));
#5305 = ADVANCED_FACE('',(#5306),#5331,.F.);
#5306 = FACE_BOUND('',#5307,.T.);
#5307 = EDGE_LOOP('',(#5308,#5316,#5324,#5330));
#5308 = ORIENTED_EDGE('',*,*,#5309,.T.);
#5309 = EDGE_CURVE('',#5279,#5310,#5312,.T.);
#5310 = VERTEX_POINT('',#5311);
#5311 = CARTESIAN_POINT('',(0.998929201,1.054013164,0.85));
#5312 = LINE('',#5313,#5314);
#5313 = CARTESIAN_POINT('',(-2.242638374,1.029788884,0.85));
#5314 = VECTOR('',#5315,1.);
#5315 = DIRECTION('',(0.999972078203,7.472805001516E-03,0.));
#5316 = ORIENTED_EDGE('',*,*,#5317,.F.);
#5317 = EDGE_CURVE('',#5318,#5310,#5320,.T.);
#5318 = VERTEX_POINT('',#5319);
#5319 = CARTESIAN_POINT('',(0.998929201,1.054013164,0.851));
#5320 = LINE('',#5321,#5322);
#5321 = CARTESIAN_POINT('',(0.998929201,1.054013164,0.851));
#5322 = VECTOR('',#5323,1.);
#5323 = DIRECTION('',(0.,0.,-1.));
#5324 = ORIENTED_EDGE('',*,*,#5325,.F.);
#5325 = EDGE_CURVE('',#5287,#5318,#5326,.T.);
#5326 = LINE('',#5327,#5328);
#5327 = CARTESIAN_POINT('',(-2.242638374,1.029788884,0.851));
#5328 = VECTOR('',#5329,1.);
#5329 = DIRECTION('',(0.999972078203,7.472805001516E-03,0.));
#5330 = ORIENTED_EDGE('',*,*,#5286,.T.);
#5331 = PLANE('',#5332);
#5332 = AXIS2_PLACEMENT_3D('',#5333,#5334,#5335);
#5333 = CARTESIAN_POINT('',(-2.242638374,1.029788884,0.851));
#5334 = DIRECTION('',(-7.472805001516E-03,0.999972078203,0.));
#5335 = DIRECTION('',(-0.999972078203,-7.472805001516E-03,0.));
#5336 = ADVANCED_FACE('',(#5337),#5362,.F.);
#5337 = FACE_BOUND('',#5338,.T.);
#5338 = EDGE_LOOP('',(#5339,#5347,#5355,#5361));
#5339 = ORIENTED_EDGE('',*,*,#5340,.T.);
#5340 = EDGE_CURVE('',#5310,#5341,#5343,.T.);
#5341 = VERTEX_POINT('',#5342);
#5342 = CARTESIAN_POINT('',(0.999001201,1.112081164,0.85));
#5343 = LINE('',#5344,#5345);
#5344 = CARTESIAN_POINT('',(0.960542743,-29.904665438,0.85));
#5345 = VECTOR('',#5346,1.);
#5346 = DIRECTION('',(1.239925000363E-03,0.999999231293,0.));
#5347 = ORIENTED_EDGE('',*,*,#5348,.F.);
#5348 = EDGE_CURVE('',#5349,#5341,#5351,.T.);
#5349 = VERTEX_POINT('',#5350);
#5350 = CARTESIAN_POINT('',(0.999001201,1.112081164,0.851));
#5351 = LINE('',#5352,#5353);
#5352 = CARTESIAN_POINT('',(0.999001201,1.112081164,0.851));
#5353 = VECTOR('',#5354,1.);
#5354 = DIRECTION('',(0.,0.,-1.));
#5355 = ORIENTED_EDGE('',*,*,#5356,.F.);
#5356 = EDGE_CURVE('',#5318,#5349,#5357,.T.);
#5357 = LINE('',#5358,#5359);
#5358 = CARTESIAN_POINT('',(0.960542743,-29.904665438,0.851));
#5359 = VECTOR('',#5360,1.);
#5360 = DIRECTION('',(1.239925000363E-03,0.999999231293,0.));
#5361 = ORIENTED_EDGE('',*,*,#5317,.T.);
#5362 = PLANE('',#5363);
#5363 = AXIS2_PLACEMENT_3D('',#5364,#5365,#5366);
#5364 = CARTESIAN_POINT('',(0.960542743,-29.904665438,0.851));
#5365 = DIRECTION('',(-0.999999231293,1.239925000363E-03,0.));
#5366 = DIRECTION('',(-1.239925000363E-03,-0.999999231293,0.));
#5367 = ADVANCED_FACE('',(#5368),#5393,.F.);
#5368 = FACE_BOUND('',#5369,.T.);
#5369 = EDGE_LOOP('',(#5370,#5378,#5386,#5392));
#5370 = ORIENTED_EDGE('',*,*,#5371,.T.);
#5371 = EDGE_CURVE('',#5341,#5372,#5374,.T.);
#5372 = VERTEX_POINT('',#5373);
#5373 = CARTESIAN_POINT('',(0.956197201,1.112189164,0.85));
#5374 = LINE('',#5375,#5376);
#5375 = CARTESIAN_POINT('',(-1.933223687,1.119479545,0.85));
#5376 = VECTOR('',#5377,1.);
#5377 = DIRECTION('',(-0.999996816925,2.523120999811E-03,0.));
#5378 = ORIENTED_EDGE('',*,*,#5379,.F.);
#5379 = EDGE_CURVE('',#5380,#5372,#5382,.T.);
#5380 = VERTEX_POINT('',#5381);
#5381 = CARTESIAN_POINT('',(0.956197201,1.112189164,0.851));
#5382 = LINE('',#5383,#5384);
#5383 = CARTESIAN_POINT('',(0.956197201,1.112189164,0.851));
#5384 = VECTOR('',#5385,1.);
#5385 = DIRECTION('',(0.,0.,-1.));
#5386 = ORIENTED_EDGE('',*,*,#5387,.F.);
#5387 = EDGE_CURVE('',#5349,#5380,#5388,.T.);
#5388 = LINE('',#5389,#5390);
#5389 = CARTESIAN_POINT('',(-1.933223687,1.119479545,0.851));
#5390 = VECTOR('',#5391,1.);
#5391 = DIRECTION('',(-0.999996816925,2.523120999811E-03,0.));
#5392 = ORIENTED_EDGE('',*,*,#5348,.T.);
#5393 = PLANE('',#5394);
#5394 = AXIS2_PLACEMENT_3D('',#5395,#5396,#5397);
#5395 = CARTESIAN_POINT('',(-1.933223687,1.119479545,0.851));
#5396 = DIRECTION('',(-2.523120999811E-03,-0.999996816925,0.));
#5397 = DIRECTION('',(0.999996816925,-2.523120999811E-03,0.));
#5398 = ADVANCED_FACE('',(#5399),#5424,.F.);
#5399 = FACE_BOUND('',#5400,.T.);
#5400 = EDGE_LOOP('',(#5401,#5409,#5417,#5423));
#5401 = ORIENTED_EDGE('',*,*,#5402,.T.);
#5402 = EDGE_CURVE('',#5372,#5403,#5405,.T.);
#5403 = VERTEX_POINT('',#5404);
#5404 = CARTESIAN_POINT('',(0.956017201,1.158449164,0.85));
#5405 = LINE('',#5406,#5407);
#5406 = CARTESIAN_POINT('',(1.076824254,-29.88896354,0.85));
#5407 = VECTOR('',#5408,1.);
#5408 = DIRECTION('',(-3.891020999802E-03,0.999992429949,0.));
#5409 = ORIENTED_EDGE('',*,*,#5410,.F.);
#5410 = EDGE_CURVE('',#5411,#5403,#5413,.T.);
#5411 = VERTEX_POINT('',#5412);
#5412 = CARTESIAN_POINT('',(0.956017201,1.158449164,0.851));
#5413 = LINE('',#5414,#5415);
#5414 = CARTESIAN_POINT('',(0.956017201,1.158449164,0.851));
#5415 = VECTOR('',#5416,1.);
#5416 = DIRECTION('',(0.,0.,-1.));
#5417 = ORIENTED_EDGE('',*,*,#5418,.F.);
#5418 = EDGE_CURVE('',#5380,#5411,#5419,.T.);
#5419 = LINE('',#5420,#5421);
#5420 = CARTESIAN_POINT('',(1.076824254,-29.88896354,0.851));
#5421 = VECTOR('',#5422,1.);
#5422 = DIRECTION('',(-3.891020999802E-03,0.999992429949,0.));
#5423 = ORIENTED_EDGE('',*,*,#5379,.T.);
#5424 = PLANE('',#5425);
#5425 = AXIS2_PLACEMENT_3D('',#5426,#5427,#5428);
#5426 = CARTESIAN_POINT('',(1.076824254,-29.88896354,0.851));
#5427 = DIRECTION('',(-0.999992429949,-3.891020999802E-03,0.));
#5428 = DIRECTION('',(3.891020999802E-03,-0.999992429949,0.));
#5429 = ADVANCED_FACE('',(#5430),#5457,.F.);
#5430 = FACE_BOUND('',#5431,.F.);
#5431 = EDGE_LOOP('',(#5432,#5433,#5442,#5450));
#5432 = ORIENTED_EDGE('',*,*,#5410,.F.);
#5433 = ORIENTED_EDGE('',*,*,#5434,.T.);
#5434 = EDGE_CURVE('',#5411,#5435,#5437,.T.);
#5435 = VERTEX_POINT('',#5436);
#5436 = CARTESIAN_POINT('',(1.027189201,1.135337164,0.851));
#5437 = B_SPLINE_CURVE_WITH_KNOTS('',3,(#5438,#5439,#5440,#5441),
  .UNSPECIFIED.,.F.,.F.,(4,4),(0.75,0.8),.PIECEWISE_BEZIER_KNOTS.);
#5438 = CARTESIAN_POINT('',(0.956017201,1.158449164,0.851));
#5439 = CARTESIAN_POINT('',(0.987193201,1.158521164,0.851));
#5440 = CARTESIAN_POINT('',(1.008361201,1.165793164,0.851));
#5441 = CARTESIAN_POINT('',(1.027189201,1.135337164,0.851));
#5442 = ORIENTED_EDGE('',*,*,#5443,.T.);
#5443 = EDGE_CURVE('',#5435,#5444,#5446,.T.);
#5444 = VERTEX_POINT('',#5445);
#5445 = CARTESIAN_POINT('',(1.027189201,1.135337164,0.85));
#5446 = LINE('',#5447,#5448);
#5447 = CARTESIAN_POINT('',(1.027189201,1.135337164,0.851));
#5448 = VECTOR('',#5449,1.);
#5449 = DIRECTION('',(0.,0.,-1.));
#5450 = ORIENTED_EDGE('',*,*,#5451,.F.);
#5451 = EDGE_CURVE('',#5403,#5444,#5452,.T.);
#5452 = B_SPLINE_CURVE_WITH_KNOTS('',3,(#5453,#5454,#5455,#5456),
  .UNSPECIFIED.,.F.,.F.,(4,4),(0.75,0.8),.PIECEWISE_BEZIER_KNOTS.);
#5453 = CARTESIAN_POINT('',(0.956017201,1.158449164,0.85));
#5454 = CARTESIAN_POINT('',(0.987193201,1.158521164,0.85));
#5455 = CARTESIAN_POINT('',(1.008361201,1.165793164,0.85));
#5456 = CARTESIAN_POINT('',(1.027189201,1.135337164,0.85));
#5457 = B_SPLINE_SURFACE_WITH_KNOTS('',3,1,(
    (#5458,#5459)
    ,(#5460,#5461)
    ,(#5462,#5463)
    ,(#5464,#5465
    )),.UNSPECIFIED.,.F.,.F.,.F.,(4,4),(2,2),(0.75,0.8),(0.,1.),
  .PIECEWISE_BEZIER_KNOTS.);
#5458 = CARTESIAN_POINT('',(0.956017201,1.158449164,0.851));
#5459 = CARTESIAN_POINT('',(0.956017201,1.158449164,0.85));
#5460 = CARTESIAN_POINT('',(0.987193201,1.158521164,0.851));
#5461 = CARTESIAN_POINT('',(0.987193201,1.158521164,0.85));
#5462 = CARTESIAN_POINT('',(1.008361201,1.165793164,0.851));
#5463 = CARTESIAN_POINT('',(1.008361201,1.165793164,0.85));
#5464 = CARTESIAN_POINT('',(1.027189201,1.135337164,0.851));
#5465 = CARTESIAN_POINT('',(1.027189201,1.135337164,0.85));
#5466 = ADVANCED_FACE('',(#5467),#5503,.F.);
#5467 = FACE_BOUND('',#5468,.F.);
#5468 = EDGE_LOOP('',(#5469,#5479,#5488,#5496));
#5469 = ORIENTED_EDGE('',*,*,#5470,.F.);
#5470 = EDGE_CURVE('',#5471,#5473,#5475,.T.);
#5471 = VERTEX_POINT('',#5472);
#5472 = CARTESIAN_POINT('',(1.092745201,1.229765164,0.851));
#5473 = VERTEX_POINT('',#5474);
#5474 = CARTESIAN_POINT('',(1.092745201,1.229765164,0.85));
#5475 = LINE('',#5476,#5477);
#5476 = CARTESIAN_POINT('',(1.092745201,1.229765164,0.851));
#5477 = VECTOR('',#5478,1.);
#5478 = DIRECTION('',(0.,0.,-1.));
#5479 = ORIENTED_EDGE('',*,*,#5480,.T.);
#5480 = EDGE_CURVE('',#5471,#5481,#5483,.T.);
#5481 = VERTEX_POINT('',#5482);
#5482 = CARTESIAN_POINT('',(1.031833201,1.207193164,0.851));
#5483 = B_SPLINE_CURVE_WITH_KNOTS('',3,(#5484,#5485,#5486,#5487),
  .UNSPECIFIED.,.F.,.F.,(4,4),(0.333333333,0.5),
  .PIECEWISE_BEZIER_KNOTS.);
#5484 = CARTESIAN_POINT('',(1.092745201,1.229765164,0.851));
#5485 = CARTESIAN_POINT('',(1.090873201,1.198229164,0.851));
#5486 = CARTESIAN_POINT('',(1.050805201,1.207193164,0.851));
#5487 = CARTESIAN_POINT('',(1.031833201,1.207193164,0.851));
#5488 = ORIENTED_EDGE('',*,*,#5489,.T.);
#5489 = EDGE_CURVE('',#5481,#5490,#5492,.T.);
#5490 = VERTEX_POINT('',#5491);
#5491 = CARTESIAN_POINT('',(1.031833201,1.207193164,0.85));
#5492 = LINE('',#5493,#5494);
#5493 = CARTESIAN_POINT('',(1.031833201,1.207193164,0.851));
#5494 = VECTOR('',#5495,1.);
#5495 = DIRECTION('',(0.,0.,-1.));
#5496 = ORIENTED_EDGE('',*,*,#5497,.F.);
#5497 = EDGE_CURVE('',#5473,#5490,#5498,.T.);
#5498 = B_SPLINE_CURVE_WITH_KNOTS('',3,(#5499,#5500,#5501,#5502),
  .UNSPECIFIED.,.F.,.F.,(4,4),(0.333333333,0.5),
  .PIECEWISE_BEZIER_KNOTS.);
#5499 = CARTESIAN_POINT('',(1.092745201,1.229765164,0.85));
#5500 = CARTESIAN_POINT('',(1.090873201,1.198229164,0.85));
#5501 = CARTESIAN_POINT('',(1.050805201,1.207193164,0.85));
#5502 = CARTESIAN_POINT('',(1.031833201,1.207193164,0.85));
#5503 = B_SPLINE_SURFACE_WITH_KNOTS('',3,1,(
    (#5504,#5505)
    ,(#5506,#5507)
    ,(#5508,#5509)
    ,(#5510,#5511
    )),.UNSPECIFIED.,.F.,.F.,.F.,(4,4),(2,2),(0.333333333,0.5),(0.,1.),
  .PIECEWISE_BEZIER_KNOTS.);
#5504 = CARTESIAN_POINT('',(1.092745201,1.229765164,0.851));
#5505 = CARTESIAN_POINT('',(1.092745201,1.229765164,0.85));
#5506 = CARTESIAN_POINT('',(1.090873201,1.198229164,0.851));
#5507 = CARTESIAN_POINT('',(1.090873201,1.198229164,0.85));
#5508 = CARTESIAN_POINT('',(1.050805201,1.207193164,0.851));
#5509 = CARTESIAN_POINT('',(1.050805201,1.207193164,0.85));
#5510 = CARTESIAN_POINT('',(1.031833201,1.207193164,0.851));
#5511 = CARTESIAN_POINT('',(1.031833201,1.207193164,0.85));
#5512 = ADVANCED_FACE('',(#5513),#5540,.F.);
#5513 = FACE_BOUND('',#5514,.F.);
#5514 = EDGE_LOOP('',(#5515,#5516,#5525,#5533));
#5515 = ORIENTED_EDGE('',*,*,#5489,.F.);
#5516 = ORIENTED_EDGE('',*,*,#5517,.T.);
#5517 = EDGE_CURVE('',#5481,#5518,#5520,.T.);
#5518 = VERTEX_POINT('',#5519);
#5519 = CARTESIAN_POINT('',(0.956089201,1.207193164,0.851));
#5520 = B_SPLINE_CURVE_WITH_KNOTS('',3,(#5521,#5522,#5523,#5524),
  .UNSPECIFIED.,.F.,.F.,(4,4),(0.5,0.666666667),
  .PIECEWISE_BEZIER_KNOTS.);
#5521 = CARTESIAN_POINT('',(1.031833201,1.207193164,0.851));
#5522 = CARTESIAN_POINT('',(1.006777201,1.207193164,0.851));
#5523 = CARTESIAN_POINT('',(0.981685201,1.207085164,0.851));
#5524 = CARTESIAN_POINT('',(0.956089201,1.207193164,0.851));
#5525 = ORIENTED_EDGE('',*,*,#5526,.T.);
#5526 = EDGE_CURVE('',#5518,#5527,#5529,.T.);
#5527 = VERTEX_POINT('',#5528);
#5528 = CARTESIAN_POINT('',(0.956089201,1.207193164,0.85));
#5529 = LINE('',#5530,#5531);
#5530 = CARTESIAN_POINT('',(0.956089201,1.207193164,0.851));
#5531 = VECTOR('',#5532,1.);
#5532 = DIRECTION('',(0.,0.,-1.));
#5533 = ORIENTED_EDGE('',*,*,#5534,.F.);
#5534 = EDGE_CURVE('',#5490,#5527,#5535,.T.);
#5535 = B_SPLINE_CURVE_WITH_KNOTS('',3,(#5536,#5537,#5538,#5539),
  .UNSPECIFIED.,.F.,.F.,(4,4),(0.5,0.666666667),
  .PIECEWISE_BEZIER_KNOTS.);
#5536 = CARTESIAN_POINT('',(1.031833201,1.207193164,0.85));
#5537 = CARTESIAN_POINT('',(1.006777201,1.207193164,0.85));
#5538 = CARTESIAN_POINT('',(0.981685201,1.207085164,0.85));
#5539 = CARTESIAN_POINT('',(0.956089201,1.207193164,0.85));
#5540 = B_SPLINE_SURFACE_WITH_KNOTS('',3,1,(
    (#5541,#5542)
    ,(#5543,#5544)
    ,(#5545,#5546)
    ,(#5547,#5548
    )),.UNSPECIFIED.,.F.,.F.,.F.,(4,4),(2,2),(0.5,0.666666667),(0.,1.),
  .PIECEWISE_BEZIER_KNOTS.);
#5541 = CARTESIAN_POINT('',(1.031833201,1.207193164,0.851));
#5542 = CARTESIAN_POINT('',(1.031833201,1.207193164,0.85));
#5543 = CARTESIAN_POINT('',(1.006777201,1.207193164,0.851));
#5544 = CARTESIAN_POINT('',(1.006777201,1.207193164,0.85));
#5545 = CARTESIAN_POINT('',(0.981685201,1.207085164,0.851));
#5546 = CARTESIAN_POINT('',(0.981685201,1.207085164,0.85));
#5547 = CARTESIAN_POINT('',(0.956089201,1.207193164,0.851));
#5548 = CARTESIAN_POINT('',(0.956089201,1.207193164,0.85));
#5549 = ADVANCED_FACE('',(#5550),#5575,.F.);
#5550 = FACE_BOUND('',#5551,.T.);
#5551 = EDGE_LOOP('',(#5552,#5560,#5568,#5574));
#5552 = ORIENTED_EDGE('',*,*,#5553,.T.);
#5553 = EDGE_CURVE('',#5527,#5554,#5556,.T.);
#5554 = VERTEX_POINT('',#5555);
#5555 = CARTESIAN_POINT('',(0.956773201,1.254101164,0.85));
#5556 = LINE('',#5557,#5558);
#5557 = CARTESIAN_POINT('',(0.501943651,-29.937630592,0.85));
#5558 = VECTOR('',#5559,1.);
#5559 = DIRECTION('',(1.458018400682E-02,0.999893703468,0.));
#5560 = ORIENTED_EDGE('',*,*,#5561,.F.);
#5561 = EDGE_CURVE('',#5562,#5554,#5564,.T.);
#5562 = VERTEX_POINT('',#5563);
#5563 = CARTESIAN_POINT('',(0.956773201,1.254101164,0.851));
#5564 = LINE('',#5565,#5566);
#5565 = CARTESIAN_POINT('',(0.956773201,1.254101164,0.851));
#5566 = VECTOR('',#5567,1.);
#5567 = DIRECTION('',(0.,0.,-1.));
#5568 = ORIENTED_EDGE('',*,*,#5569,.F.);
#5569 = EDGE_CURVE('',#5518,#5562,#5570,.T.);
#5570 = LINE('',#5571,#5572);
#5571 = CARTESIAN_POINT('',(0.501943651,-29.937630592,0.851));
#5572 = VECTOR('',#5573,1.);
#5573 = DIRECTION('',(1.458018400682E-02,0.999893703468,0.));
#5574 = ORIENTED_EDGE('',*,*,#5526,.T.);
#5575 = PLANE('',#5576);
#5576 = AXIS2_PLACEMENT_3D('',#5577,#5578,#5579);
#5577 = CARTESIAN_POINT('',(0.501943651,-29.937630592,0.851));
#5578 = DIRECTION('',(-0.999893703468,1.458018400682E-02,0.));
#5579 = DIRECTION('',(-1.458018400682E-02,-0.999893703468,0.));
#5580 = ADVANCED_FACE('',(#5581),#5608,.F.);
#5581 = FACE_BOUND('',#5582,.F.);
#5582 = EDGE_LOOP('',(#5583,#5584,#5593,#5601));
#5583 = ORIENTED_EDGE('',*,*,#5561,.F.);
#5584 = ORIENTED_EDGE('',*,*,#5585,.T.);
#5585 = EDGE_CURVE('',#5562,#5586,#5588,.T.);
#5586 = VERTEX_POINT('',#5587);
#5587 = CARTESIAN_POINT('',(1.033633201,1.254065164,0.851));
#5588 = B_SPLINE_CURVE_WITH_KNOTS('',3,(#5589,#5590,#5591,#5592),
  .UNSPECIFIED.,.F.,.F.,(4,4),(0.,0.166666667),
  .PIECEWISE_BEZIER_KNOTS.);
#5589 = CARTESIAN_POINT('',(0.956773201,1.254101164,0.851));
#5590 = CARTESIAN_POINT('',(0.982405201,1.254065164,0.851));
#5591 = CARTESIAN_POINT('',(1.008001201,1.254065164,0.851));
#5592 = CARTESIAN_POINT('',(1.033633201,1.254065164,0.851));
#5593 = ORIENTED_EDGE('',*,*,#5594,.T.);
#5594 = EDGE_CURVE('',#5586,#5595,#5597,.T.);
#5595 = VERTEX_POINT('',#5596);
#5596 = CARTESIAN_POINT('',(1.033633201,1.254065164,0.85));
#5597 = LINE('',#5598,#5599);
#5598 = CARTESIAN_POINT('',(1.033633201,1.254065164,0.851));
#5599 = VECTOR('',#5600,1.);
#5600 = DIRECTION('',(0.,0.,-1.));
#5601 = ORIENTED_EDGE('',*,*,#5602,.F.);
#5602 = EDGE_CURVE('',#5554,#5595,#5603,.T.);
#5603 = B_SPLINE_CURVE_WITH_KNOTS('',3,(#5604,#5605,#5606,#5607),
  .UNSPECIFIED.,.F.,.F.,(4,4),(0.,0.166666667),
  .PIECEWISE_BEZIER_KNOTS.);
#5604 = CARTESIAN_POINT('',(0.956773201,1.254101164,0.85));
#5605 = CARTESIAN_POINT('',(0.982405201,1.254065164,0.85));
#5606 = CARTESIAN_POINT('',(1.008001201,1.254065164,0.85));
#5607 = CARTESIAN_POINT('',(1.033633201,1.254065164,0.85));
#5608 = B_SPLINE_SURFACE_WITH_KNOTS('',3,1,(
    (#5609,#5610)
    ,(#5611,#5612)
    ,(#5613,#5614)
    ,(#5615,#5616
    )),.UNSPECIFIED.,.F.,.F.,.F.,(4,4),(2,2),(0.,0.166666667),(0.,1.),
  .PIECEWISE_BEZIER_KNOTS.);
#5609 = CARTESIAN_POINT('',(0.956773201,1.254101164,0.851));
#5610 = CARTESIAN_POINT('',(0.956773201,1.254101164,0.85));
#5611 = CARTESIAN_POINT('',(0.982405201,1.254065164,0.851));
#5612 = CARTESIAN_POINT('',(0.982405201,1.254065164,0.85));
#5613 = CARTESIAN_POINT('',(1.008001201,1.254065164,0.851));
#5614 = CARTESIAN_POINT('',(1.008001201,1.254065164,0.85));
#5615 = CARTESIAN_POINT('',(1.033633201,1.254065164,0.851));
#5616 = CARTESIAN_POINT('',(1.033633201,1.254065164,0.85));
#5617 = ADVANCED_FACE('',(#5618),#5636,.F.);
#5618 = FACE_BOUND('',#5619,.F.);
#5619 = EDGE_LOOP('',(#5620,#5621,#5628,#5629));
#5620 = ORIENTED_EDGE('',*,*,#5594,.F.);
#5621 = ORIENTED_EDGE('',*,*,#5622,.T.);
#5622 = EDGE_CURVE('',#5586,#5471,#5623,.T.);
#5623 = B_SPLINE_CURVE_WITH_KNOTS('',3,(#5624,#5625,#5626,#5627),
  .UNSPECIFIED.,.F.,.F.,(4,4),(0.166666667,0.333333333),
  .PIECEWISE_BEZIER_KNOTS.);
#5624 = CARTESIAN_POINT('',(1.033633201,1.254065164,0.851));
#5625 = CARTESIAN_POINT('',(1.051309201,1.254065164,0.851));
#5626 = CARTESIAN_POINT('',(1.094905201,1.265009164,0.851));
#5627 = CARTESIAN_POINT('',(1.092745201,1.229765164,0.851));
#5628 = ORIENTED_EDGE('',*,*,#5470,.T.);
#5629 = ORIENTED_EDGE('',*,*,#5630,.F.);
#5630 = EDGE_CURVE('',#5595,#5473,#5631,.T.);
#5631 = B_SPLINE_CURVE_WITH_KNOTS('',3,(#5632,#5633,#5634,#5635),
  .UNSPECIFIED.,.F.,.F.,(4,4),(0.166666667,0.333333333),
  .PIECEWISE_BEZIER_KNOTS.);
#5632 = CARTESIAN_POINT('',(1.033633201,1.254065164,0.85));
#5633 = CARTESIAN_POINT('',(1.051309201,1.254065164,0.85));
#5634 = CARTESIAN_POINT('',(1.094905201,1.265009164,0.85));
#5635 = CARTESIAN_POINT('',(1.092745201,1.229765164,0.85));
#5636 = B_SPLINE_SURFACE_WITH_KNOTS('',3,1,(
    (#5637,#5638)
    ,(#5639,#5640)
    ,(#5641,#5642)
    ,(#5643,#5644
    )),.UNSPECIFIED.,.F.,.F.,.F.,(4,4),(2,2),(0.166666667,0.333333333),(
    0.,1.),.PIECEWISE_BEZIER_KNOTS.);
#5637 = CARTESIAN_POINT('',(1.033633201,1.254065164,0.851));
#5638 = CARTESIAN_POINT('',(1.033633201,1.254065164,0.85));
#5639 = CARTESIAN_POINT('',(1.051309201,1.254065164,0.851));
#5640 = CARTESIAN_POINT('',(1.051309201,1.254065164,0.85));
#5641 = CARTESIAN_POINT('',(1.094905201,1.265009164,0.851));
#5642 = CARTESIAN_POINT('',(1.094905201,1.265009164,0.85));
#5643 = CARTESIAN_POINT('',(1.092745201,1.229765164,0.851));
#5644 = CARTESIAN_POINT('',(1.092745201,1.229765164,0.85));
#5645 = ADVANCED_FACE('',(#5646),#5664,.F.);
#5646 = FACE_BOUND('',#5647,.F.);
#5647 = EDGE_LOOP('',(#5648,#5649,#5656,#5657));
#5648 = ORIENTED_EDGE('',*,*,#5443,.F.);
#5649 = ORIENTED_EDGE('',*,*,#5650,.T.);
#5650 = EDGE_CURVE('',#5435,#4850,#5651,.T.);
#5651 = B_SPLINE_CURVE_WITH_KNOTS('',3,(#5652,#5653,#5654,#5655),
  .UNSPECIFIED.,.F.,.F.,(4,4),(0.8,0.85),.PIECEWISE_BEZIER_KNOTS.);
#5652 = CARTESIAN_POINT('',(1.027189201,1.135337164,0.851));
#5653 = CARTESIAN_POINT('',(1.038961201,1.116329164,0.851));
#5654 = CARTESIAN_POINT('',(1.049257201,1.074461164,0.851));
#5655 = CARTESIAN_POINT('',(1.062289201,1.056029164,0.851));
#5656 = ORIENTED_EDGE('',*,*,#4849,.T.);
#5657 = ORIENTED_EDGE('',*,*,#5658,.F.);
#5658 = EDGE_CURVE('',#5444,#4852,#5659,.T.);
#5659 = B_SPLINE_CURVE_WITH_KNOTS('',3,(#5660,#5661,#5662,#5663),
  .UNSPECIFIED.,.F.,.F.,(4,4),(0.8,0.85),.PIECEWISE_BEZIER_KNOTS.);
#5660 = CARTESIAN_POINT('',(1.027189201,1.135337164,0.85));
#5661 = CARTESIAN_POINT('',(1.038961201,1.116329164,0.85));
#5662 = CARTESIAN_POINT('',(1.049257201,1.074461164,0.85));
#5663 = CARTESIAN_POINT('',(1.062289201,1.056029164,0.85));
#5664 = B_SPLINE_SURFACE_WITH_KNOTS('',3,1,(
    (#5665,#5666)
    ,(#5667,#5668)
    ,(#5669,#5670)
    ,(#5671,#5672
    )),.UNSPECIFIED.,.F.,.F.,.F.,(4,4),(2,2),(0.8,0.85),(0.,1.),
  .PIECEWISE_BEZIER_KNOTS.);
#5665 = CARTESIAN_POINT('',(1.027189201,1.135337164,0.851));
#5666 = CARTESIAN_POINT('',(1.027189201,1.135337164,0.85));
#5667 = CARTESIAN_POINT('',(1.038961201,1.116329164,0.851));
#5668 = CARTESIAN_POINT('',(1.038961201,1.116329164,0.85));
#5669 = CARTESIAN_POINT('',(1.049257201,1.074461164,0.851));
#5670 = CARTESIAN_POINT('',(1.049257201,1.074461164,0.85));
#5671 = CARTESIAN_POINT('',(1.062289201,1.056029164,0.851));
#5672 = CARTESIAN_POINT('',(1.062289201,1.056029164,0.85));
#5673 = ADVANCED_FACE('',(#5674,#5681),#5702,.T.);
#5674 = FACE_BOUND('',#5675,.T.);
#5675 = EDGE_LOOP('',(#5676,#5677,#5678,#5679,#5680));
#5676 = ORIENTED_EDGE('',*,*,#5480,.T.);
#5677 = ORIENTED_EDGE('',*,*,#5517,.T.);
#5678 = ORIENTED_EDGE('',*,*,#5569,.T.);
#5679 = ORIENTED_EDGE('',*,*,#5585,.T.);
#5680 = ORIENTED_EDGE('',*,*,#5622,.T.);
#5681 = FACE_BOUND('',#5682,.T.);
#5682 = EDGE_LOOP('',(#5683,#5684,#5685,#5686,#5687,#5688,#5689,#5690,
    #5691,#5692,#5693,#5694,#5695,#5696,#5697,#5698,#5699,#5700,#5701));
#5683 = ORIENTED_EDGE('',*,*,#4859,.T.);
#5684 = ORIENTED_EDGE('',*,*,#4896,.T.);
#5685 = ORIENTED_EDGE('',*,*,#4933,.T.);
#5686 = ORIENTED_EDGE('',*,*,#4970,.T.);
#5687 = ORIENTED_EDGE('',*,*,#5007,.T.);
#5688 = ORIENTED_EDGE('',*,*,#5044,.T.);
#5689 = ORIENTED_EDGE('',*,*,#5081,.T.);
#5690 = ORIENTED_EDGE('',*,*,#5118,.T.);
#5691 = ORIENTED_EDGE('',*,*,#5170,.T.);
#5692 = ORIENTED_EDGE('',*,*,#5201,.T.);
#5693 = ORIENTED_EDGE('',*,*,#5232,.T.);
#5694 = ORIENTED_EDGE('',*,*,#5263,.T.);
#5695 = ORIENTED_EDGE('',*,*,#5294,.T.);
#5696 = ORIENTED_EDGE('',*,*,#5325,.T.);
#5697 = ORIENTED_EDGE('',*,*,#5356,.T.);
#5698 = ORIENTED_EDGE('',*,*,#5387,.T.);
#5699 = ORIENTED_EDGE('',*,*,#5418,.T.);
#5700 = ORIENTED_EDGE('',*,*,#5434,.T.);
#5701 = ORIENTED_EDGE('',*,*,#5650,.T.);
#5702 = PLANE('',#5703);
#5703 = AXIS2_PLACEMENT_3D('',#5704,#5705,#5706);
#5704 = CARTESIAN_POINT('',(-2.011492299,-29.900980336,0.851));
#5705 = DIRECTION('',(0.,0.,1.));
#5706 = DIRECTION('',(1.,0.,0.));
#5707 = ADVANCED_FACE('',(#5708,#5715),#5736,.F.);
#5708 = FACE_BOUND('',#5709,.T.);
#5709 = EDGE_LOOP('',(#5710,#5711,#5712,#5713,#5714));
#5710 = ORIENTED_EDGE('',*,*,#5497,.F.);
#5711 = ORIENTED_EDGE('',*,*,#5630,.F.);
#5712 = ORIENTED_EDGE('',*,*,#5602,.F.);
#5713 = ORIENTED_EDGE('',*,*,#5553,.F.);
#5714 = ORIENTED_EDGE('',*,*,#5534,.F.);
#5715 = FACE_BOUND('',#5716,.T.);
#5716 = EDGE_LOOP('',(#5717,#5718,#5719,#5720,#5721,#5722,#5723,#5724,
    #5725,#5726,#5727,#5728,#5729,#5730,#5731,#5732,#5733,#5734,#5735));
#5717 = ORIENTED_EDGE('',*,*,#4876,.F.);
#5718 = ORIENTED_EDGE('',*,*,#5658,.F.);
#5719 = ORIENTED_EDGE('',*,*,#5451,.F.);
#5720 = ORIENTED_EDGE('',*,*,#5402,.F.);
#5721 = ORIENTED_EDGE('',*,*,#5371,.F.);
#5722 = ORIENTED_EDGE('',*,*,#5340,.F.);
#5723 = ORIENTED_EDGE('',*,*,#5309,.F.);
#5724 = ORIENTED_EDGE('',*,*,#5278,.F.);
#5725 = ORIENTED_EDGE('',*,*,#5247,.F.);
#5726 = ORIENTED_EDGE('',*,*,#5216,.F.);
#5727 = ORIENTED_EDGE('',*,*,#5185,.F.);
#5728 = ORIENTED_EDGE('',*,*,#5154,.F.);
#5729 = ORIENTED_EDGE('',*,*,#5135,.F.);
#5730 = ORIENTED_EDGE('',*,*,#5098,.F.);
#5731 = ORIENTED_EDGE('',*,*,#5061,.F.);
#5732 = ORIENTED_EDGE('',*,*,#5024,.F.);
#5733 = ORIENTED_EDGE('',*,*,#4987,.F.);
#5734 = ORIENTED_EDGE('',*,*,#4950,.F.);
#5735 = ORIENTED_EDGE('',*,*,#4913,.F.);
#5736 = PLANE('',#5737);
#5737 = AXIS2_PLACEMENT_3D('',#5738,#5739,#5740);
#5738 = CARTESIAN_POINT('',(-2.011492299,-29.900980336,0.85));
#5739 = DIRECTION('',(0.,0.,1.));
#5740 = DIRECTION('',(1.,0.,0.));
#5741 = MANIFOLD_SOLID_BREP('',#5742);
#5742 = CLOSED_SHELL('',(#5743,#5789,#5826,#5857,#5888,#5919,#5956,#5987
    ,#6018,#6049,#6080,#6111,#6148,#6185,#6222,#6253,#6284,#6315,#6346,
    #6383,#6414,#6445,#6476,#6498,#6529));
#5743 = ADVANCED_FACE('',(#5744),#5780,.F.);
#5744 = FACE_BOUND('',#5745,.F.);
#5745 = EDGE_LOOP('',(#5746,#5756,#5765,#5773));
#5746 = ORIENTED_EDGE('',*,*,#5747,.F.);
#5747 = EDGE_CURVE('',#5748,#5750,#5752,.T.);
#5748 = VERTEX_POINT('',#5749);
#5749 = CARTESIAN_POINT('',(1.296361201,1.275413164,0.851));
#5750 = VERTEX_POINT('',#5751);
#5751 = CARTESIAN_POINT('',(1.296361201,1.275413164,0.85));
#5752 = LINE('',#5753,#5754);
#5753 = CARTESIAN_POINT('',(1.296361201,1.275413164,0.851));
#5754 = VECTOR('',#5755,1.);
#5755 = DIRECTION('',(0.,0.,-1.));
#5756 = ORIENTED_EDGE('',*,*,#5757,.T.);
#5757 = EDGE_CURVE('',#5748,#5758,#5760,.T.);
#5758 = VERTEX_POINT('',#5759);
#5759 = CARTESIAN_POINT('',(1.173385201,1.314041164,0.851));
#5760 = B_SPLINE_CURVE_WITH_KNOTS('',3,(#5761,#5762,#5763,#5764),
  .UNSPECIFIED.,.F.,.F.,(4,4),(0.875,0.916666667),
  .PIECEWISE_BEZIER_KNOTS.);
#5761 = CARTESIAN_POINT('',(1.296361201,1.275413164,0.851));
#5762 = CARTESIAN_POINT('',(1.258957201,1.329701164,0.851));
#5763 = CARTESIAN_POINT('',(1.288765201,1.311233164,0.851));
#5764 = CARTESIAN_POINT('',(1.173385201,1.314041164,0.851));
#5765 = ORIENTED_EDGE('',*,*,#5766,.T.);
#5766 = EDGE_CURVE('',#5758,#5767,#5769,.T.);
#5767 = VERTEX_POINT('',#5768);
#5768 = CARTESIAN_POINT('',(1.173385201,1.314041164,0.85));
#5769 = LINE('',#5770,#5771);
#5770 = CARTESIAN_POINT('',(1.173385201,1.314041164,0.851));
#5771 = VECTOR('',#5772,1.);
#5772 = DIRECTION('',(0.,0.,-1.));
#5773 = ORIENTED_EDGE('',*,*,#5774,.F.);
#5774 = EDGE_CURVE('',#5750,#5767,#5775,.T.);
#5775 = B_SPLINE_CURVE_WITH_KNOTS('',3,(#5776,#5777,#5778,#5779),
  .UNSPECIFIED.,.F.,.F.,(4,4),(0.875,0.916666667),
  .PIECEWISE_BEZIER_KNOTS.);
#5776 = CARTESIAN_POINT('',(1.296361201,1.275413164,0.85));
#5777 = CARTESIAN_POINT('',(1.258957201,1.329701164,0.85));
#5778 = CARTESIAN_POINT('',(1.288765201,1.311233164,0.85));
#5779 = CARTESIAN_POINT('',(1.173385201,1.314041164,0.85));
#5780 = B_SPLINE_SURFACE_WITH_KNOTS('',3,1,(
    (#5781,#5782)
    ,(#5783,#5784)
    ,(#5785,#5786)
    ,(#5787,#5788
    )),.UNSPECIFIED.,.F.,.F.,.F.,(4,4),(2,2),(0.875,0.916666667),(0.,1.)
  ,.PIECEWISE_BEZIER_KNOTS.);
#5781 = CARTESIAN_POINT('',(1.296361201,1.275413164,0.851));
#5782 = CARTESIAN_POINT('',(1.296361201,1.275413164,0.85));
#5783 = CARTESIAN_POINT('',(1.258957201,1.329701164,0.851));
#5784 = CARTESIAN_POINT('',(1.258957201,1.329701164,0.85));
#5785 = CARTESIAN_POINT('',(1.288765201,1.311233164,0.851));
#5786 = CARTESIAN_POINT('',(1.288765201,1.311233164,0.85));
#5787 = CARTESIAN_POINT('',(1.173385201,1.314041164,0.851));
#5788 = CARTESIAN_POINT('',(1.173385201,1.314041164,0.85));
#5789 = ADVANCED_FACE('',(#5790),#5817,.F.);
#5790 = FACE_BOUND('',#5791,.F.);
#5791 = EDGE_LOOP('',(#5792,#5793,#5802,#5810));
#5792 = ORIENTED_EDGE('',*,*,#5766,.F.);
#5793 = ORIENTED_EDGE('',*,*,#5794,.T.);
#5794 = EDGE_CURVE('',#5758,#5795,#5797,.T.);
#5795 = VERTEX_POINT('',#5796);
#5796 = CARTESIAN_POINT('',(1.174825201,1.253993164,0.851));
#5797 = B_SPLINE_CURVE_WITH_KNOTS('',3,(#5798,#5799,#5800,#5801),
  .UNSPECIFIED.,.F.,.F.,(4,4),(0.916666667,1.),
  .PIECEWISE_BEZIER_KNOTS.);
#5798 = CARTESIAN_POINT('',(1.173385201,1.314041164,0.851));
#5799 = CARTESIAN_POINT('',(1.173385201,1.296545164,0.851));
#5800 = CARTESIAN_POINT('',(1.171225201,1.269545164,0.851));
#5801 = CARTESIAN_POINT('',(1.174825201,1.253993164,0.851));
#5802 = ORIENTED_EDGE('',*,*,#5803,.T.);
#5803 = EDGE_CURVE('',#5795,#5804,#5806,.T.);
#5804 = VERTEX_POINT('',#5805);
#5805 = CARTESIAN_POINT('',(1.174825201,1.253993164,0.85));
#5806 = LINE('',#5807,#5808);
#5807 = CARTESIAN_POINT('',(1.174825201,1.253993164,0.851));
#5808 = VECTOR('',#5809,1.);
#5809 = DIRECTION('',(0.,0.,-1.));
#5810 = ORIENTED_EDGE('',*,*,#5811,.F.);
#5811 = EDGE_CURVE('',#5767,#5804,#5812,.T.);
#5812 = B_SPLINE_CURVE_WITH_KNOTS('',3,(#5813,#5814,#5815,#5816),
  .UNSPECIFIED.,.F.,.F.,(4,4),(0.916666667,1.),
  .PIECEWISE_BEZIER_KNOTS.);
#5813 = CARTESIAN_POINT('',(1.173385201,1.314041164,0.85));
#5814 = CARTESIAN_POINT('',(1.173385201,1.296545164,0.85));
#5815 = CARTESIAN_POINT('',(1.171225201,1.269545164,0.85));
#5816 = CARTESIAN_POINT('',(1.174825201,1.253993164,0.85));
#5817 = B_SPLINE_SURFACE_WITH_KNOTS('',3,1,(
    (#5818,#5819)
    ,(#5820,#5821)
    ,(#5822,#5823)
    ,(#5824,#5825
    )),.UNSPECIFIED.,.F.,.F.,.F.,(4,4),(2,2),(0.916666667,1.),(0.,1.),
  .PIECEWISE_BEZIER_KNOTS.);
#5818 = CARTESIAN_POINT('',(1.173385201,1.314041164,0.851));
#5819 = CARTESIAN_POINT('',(1.173385201,1.314041164,0.85));
#5820 = CARTESIAN_POINT('',(1.173385201,1.296545164,0.851));
#5821 = CARTESIAN_POINT('',(1.173385201,1.296545164,0.85));
#5822 = CARTESIAN_POINT('',(1.171225201,1.269545164,0.851));
#5823 = CARTESIAN_POINT('',(1.171225201,1.269545164,0.85));
#5824 = CARTESIAN_POINT('',(1.174825201,1.253993164,0.851));
#5825 = CARTESIAN_POINT('',(1.174825201,1.253993164,0.85));
#5826 = ADVANCED_FACE('',(#5827),#5852,.F.);
#5827 = FACE_BOUND('',#5828,.T.);
#5828 = EDGE_LOOP('',(#5829,#5837,#5845,#5851));
#5829 = ORIENTED_EDGE('',*,*,#5830,.T.);
#5830 = EDGE_CURVE('',#5804,#5831,#5833,.T.);
#5831 = VERTEX_POINT('',#5832);
#5832 = CARTESIAN_POINT('',(1.212409201,1.254245164,0.85));
#5833 = LINE('',#5834,#5835);
#5834 = CARTESIAN_POINT('',(-2.220233169,1.231229363,0.85));
#5835 = VECTOR('',#5836,1.);
#5836 = DIRECTION('',(0.999977522375,6.704830002512E-03,0.));
#5837 = ORIENTED_EDGE('',*,*,#5838,.F.);
#5838 = EDGE_CURVE('',#5839,#5831,#5841,.T.);
#5839 = VERTEX_POINT('',#5840);
#5840 = CARTESIAN_POINT('',(1.212409201,1.254245164,0.851));
#5841 = LINE('',#5842,#5843);
#5842 = CARTESIAN_POINT('',(1.212409201,1.254245164,0.851));
#5843 = VECTOR('',#5844,1.);
#5844 = DIRECTION('',(0.,0.,-1.));
#5845 = ORIENTED_EDGE('',*,*,#5846,.F.);
#5846 = EDGE_CURVE('',#5795,#5839,#5847,.T.);
#5847 = LINE('',#5848,#5849);
#5848 = CARTESIAN_POINT('',(-2.220233169,1.231229363,0.851));
#5849 = VECTOR('',#5850,1.);
#5850 = DIRECTION('',(0.999977522375,6.704830002512E-03,0.));
#5851 = ORIENTED_EDGE('',*,*,#5803,.T.);
#5852 = PLANE('',#5853);
#5853 = AXIS2_PLACEMENT_3D('',#5854,#5855,#5856);
#5854 = CARTESIAN_POINT('',(-2.220233169,1.231229363,0.851));
#5855 = DIRECTION('',(-6.704830002512E-03,0.999977522375,0.));
#5856 = DIRECTION('',(-0.999977522375,-6.704830002512E-03,0.));
#5857 = ADVANCED_FACE('',(#5858),#5883,.F.);
#5858 = FACE_BOUND('',#5859,.T.);
#5859 = EDGE_LOOP('',(#5860,#5868,#5876,#5882));
#5860 = ORIENTED_EDGE('',*,*,#5861,.T.);
#5861 = EDGE_CURVE('',#5831,#5862,#5864,.T.);
#5862 = VERTEX_POINT('',#5863);
#5863 = CARTESIAN_POINT('',(1.212409201,1.111901164,0.85));
#5864 = LINE('',#5865,#5866);
#5865 = CARTESIAN_POINT('',(1.212409201,-29.900980336,0.85));
#5866 = VECTOR('',#5867,1.);
#5867 = DIRECTION('',(0.,-1.,0.));
#5868 = ORIENTED_EDGE('',*,*,#5869,.F.);
#5869 = EDGE_CURVE('',#5870,#5862,#5872,.T.);
#5870 = VERTEX_POINT('',#5871);
#5871 = CARTESIAN_POINT('',(1.212409201,1.111901164,0.851));
#5872 = LINE('',#5873,#5874);
#5873 = CARTESIAN_POINT('',(1.212409201,1.111901164,0.851));
#5874 = VECTOR('',#5875,1.);
#5875 = DIRECTION('',(0.,0.,-1.));
#5876 = ORIENTED_EDGE('',*,*,#5877,.F.);
#5877 = EDGE_CURVE('',#5839,#5870,#5878,.T.);
#5878 = LINE('',#5879,#5880);
#5879 = CARTESIAN_POINT('',(1.212409201,-29.900980336,0.851));
#5880 = VECTOR('',#5881,1.);
#5881 = DIRECTION('',(0.,-1.,0.));
#5882 = ORIENTED_EDGE('',*,*,#5838,.T.);
#5883 = PLANE('',#5884);
#5884 = AXIS2_PLACEMENT_3D('',#5885,#5886,#5887);
#5885 = CARTESIAN_POINT('',(1.212409201,-29.900980336,0.851));
#5886 = DIRECTION('',(1.,0.,0.));
#5887 = DIRECTION('',(0.,0.,-1.));
#5888 = ADVANCED_FACE('',(#5889),#5914,.F.);
#5889 = FACE_BOUND('',#5890,.T.);
#5890 = EDGE_LOOP('',(#5891,#5899,#5907,#5913));
#5891 = ORIENTED_EDGE('',*,*,#5892,.T.);
#5892 = EDGE_CURVE('',#5862,#5893,#5895,.T.);
#5893 = VERTEX_POINT('',#5894);
#5894 = CARTESIAN_POINT('',(1.174825201,1.112189164,0.85));
#5895 = LINE('',#5896,#5897);
#5896 = CARTESIAN_POINT('',(-1.773670358,1.134783,0.85));
#5897 = VECTOR('',#5898,1.);
#5898 = DIRECTION('',(-0.999970641773,7.662609998261E-03,0.));
#5899 = ORIENTED_EDGE('',*,*,#5900,.F.);
#5900 = EDGE_CURVE('',#5901,#5893,#5903,.T.);
#5901 = VERTEX_POINT('',#5902);
#5902 = CARTESIAN_POINT('',(1.174825201,1.112189164,0.851));
#5903 = LINE('',#5904,#5905);
#5904 = CARTESIAN_POINT('',(1.174825201,1.112189164,0.851));
#5905 = VECTOR('',#5906,1.);
#5906 = DIRECTION('',(0.,0.,-1.));
#5907 = ORIENTED_EDGE('',*,*,#5908,.F.);
#5908 = EDGE_CURVE('',#5870,#5901,#5909,.T.);
#5909 = LINE('',#5910,#5911);
#5910 = CARTESIAN_POINT('',(-1.773670358,1.134783,0.851));
#5911 = VECTOR('',#5912,1.);
#5912 = DIRECTION('',(-0.999970641773,7.662609998261E-03,0.));
#5913 = ORIENTED_EDGE('',*,*,#5869,.T.);
#5914 = PLANE('',#5915);
#5915 = AXIS2_PLACEMENT_3D('',#5916,#5917,#5918);
#5916 = CARTESIAN_POINT('',(-1.773670358,1.134783,0.851));
#5917 = DIRECTION('',(-7.662609998261E-03,-0.999970641773,0.));
#5918 = DIRECTION('',(0.999970641773,-7.662609998261E-03,0.));
#5919 = ADVANCED_FACE('',(#5920),#5947,.F.);
#5920 = FACE_BOUND('',#5921,.F.);
#5921 = EDGE_LOOP('',(#5922,#5923,#5932,#5940));
#5922 = ORIENTED_EDGE('',*,*,#5900,.F.);
#5923 = ORIENTED_EDGE('',*,*,#5924,.T.);
#5924 = EDGE_CURVE('',#5901,#5925,#5927,.T.);
#5925 = VERTEX_POINT('',#5926);
#5926 = CARTESIAN_POINT('',(1.173385201,1.052933164,0.851));
#5927 = B_SPLINE_CURVE_WITH_KNOTS('',3,(#5928,#5929,#5930,#5931),
  .UNSPECIFIED.,.F.,.F.,(4,4),(0.125,0.166666667),
  .PIECEWISE_BEZIER_KNOTS.);
#5928 = CARTESIAN_POINT('',(1.174825201,1.112189164,0.851));
#5929 = CARTESIAN_POINT('',(1.171261201,1.096889164,0.851));
#5930 = CARTESIAN_POINT('',(1.173385201,1.070285164,0.851));
#5931 = CARTESIAN_POINT('',(1.173385201,1.052933164,0.851));
#5932 = ORIENTED_EDGE('',*,*,#5933,.T.);
#5933 = EDGE_CURVE('',#5925,#5934,#5936,.T.);
#5934 = VERTEX_POINT('',#5935);
#5935 = CARTESIAN_POINT('',(1.173385201,1.052933164,0.85));
#5936 = LINE('',#5937,#5938);
#5937 = CARTESIAN_POINT('',(1.173385201,1.052933164,0.851));
#5938 = VECTOR('',#5939,1.);
#5939 = DIRECTION('',(0.,0.,-1.));
#5940 = ORIENTED_EDGE('',*,*,#5941,.F.);
#5941 = EDGE_CURVE('',#5893,#5934,#5942,.T.);
#5942 = B_SPLINE_CURVE_WITH_KNOTS('',3,(#5943,#5944,#5945,#5946),
  .UNSPECIFIED.,.F.,.F.,(4,4),(0.125,0.166666667),
  .PIECEWISE_BEZIER_KNOTS.);
#5943 = CARTESIAN_POINT('',(1.174825201,1.112189164,0.85));
#5944 = CARTESIAN_POINT('',(1.171261201,1.096889164,0.85));
#5945 = CARTESIAN_POINT('',(1.173385201,1.070285164,0.85));
#5946 = CARTESIAN_POINT('',(1.173385201,1.052933164,0.85));
#5947 = B_SPLINE_SURFACE_WITH_KNOTS('',3,1,(
    (#5948,#5949)
    ,(#5950,#5951)
    ,(#5952,#5953)
    ,(#5954,#5955
    )),.UNSPECIFIED.,.F.,.F.,.F.,(4,4),(2,2),(0.125,0.166666667),(0.,1.)
  ,.PIECEWISE_BEZIER_KNOTS.);
#5948 = CARTESIAN_POINT('',(1.174825201,1.112189164,0.851));
#5949 = CARTESIAN_POINT('',(1.174825201,1.112189164,0.85));
#5950 = CARTESIAN_POINT('',(1.171261201,1.096889164,0.851));
#5951 = CARTESIAN_POINT('',(1.171261201,1.096889164,0.85));
#5952 = CARTESIAN_POINT('',(1.173385201,1.070285164,0.851));
#5953 = CARTESIAN_POINT('',(1.173385201,1.070285164,0.85));
#5954 = CARTESIAN_POINT('',(1.173385201,1.052933164,0.851));
#5955 = CARTESIAN_POINT('',(1.173385201,1.052933164,0.85));
#5956 = ADVANCED_FACE('',(#5957),#5982,.F.);
#5957 = FACE_BOUND('',#5958,.T.);
#5958 = EDGE_LOOP('',(#5959,#5967,#5975,#5981));
#5959 = ORIENTED_EDGE('',*,*,#5960,.T.);
#5960 = EDGE_CURVE('',#5934,#5961,#5963,.T.);
#5961 = VERTEX_POINT('',#5962);
#5962 = CARTESIAN_POINT('',(1.292617201,1.053257164,0.85));
#5963 = LINE('',#5964,#5965);
#5964 = CARTESIAN_POINT('',(-2.095582056,1.044050101,0.85));
#5965 = VECTOR('',#5966,1.);
#5966 = DIRECTION('',(0.999996307913,2.717380999765E-03,0.));
#5967 = ORIENTED_EDGE('',*,*,#5968,.F.);
#5968 = EDGE_CURVE('',#5969,#5961,#5971,.T.);
#5969 = VERTEX_POINT('',#5970);
#5970 = CARTESIAN_POINT('',(1.292617201,1.053257164,0.851));
#5971 = LINE('',#5972,#5973);
#5972 = CARTESIAN_POINT('',(1.292617201,1.053257164,0.851));
#5973 = VECTOR('',#5974,1.);
#5974 = DIRECTION('',(0.,0.,-1.));
#5975 = ORIENTED_EDGE('',*,*,#5976,.F.);
#5976 = EDGE_CURVE('',#5925,#5969,#5977,.T.);
#5977 = LINE('',#5978,#5979);
#5978 = CARTESIAN_POINT('',(-2.095582056,1.044050101,0.851));
#5979 = VECTOR('',#5980,1.);
#5980 = DIRECTION('',(0.999996307913,2.717380999765E-03,0.));
#5981 = ORIENTED_EDGE('',*,*,#5933,.T.);
#5982 = PLANE('',#5983);
#5983 = AXIS2_PLACEMENT_3D('',#5984,#5985,#5986);
#5984 = CARTESIAN_POINT('',(-2.095582056,1.044050101,0.851));
#5985 = DIRECTION('',(-2.717380999765E-03,0.999996307913,0.));
#5986 = DIRECTION('',(-0.999996307913,-2.717380999765E-03,0.));
#5987 = ADVANCED_FACE('',(#5988),#6013,.F.);
#5988 = FACE_BOUND('',#5989,.T.);
#5989 = EDGE_LOOP('',(#5990,#5998,#6006,#6012));
#5990 = ORIENTED_EDGE('',*,*,#5991,.T.);
#5991 = EDGE_CURVE('',#5961,#5992,#5994,.T.);
#5992 = VERTEX_POINT('',#5993);
#5993 = CARTESIAN_POINT('',(1.292617201,1.111757164,0.85));
#5994 = LINE('',#5995,#5996);
#5995 = CARTESIAN_POINT('',(1.292617201,-29.900980336,0.85));
#5996 = VECTOR('',#5997,1.);
#5997 = DIRECTION('',(0.,1.,0.));
#5998 = ORIENTED_EDGE('',*,*,#5999,.F.);
#5999 = EDGE_CURVE('',#6000,#5992,#6002,.T.);
#6000 = VERTEX_POINT('',#6001);
#6001 = CARTESIAN_POINT('',(1.292617201,1.111757164,0.851));
#6002 = LINE('',#6003,#6004);
#6003 = CARTESIAN_POINT('',(1.292617201,1.111757164,0.851));
#6004 = VECTOR('',#6005,1.);
#6005 = DIRECTION('',(0.,0.,-1.));
#6006 = ORIENTED_EDGE('',*,*,#6007,.F.);
#6007 = EDGE_CURVE('',#5969,#6000,#6008,.T.);
#6008 = LINE('',#6009,#6010);
#6009 = CARTESIAN_POINT('',(1.292617201,-29.900980336,0.851));
#6010 = VECTOR('',#6011,1.);
#6011 = DIRECTION('',(0.,1.,0.));
#6012 = ORIENTED_EDGE('',*,*,#5968,.T.);
#6013 = PLANE('',#6014);
#6014 = AXIS2_PLACEMENT_3D('',#6015,#6016,#6017);
#6015 = CARTESIAN_POINT('',(1.292617201,-29.900980336,0.851));
#6016 = DIRECTION('',(-1.,0.,0.));
#6017 = DIRECTION('',(0.,0.,1.));
#6018 = ADVANCED_FACE('',(#6019),#6044,.F.);
#6019 = FACE_BOUND('',#6020,.T.);
#6020 = EDGE_LOOP('',(#6021,#6029,#6037,#6043));
#6021 = ORIENTED_EDGE('',*,*,#6022,.T.);
#6022 = EDGE_CURVE('',#5992,#6023,#6025,.T.);
#6023 = VERTEX_POINT('',#6024);
#6024 = CARTESIAN_POINT('',(1.252585201,1.112549164,0.85));
#6025 = LINE('',#6026,#6027);
#6026 = CARTESIAN_POINT('',(-1.396878241,1.164966606,0.85));
#6027 = VECTOR('',#6028,1.);
#6028 = DIRECTION('',(-0.999804350687,1.978030199381E-02,0.));
#6029 = ORIENTED_EDGE('',*,*,#6030,.F.);
#6030 = EDGE_CURVE('',#6031,#6023,#6033,.T.);
#6031 = VERTEX_POINT('',#6032);
#6032 = CARTESIAN_POINT('',(1.252585201,1.112549164,0.851));
#6033 = LINE('',#6034,#6035);
#6034 = CARTESIAN_POINT('',(1.252585201,1.112549164,0.851));
#6035 = VECTOR('',#6036,1.);
#6036 = DIRECTION('',(0.,0.,-1.));
#6037 = ORIENTED_EDGE('',*,*,#6038,.F.);
#6038 = EDGE_CURVE('',#6000,#6031,#6039,.T.);
#6039 = LINE('',#6040,#6041);
#6040 = CARTESIAN_POINT('',(-1.396878241,1.164966606,0.851));
#6041 = VECTOR('',#6042,1.);
#6042 = DIRECTION('',(-0.999804350687,1.978030199381E-02,0.));
#6043 = ORIENTED_EDGE('',*,*,#5999,.T.);
#6044 = PLANE('',#6045);
#6045 = AXIS2_PLACEMENT_3D('',#6046,#6047,#6048);
#6046 = CARTESIAN_POINT('',(-1.396878241,1.164966606,0.851));
#6047 = DIRECTION('',(-1.978030199381E-02,-0.999804350687,0.));
#6048 = DIRECTION('',(0.999804350687,-1.978030199381E-02,0.));
#6049 = ADVANCED_FACE('',(#6050),#6075,.F.);
#6050 = FACE_BOUND('',#6051,.T.);
#6051 = EDGE_LOOP('',(#6052,#6060,#6068,#6074));
#6052 = ORIENTED_EDGE('',*,*,#6053,.T.);
#6053 = EDGE_CURVE('',#6023,#6054,#6056,.T.);
#6054 = VERTEX_POINT('',#6055);
#6055 = CARTESIAN_POINT('',(1.252225201,1.244741164,0.85));
#6056 = LINE('',#6057,#6058);
#6057 = CARTESIAN_POINT('',(1.33701987,-29.891861294,0.85));
#6058 = VECTOR('',#6059,1.);
#6059 = DIRECTION('',(-2.72330099948E-03,0.999996291809,0.));
#6060 = ORIENTED_EDGE('',*,*,#6061,.F.);
#6061 = EDGE_CURVE('',#6062,#6054,#6064,.T.);
#6062 = VERTEX_POINT('',#6063);
#6063 = CARTESIAN_POINT('',(1.252225201,1.244741164,0.851));
#6064 = LINE('',#6065,#6066);
#6065 = CARTESIAN_POINT('',(1.252225201,1.244741164,0.851));
#6066 = VECTOR('',#6067,1.);
#6067 = DIRECTION('',(0.,0.,-1.));
#6068 = ORIENTED_EDGE('',*,*,#6069,.F.);
#6069 = EDGE_CURVE('',#6031,#6062,#6070,.T.);
#6070 = LINE('',#6071,#6072);
#6071 = CARTESIAN_POINT('',(1.33701987,-29.891861294,0.851));
#6072 = VECTOR('',#6073,1.);
#6073 = DIRECTION('',(-2.72330099948E-03,0.999996291809,0.));
#6074 = ORIENTED_EDGE('',*,*,#6030,.T.);
#6075 = PLANE('',#6076);
#6076 = AXIS2_PLACEMENT_3D('',#6077,#6078,#6079);
#6077 = CARTESIAN_POINT('',(1.33701987,-29.891861294,0.851));
#6078 = DIRECTION('',(-0.999996291809,-2.72330099948E-03,0.));
#6079 = DIRECTION('',(2.72330099948E-03,-0.999996291809,0.));
#6080 = ADVANCED_FACE('',(#6081),#6106,.F.);
#6081 = FACE_BOUND('',#6082,.T.);
#6082 = EDGE_LOOP('',(#6083,#6091,#6099,#6105));
#6083 = ORIENTED_EDGE('',*,*,#6084,.T.);
#6084 = EDGE_CURVE('',#6054,#6085,#6087,.T.);
#6085 = VERTEX_POINT('',#6086);
#6086 = CARTESIAN_POINT('',(1.284769201,1.198949164,0.85));
#6087 = LINE('',#6088,#6089);
#6088 = CARTESIAN_POINT('',(14.863809155,-17.907841567,0.85));
#6089 = VECTOR('',#6090,1.);
#6090 = DIRECTION('',(0.579296778066,-0.815116705093,0.));
#6091 = ORIENTED_EDGE('',*,*,#6092,.F.);
#6092 = EDGE_CURVE('',#6093,#6085,#6095,.T.);
#6093 = VERTEX_POINT('',#6094);
#6094 = CARTESIAN_POINT('',(1.284769201,1.198949164,0.851));
#6095 = LINE('',#6096,#6097);
#6096 = CARTESIAN_POINT('',(1.284769201,1.198949164,0.851));
#6097 = VECTOR('',#6098,1.);
#6098 = DIRECTION('',(0.,0.,-1.));
#6099 = ORIENTED_EDGE('',*,*,#6100,.F.);
#6100 = EDGE_CURVE('',#6062,#6093,#6101,.T.);
#6101 = LINE('',#6102,#6103);
#6102 = CARTESIAN_POINT('',(14.863809155,-17.907841567,0.851));
#6103 = VECTOR('',#6104,1.);
#6104 = DIRECTION('',(0.579296778066,-0.815116705093,0.));
#6105 = ORIENTED_EDGE('',*,*,#6061,.T.);
#6106 = PLANE('',#6107);
#6107 = AXIS2_PLACEMENT_3D('',#6108,#6109,#6110);
#6108 = CARTESIAN_POINT('',(14.863809155,-17.907841567,0.851));
#6109 = DIRECTION('',(0.815116705093,0.579296778066,0.));
#6110 = DIRECTION('',(-0.579296778066,0.815116705093,0.));
#6111 = ADVANCED_FACE('',(#6112),#6139,.F.);
#6112 = FACE_BOUND('',#6113,.F.);
#6113 = EDGE_LOOP('',(#6114,#6115,#6124,#6132));
#6114 = ORIENTED_EDGE('',*,*,#6092,.F.);
#6115 = ORIENTED_EDGE('',*,*,#6116,.T.);
#6116 = EDGE_CURVE('',#6093,#6117,#6119,.T.);
#6117 = VERTEX_POINT('',#6118);
#6118 = CARTESIAN_POINT('',(1.300321201,1.174973164,0.851));
#6119 = B_SPLINE_CURVE_WITH_KNOTS('',3,(#6120,#6121,#6122,#6123),
  .UNSPECIFIED.,.F.,.F.,(4,4),(0.375,0.416666667),
  .PIECEWISE_BEZIER_KNOTS.);
#6120 = CARTESIAN_POINT('',(1.284769201,1.198949164,0.851));
#6121 = CARTESIAN_POINT('',(1.290853201,1.190597164,0.851));
#6122 = CARTESIAN_POINT('',(1.293697201,1.183397164,0.851));
#6123 = CARTESIAN_POINT('',(1.300321201,1.174973164,0.851));
#6124 = ORIENTED_EDGE('',*,*,#6125,.T.);
#6125 = EDGE_CURVE('',#6117,#6126,#6128,.T.);
#6126 = VERTEX_POINT('',#6127);
#6127 = CARTESIAN_POINT('',(1.300321201,1.174973164,0.85));
#6128 = LINE('',#6129,#6130);
#6129 = CARTESIAN_POINT('',(1.300321201,1.174973164,0.851));
#6130 = VECTOR('',#6131,1.);
#6131 = DIRECTION('',(0.,0.,-1.));
#6132 = ORIENTED_EDGE('',*,*,#6133,.F.);
#6133 = EDGE_CURVE('',#6085,#6126,#6134,.T.);
#6134 = B_SPLINE_CURVE_WITH_KNOTS('',3,(#6135,#6136,#6137,#6138),
  .UNSPECIFIED.,.F.,.F.,(4,4),(0.375,0.416666667),
  .PIECEWISE_BEZIER_KNOTS.);
#6135 = CARTESIAN_POINT('',(1.284769201,1.198949164,0.85));
#6136 = CARTESIAN_POINT('',(1.290853201,1.190597164,0.85));
#6137 = CARTESIAN_POINT('',(1.293697201,1.183397164,0.85));
#6138 = CARTESIAN_POINT('',(1.300321201,1.174973164,0.85));
#6139 = B_SPLINE_SURFACE_WITH_KNOTS('',3,1,(
    (#6140,#6141)
    ,(#6142,#6143)
    ,(#6144,#6145)
    ,(#6146,#6147
    )),.UNSPECIFIED.,.F.,.F.,.F.,(4,4),(2,2),(0.375,0.416666667),(0.,1.)
  ,.PIECEWISE_BEZIER_KNOTS.);
#6140 = CARTESIAN_POINT('',(1.284769201,1.198949164,0.851));
#6141 = CARTESIAN_POINT('',(1.284769201,1.198949164,0.85));
#6142 = CARTESIAN_POINT('',(1.290853201,1.190597164,0.851));
#6143 = CARTESIAN_POINT('',(1.290853201,1.190597164,0.85));
#6144 = CARTESIAN_POINT('',(1.293697201,1.183397164,0.851));
#6145 = CARTESIAN_POINT('',(1.293697201,1.183397164,0.85));
#6146 = CARTESIAN_POINT('',(1.300321201,1.174973164,0.851));
#6147 = CARTESIAN_POINT('',(1.300321201,1.174973164,0.85));
#6148 = ADVANCED_FACE('',(#6149),#6176,.F.);
#6149 = FACE_BOUND('',#6150,.F.);
#6150 = EDGE_LOOP('',(#6151,#6152,#6161,#6169));
#6151 = ORIENTED_EDGE('',*,*,#6125,.F.);
#6152 = ORIENTED_EDGE('',*,*,#6153,.T.);
#6153 = EDGE_CURVE('',#6117,#6154,#6156,.T.);
#6154 = VERTEX_POINT('',#6155);
#6155 = CARTESIAN_POINT('',(1.316917201,1.149701164,0.851));
#6156 = B_SPLINE_CURVE_WITH_KNOTS('',3,(#6157,#6158,#6159,#6160),
  .UNSPECIFIED.,.F.,.F.,(4,4),(0.416666667,0.458333333),
  .PIECEWISE_BEZIER_KNOTS.);
#6157 = CARTESIAN_POINT('',(1.300321201,1.174973164,0.851));
#6158 = CARTESIAN_POINT('',(1.313245201,1.158449164,0.851));
#6159 = CARTESIAN_POINT('',(1.309213201,1.161149164,0.851));
#6160 = CARTESIAN_POINT('',(1.316917201,1.149701164,0.851));
#6161 = ORIENTED_EDGE('',*,*,#6162,.T.);
#6162 = EDGE_CURVE('',#6154,#6163,#6165,.T.);
#6163 = VERTEX_POINT('',#6164);
#6164 = CARTESIAN_POINT('',(1.316917201,1.149701164,0.85));
#6165 = LINE('',#6166,#6167);
#6166 = CARTESIAN_POINT('',(1.316917201,1.149701164,0.851));
#6167 = VECTOR('',#6168,1.);
#6168 = DIRECTION('',(0.,0.,-1.));
#6169 = ORIENTED_EDGE('',*,*,#6170,.F.);
#6170 = EDGE_CURVE('',#6126,#6163,#6171,.T.);
#6171 = B_SPLINE_CURVE_WITH_KNOTS('',3,(#6172,#6173,#6174,#6175),
  .UNSPECIFIED.,.F.,.F.,(4,4),(0.416666667,0.458333333),
  .PIECEWISE_BEZIER_KNOTS.);
#6172 = CARTESIAN_POINT('',(1.300321201,1.174973164,0.85));
#6173 = CARTESIAN_POINT('',(1.313245201,1.158449164,0.85));
#6174 = CARTESIAN_POINT('',(1.309213201,1.161149164,0.85));
#6175 = CARTESIAN_POINT('',(1.316917201,1.149701164,0.85));
#6176 = B_SPLINE_SURFACE_WITH_KNOTS('',3,1,(
    (#6177,#6178)
    ,(#6179,#6180)
    ,(#6181,#6182)
    ,(#6183,#6184
    )),.UNSPECIFIED.,.F.,.F.,.F.,(4,4),(2,2),(0.416666667,0.458333333),(
    0.,1.),.PIECEWISE_BEZIER_KNOTS.);
#6177 = CARTESIAN_POINT('',(1.300321201,1.174973164,0.851));
#6178 = CARTESIAN_POINT('',(1.300321201,1.174973164,0.85));
#6179 = CARTESIAN_POINT('',(1.313245201,1.158449164,0.851));
#6180 = CARTESIAN_POINT('',(1.313245201,1.158449164,0.85));
#6181 = CARTESIAN_POINT('',(1.309213201,1.161149164,0.851));
#6182 = CARTESIAN_POINT('',(1.309213201,1.161149164,0.85));
#6183 = CARTESIAN_POINT('',(1.316917201,1.149701164,0.851));
#6184 = CARTESIAN_POINT('',(1.316917201,1.149701164,0.85));
#6185 = ADVANCED_FACE('',(#6186),#6213,.F.);
#6186 = FACE_BOUND('',#6187,.F.);
#6187 = EDGE_LOOP('',(#6188,#6189,#6198,#6206));
#6188 = ORIENTED_EDGE('',*,*,#6162,.F.);
#6189 = ORIENTED_EDGE('',*,*,#6190,.T.);
#6190 = EDGE_CURVE('',#6154,#6191,#6193,.T.);
#6191 = VERTEX_POINT('',#6192);
#6192 = CARTESIAN_POINT('',(1.382005201,1.052969164,0.851));
#6193 = B_SPLINE_CURVE_WITH_KNOTS('',3,(#6194,#6195,#6196,#6197),
  .UNSPECIFIED.,.F.,.F.,(4,4),(0.458333333,0.5),
  .PIECEWISE_BEZIER_KNOTS.);
#6194 = CARTESIAN_POINT('',(1.316917201,1.149701164,0.851));
#6195 = CARTESIAN_POINT('',(1.332073201,1.127057164,0.851));
#6196 = CARTESIAN_POINT('',(1.371025201,1.074785164,0.851));
#6197 = CARTESIAN_POINT('',(1.382005201,1.052969164,0.851));
#6198 = ORIENTED_EDGE('',*,*,#6199,.T.);
#6199 = EDGE_CURVE('',#6191,#6200,#6202,.T.);
#6200 = VERTEX_POINT('',#6201);
#6201 = CARTESIAN_POINT('',(1.382005201,1.052969164,0.85));
#6202 = LINE('',#6203,#6204);
#6203 = CARTESIAN_POINT('',(1.382005201,1.052969164,0.851));
#6204 = VECTOR('',#6205,1.);
#6205 = DIRECTION('',(0.,0.,-1.));
#6206 = ORIENTED_EDGE('',*,*,#6207,.F.);
#6207 = EDGE_CURVE('',#6163,#6200,#6208,.T.);
#6208 = B_SPLINE_CURVE_WITH_KNOTS('',3,(#6209,#6210,#6211,#6212),
  .UNSPECIFIED.,.F.,.F.,(4,4),(0.458333333,0.5),
  .PIECEWISE_BEZIER_KNOTS.);
#6209 = CARTESIAN_POINT('',(1.316917201,1.149701164,0.85));
#6210 = CARTESIAN_POINT('',(1.332073201,1.127057164,0.85));
#6211 = CARTESIAN_POINT('',(1.371025201,1.074785164,0.85));
#6212 = CARTESIAN_POINT('',(1.382005201,1.052969164,0.85));
#6213 = B_SPLINE_SURFACE_WITH_KNOTS('',3,1,(
    (#6214,#6215)
    ,(#6216,#6217)
    ,(#6218,#6219)
    ,(#6220,#6221
    )),.UNSPECIFIED.,.F.,.F.,.F.,(4,4),(2,2),(0.458333333,0.5),(0.,1.),
  .PIECEWISE_BEZIER_KNOTS.);
#6214 = CARTESIAN_POINT('',(1.316917201,1.149701164,0.851));
#6215 = CARTESIAN_POINT('',(1.316917201,1.149701164,0.85));
#6216 = CARTESIAN_POINT('',(1.332073201,1.127057164,0.851));
#6217 = CARTESIAN_POINT('',(1.332073201,1.127057164,0.85));
#6218 = CARTESIAN_POINT('',(1.371025201,1.074785164,0.851));
#6219 = CARTESIAN_POINT('',(1.371025201,1.074785164,0.85));
#6220 = CARTESIAN_POINT('',(1.382005201,1.052969164,0.851));
#6221 = CARTESIAN_POINT('',(1.382005201,1.052969164,0.85));
#6222 = ADVANCED_FACE('',(#6223),#6248,.F.);
#6223 = FACE_BOUND('',#6224,.T.);
#6224 = EDGE_LOOP('',(#6225,#6233,#6241,#6247));
#6225 = ORIENTED_EDGE('',*,*,#6226,.T.);
#6226 = EDGE_CURVE('',#6200,#6227,#6229,.T.);
#6227 = VERTEX_POINT('',#6228);
#6228 = CARTESIAN_POINT('',(1.434097201,1.052969164,0.85));
#6229 = LINE('',#6230,#6231);
#6230 = CARTESIAN_POINT('',(-2.011492299,1.052969164,0.85));
#6231 = VECTOR('',#6232,1.);
#6232 = DIRECTION('',(1.,0.,0.));
#6233 = ORIENTED_EDGE('',*,*,#6234,.F.);
#6234 = EDGE_CURVE('',#6235,#6227,#6237,.T.);
#6235 = VERTEX_POINT('',#6236);
#6236 = CARTESIAN_POINT('',(1.434097201,1.052969164,0.851));
#6237 = LINE('',#6238,#6239);
#6238 = CARTESIAN_POINT('',(1.434097201,1.052969164,0.851));
#6239 = VECTOR('',#6240,1.);
#6240 = DIRECTION('',(0.,0.,-1.));
#6241 = ORIENTED_EDGE('',*,*,#6242,.F.);
#6242 = EDGE_CURVE('',#6191,#6235,#6243,.T.);
#6243 = LINE('',#6244,#6245);
#6244 = CARTESIAN_POINT('',(-2.011492299,1.052969164,0.851));
#6245 = VECTOR('',#6246,1.);
#6246 = DIRECTION('',(1.,0.,0.));
#6247 = ORIENTED_EDGE('',*,*,#6199,.T.);
#6248 = PLANE('',#6249);
#6249 = AXIS2_PLACEMENT_3D('',#6250,#6251,#6252);
#6250 = CARTESIAN_POINT('',(-2.011492299,1.052969164,0.851));
#6251 = DIRECTION('',(0.,1.,0.));
#6252 = DIRECTION('',(0.,0.,1.));
#6253 = ADVANCED_FACE('',(#6254),#6279,.F.);
#6254 = FACE_BOUND('',#6255,.T.);
#6255 = EDGE_LOOP('',(#6256,#6264,#6272,#6278));
#6256 = ORIENTED_EDGE('',*,*,#6257,.T.);
#6257 = EDGE_CURVE('',#6227,#6258,#6260,.T.);
#6258 = VERTEX_POINT('',#6259);
#6259 = CARTESIAN_POINT('',(1.434349201,1.253201164,0.85));
#6260 = LINE('',#6261,#6262);
#6261 = CARTESIAN_POINT('',(1.395135019,-29.905267713,0.85));
#6262 = VECTOR('',#6263,1.);
#6263 = DIRECTION('',(1.25853900005E-03,0.999999208039,0.));
#6264 = ORIENTED_EDGE('',*,*,#6265,.F.);
#6265 = EDGE_CURVE('',#6266,#6258,#6268,.T.);
#6266 = VERTEX_POINT('',#6267);
#6267 = CARTESIAN_POINT('',(1.434349201,1.253201164,0.851));
#6268 = LINE('',#6269,#6270);
#6269 = CARTESIAN_POINT('',(1.434349201,1.253201164,0.851));
#6270 = VECTOR('',#6271,1.);
#6271 = DIRECTION('',(0.,0.,-1.));
#6272 = ORIENTED_EDGE('',*,*,#6273,.F.);
#6273 = EDGE_CURVE('',#6235,#6266,#6274,.T.);
#6274 = LINE('',#6275,#6276);
#6275 = CARTESIAN_POINT('',(1.395135019,-29.905267713,0.851));
#6276 = VECTOR('',#6277,1.);
#6277 = DIRECTION('',(1.25853900005E-03,0.999999208039,0.));
#6278 = ORIENTED_EDGE('',*,*,#6234,.T.);
#6279 = PLANE('',#6280);
#6280 = AXIS2_PLACEMENT_3D('',#6281,#6282,#6283);
#6281 = CARTESIAN_POINT('',(1.395135019,-29.905267713,0.851));
#6282 = DIRECTION('',(-0.999999208039,1.25853900005E-03,0.));
#6283 = DIRECTION('',(-1.25853900005E-03,-0.999999208039,0.));
#6284 = ADVANCED_FACE('',(#6285),#6310,.F.);
#6285 = FACE_BOUND('',#6286,.T.);
#6286 = EDGE_LOOP('',(#6287,#6295,#6303,#6309));
#6287 = ORIENTED_EDGE('',*,*,#6288,.T.);
#6288 = EDGE_CURVE('',#6258,#6289,#6291,.T.);
#6289 = VERTEX_POINT('',#6290);
#6290 = CARTESIAN_POINT('',(1.469881201,1.253921164,0.85));
#6291 = LINE('',#6292,#6293);
#6292 = CARTESIAN_POINT('',(-2.641109295,1.170618418,0.85));
#6293 = VECTOR('',#6294,1.);
#6294 = DIRECTION('',(0.999794760009,2.025926600018E-02,0.));
#6295 = ORIENTED_EDGE('',*,*,#6296,.F.);
#6296 = EDGE_CURVE('',#6297,#6289,#6299,.T.);
#6297 = VERTEX_POINT('',#6298);
#6298 = CARTESIAN_POINT('',(1.469881201,1.253921164,0.851));
#6299 = LINE('',#6300,#6301);
#6300 = CARTESIAN_POINT('',(1.469881201,1.253921164,0.851));
#6301 = VECTOR('',#6302,1.);
#6302 = DIRECTION('',(0.,0.,-1.));
#6303 = ORIENTED_EDGE('',*,*,#6304,.F.);
#6304 = EDGE_CURVE('',#6266,#6297,#6305,.T.);
#6305 = LINE('',#6306,#6307);
#6306 = CARTESIAN_POINT('',(-2.641109295,1.170618418,0.851));
#6307 = VECTOR('',#6308,1.);
#6308 = DIRECTION('',(0.999794760009,2.025926600018E-02,0.));
#6309 = ORIENTED_EDGE('',*,*,#6265,.T.);
#6310 = PLANE('',#6311);
#6311 = AXIS2_PLACEMENT_3D('',#6312,#6313,#6314);
#6312 = CARTESIAN_POINT('',(-2.641109295,1.170618418,0.851));
#6313 = DIRECTION('',(-2.025926600018E-02,0.999794760009,0.));
#6314 = DIRECTION('',(-0.999794760009,-2.025926600018E-02,0.));
#6315 = ADVANCED_FACE('',(#6316),#6341,.F.);
#6316 = FACE_BOUND('',#6317,.T.);
#6317 = EDGE_LOOP('',(#6318,#6326,#6334,#6340));
#6318 = ORIENTED_EDGE('',*,*,#6319,.T.);
#6319 = EDGE_CURVE('',#6289,#6320,#6322,.T.);
#6320 = VERTEX_POINT('',#6321);
#6321 = CARTESIAN_POINT('',(1.469701201,1.314005164,0.85));
#6322 = LINE('',#6323,#6324);
#6323 = CARTESIAN_POINT('',(1.563183156,-29.890271302,0.85));
#6324 = VECTOR('',#6325,1.);
#6325 = DIRECTION('',(-2.995791998817E-03,0.999995512605,0.));
#6326 = ORIENTED_EDGE('',*,*,#6327,.F.);
#6327 = EDGE_CURVE('',#6328,#6320,#6330,.T.);
#6328 = VERTEX_POINT('',#6329);
#6329 = CARTESIAN_POINT('',(1.469701201,1.314005164,0.851));
#6330 = LINE('',#6331,#6332);
#6331 = CARTESIAN_POINT('',(1.469701201,1.314005164,0.851));
#6332 = VECTOR('',#6333,1.);
#6333 = DIRECTION('',(0.,0.,-1.));
#6334 = ORIENTED_EDGE('',*,*,#6335,.F.);
#6335 = EDGE_CURVE('',#6297,#6328,#6336,.T.);
#6336 = LINE('',#6337,#6338);
#6337 = CARTESIAN_POINT('',(1.563183156,-29.890271302,0.851));
#6338 = VECTOR('',#6339,1.);
#6339 = DIRECTION('',(-2.995791998817E-03,0.999995512605,0.));
#6340 = ORIENTED_EDGE('',*,*,#6296,.T.);
#6341 = PLANE('',#6342);
#6342 = AXIS2_PLACEMENT_3D('',#6343,#6344,#6345);
#6343 = CARTESIAN_POINT('',(1.563183156,-29.890271302,0.851));
#6344 = DIRECTION('',(-0.999995512605,-2.995791998817E-03,0.));
#6345 = DIRECTION('',(2.995791998817E-03,-0.999995512605,0.));
#6346 = ADVANCED_FACE('',(#6347),#6374,.F.);
#6347 = FACE_BOUND('',#6348,.F.);
#6348 = EDGE_LOOP('',(#6349,#6350,#6359,#6367));
#6349 = ORIENTED_EDGE('',*,*,#6327,.F.);
#6350 = ORIENTED_EDGE('',*,*,#6351,.T.);
#6351 = EDGE_CURVE('',#6328,#6352,#6354,.T.);
#6352 = VERTEX_POINT('',#6353);
#6353 = CARTESIAN_POINT('',(1.354573201,1.313105164,0.851));
#6354 = B_SPLINE_CURVE_WITH_KNOTS('',3,(#6355,#6356,#6357,#6358),
  .UNSPECIFIED.,.F.,.F.,(4,4),(0.666666667,0.708333333),
  .PIECEWISE_BEZIER_KNOTS.);
#6355 = CARTESIAN_POINT('',(1.469701201,1.314005164,0.851));
#6356 = CARTESIAN_POINT('',(1.436005201,1.313537164,0.851));
#6357 = CARTESIAN_POINT('',(1.384921201,1.315949164,0.851));
#6358 = CARTESIAN_POINT('',(1.354573201,1.313105164,0.851));
#6359 = ORIENTED_EDGE('',*,*,#6360,.T.);
#6360 = EDGE_CURVE('',#6352,#6361,#6363,.T.);
#6361 = VERTEX_POINT('',#6362);
#6362 = CARTESIAN_POINT('',(1.354573201,1.313105164,0.85));
#6363 = LINE('',#6364,#6365);
#6364 = CARTESIAN_POINT('',(1.354573201,1.313105164,0.851));
#6365 = VECTOR('',#6366,1.);
#6366 = DIRECTION('',(0.,0.,-1.));
#6367 = ORIENTED_EDGE('',*,*,#6368,.F.);
#6368 = EDGE_CURVE('',#6320,#6361,#6369,.T.);
#6369 = B_SPLINE_CURVE_WITH_KNOTS('',3,(#6370,#6371,#6372,#6373),
  .UNSPECIFIED.,.F.,.F.,(4,4),(0.666666667,0.708333333),
  .PIECEWISE_BEZIER_KNOTS.);
#6370 = CARTESIAN_POINT('',(1.469701201,1.314005164,0.85));
#6371 = CARTESIAN_POINT('',(1.436005201,1.313537164,0.85));
#6372 = CARTESIAN_POINT('',(1.384921201,1.315949164,0.85));
#6373 = CARTESIAN_POINT('',(1.354573201,1.313105164,0.85));
#6374 = B_SPLINE_SURFACE_WITH_KNOTS('',3,1,(
    (#6375,#6376)
    ,(#6377,#6378)
    ,(#6379,#6380)
    ,(#6381,#6382
    )),.UNSPECIFIED.,.F.,.F.,.F.,(4,4),(2,2),(0.666666667,0.708333333),(
    0.,1.),.PIECEWISE_BEZIER_KNOTS.);
#6375 = CARTESIAN_POINT('',(1.469701201,1.314005164,0.851));
#6376 = CARTESIAN_POINT('',(1.469701201,1.314005164,0.85));
#6377 = CARTESIAN_POINT('',(1.436005201,1.313537164,0.851));
#6378 = CARTESIAN_POINT('',(1.436005201,1.313537164,0.85));
#6379 = CARTESIAN_POINT('',(1.384921201,1.315949164,0.851));
#6380 = CARTESIAN_POINT('',(1.384921201,1.315949164,0.85));
#6381 = CARTESIAN_POINT('',(1.354573201,1.313105164,0.851));
#6382 = CARTESIAN_POINT('',(1.354573201,1.313105164,0.85));
#6383 = ADVANCED_FACE('',(#6384),#6409,.F.);
#6384 = FACE_BOUND('',#6385,.T.);
#6385 = EDGE_LOOP('',(#6386,#6394,#6402,#6408));
#6386 = ORIENTED_EDGE('',*,*,#6387,.T.);
#6387 = EDGE_CURVE('',#6361,#6388,#6390,.T.);
#6388 = VERTEX_POINT('',#6389);
#6389 = CARTESIAN_POINT('',(1.354789201,1.254497164,0.85));
#6390 = LINE('',#6391,#6392);
#6391 = CARTESIAN_POINT('',(1.469565545,-29.888150884,0.85));
#6392 = VECTOR('',#6393,1.);
#6393 = DIRECTION('',(3.685478998523E-03,-0.999993208599,0.));
#6394 = ORIENTED_EDGE('',*,*,#6395,.F.);
#6395 = EDGE_CURVE('',#6396,#6388,#6398,.T.);
#6396 = VERTEX_POINT('',#6397);
#6397 = CARTESIAN_POINT('',(1.354789201,1.254497164,0.851));
#6398 = LINE('',#6399,#6400);
#6399 = CARTESIAN_POINT('',(1.354789201,1.254497164,0.851));
#6400 = VECTOR('',#6401,1.);
#6401 = DIRECTION('',(0.,0.,-1.));
#6402 = ORIENTED_EDGE('',*,*,#6403,.F.);
#6403 = EDGE_CURVE('',#6352,#6396,#6404,.T.);
#6404 = LINE('',#6405,#6406);
#6405 = CARTESIAN_POINT('',(1.469565545,-29.888150884,0.851));
#6406 = VECTOR('',#6407,1.);
#6407 = DIRECTION('',(3.685478998523E-03,-0.999993208599,0.));
#6408 = ORIENTED_EDGE('',*,*,#6360,.T.);
#6409 = PLANE('',#6410);
#6410 = AXIS2_PLACEMENT_3D('',#6411,#6412,#6413);
#6411 = CARTESIAN_POINT('',(1.469565545,-29.888150884,0.851));
#6412 = DIRECTION('',(0.999993208599,3.685478998523E-03,0.));
#6413 = DIRECTION('',(-3.685478998523E-03,0.999993208599,0.));
#6414 = ADVANCED_FACE('',(#6415),#6440,.F.);
#6415 = FACE_BOUND('',#6416,.T.);
#6416 = EDGE_LOOP('',(#6417,#6425,#6433,#6439));
#6417 = ORIENTED_EDGE('',*,*,#6418,.T.);
#6418 = EDGE_CURVE('',#6388,#6419,#6421,.T.);
#6419 = VERTEX_POINT('',#6420);
#6420 = CARTESIAN_POINT('',(1.392373201,1.254173164,0.85));
#6421 = LINE('',#6422,#6423);
#6422 = CARTESIAN_POINT('',(-1.742680404,1.281199488,0.85));
#6423 = VECTOR('',#6424,1.);
#6424 = DIRECTION('',(0.999962843929,-8.620368999387E-03,0.));
#6425 = ORIENTED_EDGE('',*,*,#6426,.F.);
#6426 = EDGE_CURVE('',#6427,#6419,#6429,.T.);
#6427 = VERTEX_POINT('',#6428);
#6428 = CARTESIAN_POINT('',(1.392373201,1.254173164,0.851));
#6429 = LINE('',#6430,#6431);
#6430 = CARTESIAN_POINT('',(1.392373201,1.254173164,0.851));
#6431 = VECTOR('',#6432,1.);
#6432 = DIRECTION('',(0.,0.,-1.));
#6433 = ORIENTED_EDGE('',*,*,#6434,.F.);
#6434 = EDGE_CURVE('',#6396,#6427,#6435,.T.);
#6435 = LINE('',#6436,#6437);
#6436 = CARTESIAN_POINT('',(-1.742680404,1.281199488,0.851));
#6437 = VECTOR('',#6438,1.);
#6438 = DIRECTION('',(0.999962843929,-8.620368999387E-03,0.));
#6439 = ORIENTED_EDGE('',*,*,#6395,.T.);
#6440 = PLANE('',#6441);
#6441 = AXIS2_PLACEMENT_3D('',#6442,#6443,#6444);
#6442 = CARTESIAN_POINT('',(-1.742680404,1.281199488,0.851));
#6443 = DIRECTION('',(8.620368999387E-03,0.999962843929,0.));
#6444 = DIRECTION('',(-0.999962843929,8.620368999387E-03,0.));
#6445 = ADVANCED_FACE('',(#6446),#6471,.F.);
#6446 = FACE_BOUND('',#6447,.T.);
#6447 = EDGE_LOOP('',(#6448,#6456,#6464,#6470));
#6448 = ORIENTED_EDGE('',*,*,#6449,.T.);
#6449 = EDGE_CURVE('',#6419,#6450,#6452,.T.);
#6450 = VERTEX_POINT('',#6451);
#6451 = CARTESIAN_POINT('',(1.392265201,1.135193164,0.85));
#6452 = LINE('',#6453,#6454);
#6453 = CARTESIAN_POINT('',(1.364090401,-29.904044405,0.85));
#6454 = VECTOR('',#6455,1.);
#6455 = DIRECTION('',(-9.07715208524E-04,-0.999999588026,0.));
#6456 = ORIENTED_EDGE('',*,*,#6457,.F.);
#6457 = EDGE_CURVE('',#6458,#6450,#6460,.T.);
#6458 = VERTEX_POINT('',#6459);
#6459 = CARTESIAN_POINT('',(1.392265201,1.135193164,0.851));
#6460 = LINE('',#6461,#6462);
#6461 = CARTESIAN_POINT('',(1.392265201,1.135193164,0.851));
#6462 = VECTOR('',#6463,1.);
#6463 = DIRECTION('',(0.,0.,-1.));
#6464 = ORIENTED_EDGE('',*,*,#6465,.F.);
#6465 = EDGE_CURVE('',#6427,#6458,#6466,.T.);
#6466 = LINE('',#6467,#6468);
#6467 = CARTESIAN_POINT('',(1.364090401,-29.904044405,0.851));
#6468 = VECTOR('',#6469,1.);
#6469 = DIRECTION('',(-9.07715208524E-04,-0.999999588026,0.));
#6470 = ORIENTED_EDGE('',*,*,#6426,.T.);
#6471 = PLANE('',#6472);
#6472 = AXIS2_PLACEMENT_3D('',#6473,#6474,#6475);
#6473 = CARTESIAN_POINT('',(1.364090401,-29.904044405,0.851));
#6474 = DIRECTION('',(0.999999588026,-9.07715208524E-04,0.));
#6475 = DIRECTION('',(9.07715208524E-04,0.999999588026,0.));
#6476 = ADVANCED_FACE('',(#6477),#6493,.F.);
#6477 = FACE_BOUND('',#6478,.T.);
#6478 = EDGE_LOOP('',(#6479,#6485,#6486,#6492));
#6479 = ORIENTED_EDGE('',*,*,#6480,.T.);
#6480 = EDGE_CURVE('',#6450,#5750,#6481,.T.);
#6481 = LINE('',#6482,#6483);
#6482 = CARTESIAN_POINT('',(14.76953169,-18.42353543,0.85));
#6483 = VECTOR('',#6484,1.);
#6484 = DIRECTION('',(-0.564539564959,0.825406008941,0.));
#6485 = ORIENTED_EDGE('',*,*,#5747,.F.);
#6486 = ORIENTED_EDGE('',*,*,#6487,.F.);
#6487 = EDGE_CURVE('',#6458,#5748,#6488,.T.);
#6488 = LINE('',#6489,#6490);
#6489 = CARTESIAN_POINT('',(14.76953169,-18.42353543,0.851));
#6490 = VECTOR('',#6491,1.);
#6491 = DIRECTION('',(-0.564539564959,0.825406008941,0.));
#6492 = ORIENTED_EDGE('',*,*,#6457,.T.);
#6493 = PLANE('',#6494);
#6494 = AXIS2_PLACEMENT_3D('',#6495,#6496,#6497);
#6495 = CARTESIAN_POINT('',(14.76953169,-18.42353543,0.851));
#6496 = DIRECTION('',(-0.825406008941,-0.564539564959,0.));
#6497 = DIRECTION('',(0.564539564959,-0.825406008941,0.));
#6498 = ADVANCED_FACE('',(#6499),#6524,.T.);
#6499 = FACE_BOUND('',#6500,.T.);
#6500 = EDGE_LOOP('',(#6501,#6502,#6503,#6504,#6505,#6506,#6507,#6508,
    #6509,#6510,#6511,#6512,#6513,#6514,#6515,#6516,#6517,#6518,#6519,
    #6520,#6521,#6522,#6523));
#6501 = ORIENTED_EDGE('',*,*,#5757,.T.);
#6502 = ORIENTED_EDGE('',*,*,#5794,.T.);
#6503 = ORIENTED_EDGE('',*,*,#5846,.T.);
#6504 = ORIENTED_EDGE('',*,*,#5877,.T.);
#6505 = ORIENTED_EDGE('',*,*,#5908,.T.);
#6506 = ORIENTED_EDGE('',*,*,#5924,.T.);
#6507 = ORIENTED_EDGE('',*,*,#5976,.T.);
#6508 = ORIENTED_EDGE('',*,*,#6007,.T.);
#6509 = ORIENTED_EDGE('',*,*,#6038,.T.);
#6510 = ORIENTED_EDGE('',*,*,#6069,.T.);
#6511 = ORIENTED_EDGE('',*,*,#6100,.T.);
#6512 = ORIENTED_EDGE('',*,*,#6116,.T.);
#6513 = ORIENTED_EDGE('',*,*,#6153,.T.);
#6514 = ORIENTED_EDGE('',*,*,#6190,.T.);
#6515 = ORIENTED_EDGE('',*,*,#6242,.T.);
#6516 = ORIENTED_EDGE('',*,*,#6273,.T.);
#6517 = ORIENTED_EDGE('',*,*,#6304,.T.);
#6518 = ORIENTED_EDGE('',*,*,#6335,.T.);
#6519 = ORIENTED_EDGE('',*,*,#6351,.T.);
#6520 = ORIENTED_EDGE('',*,*,#6403,.T.);
#6521 = ORIENTED_EDGE('',*,*,#6434,.T.);
#6522 = ORIENTED_EDGE('',*,*,#6465,.T.);
#6523 = ORIENTED_EDGE('',*,*,#6487,.T.);
#6524 = PLANE('',#6525);
#6525 = AXIS2_PLACEMENT_3D('',#6526,#6527,#6528);
#6526 = CARTESIAN_POINT('',(-2.011492299,-29.900980336,0.851));
#6527 = DIRECTION('',(0.,0.,1.));
#6528 = DIRECTION('',(1.,0.,0.));
#6529 = ADVANCED_FACE('',(#6530),#6555,.F.);
#6530 = FACE_BOUND('',#6531,.T.);
#6531 = EDGE_LOOP('',(#6532,#6533,#6534,#6535,#6536,#6537,#6538,#6539,
    #6540,#6541,#6542,#6543,#6544,#6545,#6546,#6547,#6548,#6549,#6550,
    #6551,#6552,#6553,#6554));
#6532 = ORIENTED_EDGE('',*,*,#5774,.F.);
#6533 = ORIENTED_EDGE('',*,*,#6480,.F.);
#6534 = ORIENTED_EDGE('',*,*,#6449,.F.);
#6535 = ORIENTED_EDGE('',*,*,#6418,.F.);
#6536 = ORIENTED_EDGE('',*,*,#6387,.F.);
#6537 = ORIENTED_EDGE('',*,*,#6368,.F.);
#6538 = ORIENTED_EDGE('',*,*,#6319,.F.);
#6539 = ORIENTED_EDGE('',*,*,#6288,.F.);
#6540 = ORIENTED_EDGE('',*,*,#6257,.F.);
#6541 = ORIENTED_EDGE('',*,*,#6226,.F.);
#6542 = ORIENTED_EDGE('',*,*,#6207,.F.);
#6543 = ORIENTED_EDGE('',*,*,#6170,.F.);
#6544 = ORIENTED_EDGE('',*,*,#6133,.F.);
#6545 = ORIENTED_EDGE('',*,*,#6084,.F.);
#6546 = ORIENTED_EDGE('',*,*,#6053,.F.);
#6547 = ORIENTED_EDGE('',*,*,#6022,.F.);
#6548 = ORIENTED_EDGE('',*,*,#5991,.F.);
#6549 = ORIENTED_EDGE('',*,*,#5960,.F.);
#6550 = ORIENTED_EDGE('',*,*,#5941,.F.);
#6551 = ORIENTED_EDGE('',*,*,#5892,.F.);
#6552 = ORIENTED_EDGE('',*,*,#5861,.F.);
#6553 = ORIENTED_EDGE('',*,*,#5830,.F.);
#6554 = ORIENTED_EDGE('',*,*,#5811,.F.);
#6555 = PLANE('',#6556);
#6556 = AXIS2_PLACEMENT_3D('',#6557,#6558,#6559);
#6557 = CARTESIAN_POINT('',(-2.011492299,-29.900980336,0.85));
#6558 = DIRECTION('',(0.,0.,1.));
#6559 = DIRECTION('',(1.,0.,0.));
#6560 = MANIFOLD_SOLID_BREP('',#6561);
#6561 = CLOSED_SHELL('',(#6562,#6608,#6645,#6676,#6707,#6738,#6769,#6806
    ,#6843,#6880,#6917,#6954,#6991,#7028,#7059,#7090,#7127,#7158,#7195,
    #7232,#7260,#7288));
#6562 = ADVANCED_FACE('',(#6563),#6599,.F.);
#6563 = FACE_BOUND('',#6564,.F.);
#6564 = EDGE_LOOP('',(#6565,#6575,#6584,#6592));
#6565 = ORIENTED_EDGE('',*,*,#6566,.F.);
#6566 = EDGE_CURVE('',#6567,#6569,#6571,.T.);
#6567 = VERTEX_POINT('',#6568);
#6568 = CARTESIAN_POINT('',(1.551529201,1.159133164,0.851));
#6569 = VERTEX_POINT('',#6570);
#6570 = CARTESIAN_POINT('',(1.551529201,1.159133164,0.85));
#6571 = LINE('',#6572,#6573);
#6572 = CARTESIAN_POINT('',(1.551529201,1.159133164,0.851));
#6573 = VECTOR('',#6574,1.);
#6574 = DIRECTION('',(0.,0.,-1.));
#6575 = ORIENTED_EDGE('',*,*,#6576,.T.);
#6576 = EDGE_CURVE('',#6567,#6577,#6579,.T.);
#6577 = VERTEX_POINT('',#6578);
#6578 = CARTESIAN_POINT('',(1.668997201,1.131233164,0.851));
#6579 = B_SPLINE_CURVE_WITH_KNOTS('',3,(#6580,#6581,#6582,#6583),
  .UNSPECIFIED.,.F.,.F.,(4,4),(0.666666667,0.714285714),
  .PIECEWISE_BEZIER_KNOTS.);
#6580 = CARTESIAN_POINT('',(1.551529201,1.159133164,0.851));
#6581 = CARTESIAN_POINT('',(1.581301201,1.153589164,0.851));
#6582 = CARTESIAN_POINT('',(1.656469201,1.168385164,0.851));
#6583 = CARTESIAN_POINT('',(1.668997201,1.131233164,0.851));
#6584 = ORIENTED_EDGE('',*,*,#6585,.T.);
#6585 = EDGE_CURVE('',#6577,#6586,#6588,.T.);
#6586 = VERTEX_POINT('',#6587);
#6587 = CARTESIAN_POINT('',(1.668997201,1.131233164,0.85));
#6588 = LINE('',#6589,#6590);
#6589 = CARTESIAN_POINT('',(1.668997201,1.131233164,0.851));
#6590 = VECTOR('',#6591,1.);
#6591 = DIRECTION('',(0.,0.,-1.));
#6592 = ORIENTED_EDGE('',*,*,#6593,.F.);
#6593 = EDGE_CURVE('',#6569,#6586,#6594,.T.);
#6594 = B_SPLINE_CURVE_WITH_KNOTS('',3,(#6595,#6596,#6597,#6598),
  .UNSPECIFIED.,.F.,.F.,(4,4),(0.666666667,0.714285714),
  .PIECEWISE_BEZIER_KNOTS.);
#6595 = CARTESIAN_POINT('',(1.551529201,1.159133164,0.85));
#6596 = CARTESIAN_POINT('',(1.581301201,1.153589164,0.85));
#6597 = CARTESIAN_POINT('',(1.656469201,1.168385164,0.85));
#6598 = CARTESIAN_POINT('',(1.668997201,1.131233164,0.85));
#6599 = B_SPLINE_SURFACE_WITH_KNOTS('',3,1,(
    (#6600,#6601)
    ,(#6602,#6603)
    ,(#6604,#6605)
    ,(#6606,#6607
    )),.UNSPECIFIED.,.F.,.F.,.F.,(4,4),(2,2),(0.666666667,0.714285714),(
    0.,1.),.PIECEWISE_BEZIER_KNOTS.);
#6600 = CARTESIAN_POINT('',(1.551529201,1.159133164,0.851));
#6601 = CARTESIAN_POINT('',(1.551529201,1.159133164,0.85));
#6602 = CARTESIAN_POINT('',(1.581301201,1.153589164,0.851));
#6603 = CARTESIAN_POINT('',(1.581301201,1.153589164,0.85));
#6604 = CARTESIAN_POINT('',(1.656469201,1.168385164,0.851));
#6605 = CARTESIAN_POINT('',(1.656469201,1.168385164,0.85));
#6606 = CARTESIAN_POINT('',(1.668997201,1.131233164,0.851));
#6607 = CARTESIAN_POINT('',(1.668997201,1.131233164,0.85));
#6608 = ADVANCED_FACE('',(#6609),#6636,.F.);
#6609 = FACE_BOUND('',#6610,.F.);
#6610 = EDGE_LOOP('',(#6611,#6612,#6621,#6629));
#6611 = ORIENTED_EDGE('',*,*,#6585,.F.);
#6612 = ORIENTED_EDGE('',*,*,#6613,.T.);
#6613 = EDGE_CURVE('',#6577,#6614,#6616,.T.);
#6614 = VERTEX_POINT('',#6615);
#6615 = CARTESIAN_POINT('',(1.505989201,1.163741164,0.851));
#6616 = B_SPLINE_CURVE_WITH_KNOTS('',3,(#6617,#6618,#6619,#6620),
  .UNSPECIFIED.,.F.,.F.,(4,4),(0.714285714,0.761904762),
  .PIECEWISE_BEZIER_KNOTS.);
#6617 = CARTESIAN_POINT('',(1.668997201,1.131233164,0.851));
#6618 = CARTESIAN_POINT('',(1.677565201,1.076585164,0.851));
#6619 = CARTESIAN_POINT('',(1.515277201,1.076801164,0.851));
#6620 = CARTESIAN_POINT('',(1.505989201,1.163741164,0.851));
#6621 = ORIENTED_EDGE('',*,*,#6622,.T.);
#6622 = EDGE_CURVE('',#6614,#6623,#6625,.T.);
#6623 = VERTEX_POINT('',#6624);
#6624 = CARTESIAN_POINT('',(1.505989201,1.163741164,0.85));
#6625 = LINE('',#6626,#6627);
#6626 = CARTESIAN_POINT('',(1.505989201,1.163741164,0.851));
#6627 = VECTOR('',#6628,1.);
#6628 = DIRECTION('',(0.,0.,-1.));
#6629 = ORIENTED_EDGE('',*,*,#6630,.F.);
#6630 = EDGE_CURVE('',#6586,#6623,#6631,.T.);
#6631 = B_SPLINE_CURVE_WITH_KNOTS('',3,(#6632,#6633,#6634,#6635),
  .UNSPECIFIED.,.F.,.F.,(4,4),(0.714285714,0.761904762),
  .PIECEWISE_BEZIER_KNOTS.);
#6632 = CARTESIAN_POINT('',(1.668997201,1.131233164,0.85));
#6633 = CARTESIAN_POINT('',(1.677565201,1.076585164,0.85));
#6634 = CARTESIAN_POINT('',(1.515277201,1.076801164,0.85));
#6635 = CARTESIAN_POINT('',(1.505989201,1.163741164,0.85));
#6636 = B_SPLINE_SURFACE_WITH_KNOTS('',3,1,(
    (#6637,#6638)
    ,(#6639,#6640)
    ,(#6641,#6642)
    ,(#6643,#6644
    )),.UNSPECIFIED.,.F.,.F.,.F.,(4,4),(2,2),(0.714285714,0.761904762),(
    0.,1.),.PIECEWISE_BEZIER_KNOTS.);
#6637 = CARTESIAN_POINT('',(1.668997201,1.131233164,0.851));
#6638 = CARTESIAN_POINT('',(1.668997201,1.131233164,0.85));
#6639 = CARTESIAN_POINT('',(1.677565201,1.076585164,0.851));
#6640 = CARTESIAN_POINT('',(1.677565201,1.076585164,0.85));
#6641 = CARTESIAN_POINT('',(1.515277201,1.076801164,0.851));
#6642 = CARTESIAN_POINT('',(1.515277201,1.076801164,0.85));
#6643 = CARTESIAN_POINT('',(1.505989201,1.163741164,0.851));
#6644 = CARTESIAN_POINT('',(1.505989201,1.163741164,0.85));
#6645 = ADVANCED_FACE('',(#6646),#6671,.F.);
#6646 = FACE_BOUND('',#6647,.T.);
#6647 = EDGE_LOOP('',(#6648,#6656,#6664,#6670));
#6648 = ORIENTED_EDGE('',*,*,#6649,.T.);
#6649 = EDGE_CURVE('',#6623,#6650,#6652,.T.);
#6650 = VERTEX_POINT('',#6651);
#6651 = CARTESIAN_POINT('',(1.471357201,1.162841164,0.85));
#6652 = LINE('',#6653,#6654);
#6653 = CARTESIAN_POINT('',(-2.815868783,1.051426767,0.85));
#6654 = VECTOR('',#6655,1.);
#6655 = DIRECTION('',(-0.999662495189,-2.597875500492E-02,0.));
#6656 = ORIENTED_EDGE('',*,*,#6657,.F.);
#6657 = EDGE_CURVE('',#6658,#6650,#6660,.T.);
#6658 = VERTEX_POINT('',#6659);
#6659 = CARTESIAN_POINT('',(1.471357201,1.162841164,0.851));
#6660 = LINE('',#6661,#6662);
#6661 = CARTESIAN_POINT('',(1.471357201,1.162841164,0.851));
#6662 = VECTOR('',#6663,1.);
#6663 = DIRECTION('',(0.,0.,-1.));
#6664 = ORIENTED_EDGE('',*,*,#6665,.F.);
#6665 = EDGE_CURVE('',#6614,#6658,#6666,.T.);
#6666 = LINE('',#6667,#6668);
#6667 = CARTESIAN_POINT('',(-2.815868783,1.051426767,0.851));
#6668 = VECTOR('',#6669,1.);
#6669 = DIRECTION('',(-0.999662495189,-2.597875500492E-02,0.));
#6670 = ORIENTED_EDGE('',*,*,#6622,.T.);
#6671 = PLANE('',#6672);
#6672 = AXIS2_PLACEMENT_3D('',#6673,#6674,#6675);
#6673 = CARTESIAN_POINT('',(-2.815868783,1.051426767,0.851));
#6674 = DIRECTION('',(2.597875500492E-02,-0.999662495189,0.));
#6675 = DIRECTION('',(0.999662495189,2.597875500492E-02,0.));
#6676 = ADVANCED_FACE('',(#6677),#6702,.F.);
#6677 = FACE_BOUND('',#6678,.T.);
#6678 = EDGE_LOOP('',(#6679,#6687,#6695,#6701));
#6679 = ORIENTED_EDGE('',*,*,#6680,.T.);
#6680 = EDGE_CURVE('',#6650,#6681,#6683,.T.);
#6681 = VERTEX_POINT('',#6682);
#6682 = CARTESIAN_POINT('',(1.471393201,1.053221164,0.85));
#6683 = LINE('',#6684,#6685);
#6684 = CARTESIAN_POINT('',(1.481558408,-29.899833193,0.85));
#6685 = VECTOR('',#6686,1.);
#6686 = DIRECTION('',(3.284072073244E-04,-0.999999946074,0.));
#6687 = ORIENTED_EDGE('',*,*,#6688,.F.);
#6688 = EDGE_CURVE('',#6689,#6681,#6691,.T.);
#6689 = VERTEX_POINT('',#6690);
#6690 = CARTESIAN_POINT('',(1.471393201,1.053221164,0.851));
#6691 = LINE('',#6692,#6693);
#6692 = CARTESIAN_POINT('',(1.471393201,1.053221164,0.851));
#6693 = VECTOR('',#6694,1.);
#6694 = DIRECTION('',(0.,0.,-1.));
#6695 = ORIENTED_EDGE('',*,*,#6696,.F.);
#6696 = EDGE_CURVE('',#6658,#6689,#6697,.T.);
#6697 = LINE('',#6698,#6699);
#6698 = CARTESIAN_POINT('',(1.481558408,-29.899833193,0.851));
#6699 = VECTOR('',#6700,1.);
#6700 = DIRECTION('',(3.284072073244E-04,-0.999999946074,0.));
#6701 = ORIENTED_EDGE('',*,*,#6657,.T.);
#6702 = PLANE('',#6703);
#6703 = AXIS2_PLACEMENT_3D('',#6704,#6705,#6706);
#6704 = CARTESIAN_POINT('',(1.481558408,-29.899833193,0.851));
#6705 = DIRECTION('',(0.999999946074,3.284072073244E-04,0.));
#6706 = DIRECTION('',(-3.284072073244E-04,0.999999946074,0.));
#6707 = ADVANCED_FACE('',(#6708),#6733,.F.);
#6708 = FACE_BOUND('',#6709,.T.);
#6709 = EDGE_LOOP('',(#6710,#6718,#6726,#6732));
#6710 = ORIENTED_EDGE('',*,*,#6711,.T.);
#6711 = EDGE_CURVE('',#6681,#6712,#6714,.T.);
#6712 = VERTEX_POINT('',#6713);
#6713 = CARTESIAN_POINT('',(1.512793201,1.053005164,0.85));
#6714 = LINE('',#6715,#6716);
#6715 = CARTESIAN_POINT('',(-1.849901708,1.070549659,0.85));
#6716 = VECTOR('',#6717,1.);
#6717 = DIRECTION('',(0.999986389693,-5.2173199984E-03,0.));
#6718 = ORIENTED_EDGE('',*,*,#6719,.F.);
#6719 = EDGE_CURVE('',#6720,#6712,#6722,.T.);
#6720 = VERTEX_POINT('',#6721);
#6721 = CARTESIAN_POINT('',(1.512793201,1.053005164,0.851));
#6722 = LINE('',#6723,#6724);
#6723 = CARTESIAN_POINT('',(1.512793201,1.053005164,0.851));
#6724 = VECTOR('',#6725,1.);
#6725 = DIRECTION('',(0.,0.,-1.));
#6726 = ORIENTED_EDGE('',*,*,#6727,.F.);
#6727 = EDGE_CURVE('',#6689,#6720,#6728,.T.);
#6728 = LINE('',#6729,#6730);
#6729 = CARTESIAN_POINT('',(-1.849901708,1.070549659,0.851));
#6730 = VECTOR('',#6731,1.);
#6731 = DIRECTION('',(0.999986389693,-5.2173199984E-03,0.));
#6732 = ORIENTED_EDGE('',*,*,#6688,.T.);
#6733 = PLANE('',#6734);
#6734 = AXIS2_PLACEMENT_3D('',#6735,#6736,#6737);
#6735 = CARTESIAN_POINT('',(-1.849901708,1.070549659,0.851));
#6736 = DIRECTION('',(5.2173199984E-03,0.999986389693,0.));
#6737 = DIRECTION('',(-0.999986389693,5.2173199984E-03,0.));
#6738 = ADVANCED_FACE('',(#6739),#6764,.F.);
#6739 = FACE_BOUND('',#6740,.T.);
#6740 = EDGE_LOOP('',(#6741,#6749,#6757,#6763));
#6741 = ORIENTED_EDGE('',*,*,#6742,.T.);
#6742 = EDGE_CURVE('',#6712,#6743,#6745,.T.);
#6743 = VERTEX_POINT('',#6744);
#6744 = CARTESIAN_POINT('',(1.512649201,1.079573164,0.85));
#6745 = LINE('',#6746,#6747);
#6746 = CARTESIAN_POINT('',(1.680457022,-29.880969771,0.85));
#6747 = VECTOR('',#6748,1.);
#6748 = DIRECTION('',(-5.419974999066E-03,0.999985311828,0.));
#6749 = ORIENTED_EDGE('',*,*,#6750,.F.);
#6750 = EDGE_CURVE('',#6751,#6743,#6753,.T.);
#6751 = VERTEX_POINT('',#6752);
#6752 = CARTESIAN_POINT('',(1.512649201,1.079573164,0.851));
#6753 = LINE('',#6754,#6755);
#6754 = CARTESIAN_POINT('',(1.512649201,1.079573164,0.851));
#6755 = VECTOR('',#6756,1.);
#6756 = DIRECTION('',(0.,0.,-1.));
#6757 = ORIENTED_EDGE('',*,*,#6758,.F.);
#6758 = EDGE_CURVE('',#6720,#6751,#6759,.T.);
#6759 = LINE('',#6760,#6761);
#6760 = CARTESIAN_POINT('',(1.680457022,-29.880969771,0.851));
#6761 = VECTOR('',#6762,1.);
#6762 = DIRECTION('',(-5.419974999066E-03,0.999985311828,0.));
#6763 = ORIENTED_EDGE('',*,*,#6719,.T.);
#6764 = PLANE('',#6765);
#6765 = AXIS2_PLACEMENT_3D('',#6766,#6767,#6768);
#6766 = CARTESIAN_POINT('',(1.680457022,-29.880969771,0.851));
#6767 = DIRECTION('',(-0.999985311828,-5.419974999066E-03,0.));
#6768 = DIRECTION('',(5.419974999066E-03,-0.999985311828,0.));
#6769 = ADVANCED_FACE('',(#6770),#6797,.F.);
#6770 = FACE_BOUND('',#6771,.F.);
#6771 = EDGE_LOOP('',(#6772,#6773,#6782,#6790));
#6772 = ORIENTED_EDGE('',*,*,#6750,.F.);
#6773 = ORIENTED_EDGE('',*,*,#6774,.T.);
#6774 = EDGE_CURVE('',#6751,#6775,#6777,.T.);
#6775 = VERTEX_POINT('',#6776);
#6776 = CARTESIAN_POINT('',(1.671805201,1.054661164,0.851));
#6777 = B_SPLINE_CURVE_WITH_KNOTS('',3,(#6778,#6779,#6780,#6781),
  .UNSPECIFIED.,.F.,.F.,(4,4),(0.,4.7619048E-02),
  .PIECEWISE_BEZIER_KNOTS.);
#6778 = CARTESIAN_POINT('',(1.512649201,1.079573164,0.851));
#6779 = CARTESIAN_POINT('',(1.557361201,1.038029164,0.851));
#6780 = CARTESIAN_POINT('',(1.613917201,1.028165164,0.851));
#6781 = CARTESIAN_POINT('',(1.671805201,1.054661164,0.851));
#6782 = ORIENTED_EDGE('',*,*,#6783,.T.);
#6783 = EDGE_CURVE('',#6775,#6784,#6786,.T.);
#6784 = VERTEX_POINT('',#6785);
#6785 = CARTESIAN_POINT('',(1.671805201,1.054661164,0.85));
#6786 = LINE('',#6787,#6788);
#6787 = CARTESIAN_POINT('',(1.671805201,1.054661164,0.851));
#6788 = VECTOR('',#6789,1.);
#6789 = DIRECTION('',(0.,0.,-1.));
#6790 = ORIENTED_EDGE('',*,*,#6791,.F.);
#6791 = EDGE_CURVE('',#6743,#6784,#6792,.T.);
#6792 = B_SPLINE_CURVE_WITH_KNOTS('',3,(#6793,#6794,#6795,#6796),
  .UNSPECIFIED.,.F.,.F.,(4,4),(0.,4.7619048E-02),
  .PIECEWISE_BEZIER_KNOTS.);
#6793 = CARTESIAN_POINT('',(1.512649201,1.079573164,0.85));
#6794 = CARTESIAN_POINT('',(1.557361201,1.038029164,0.85));
#6795 = CARTESIAN_POINT('',(1.613917201,1.028165164,0.85));
#6796 = CARTESIAN_POINT('',(1.671805201,1.054661164,0.85));
#6797 = B_SPLINE_SURFACE_WITH_KNOTS('',3,1,(
    (#6798,#6799)
    ,(#6800,#6801)
    ,(#6802,#6803)
    ,(#6804,#6805
    )),.UNSPECIFIED.,.F.,.F.,.F.,(4,4),(2,2),(0.,4.7619048E-02),(0.,1.),
  .PIECEWISE_BEZIER_KNOTS.);
#6798 = CARTESIAN_POINT('',(1.512649201,1.079573164,0.851));
#6799 = CARTESIAN_POINT('',(1.512649201,1.079573164,0.85));
#6800 = CARTESIAN_POINT('',(1.557361201,1.038029164,0.851));
#6801 = CARTESIAN_POINT('',(1.557361201,1.038029164,0.85));
#6802 = CARTESIAN_POINT('',(1.613917201,1.028165164,0.851));
#6803 = CARTESIAN_POINT('',(1.613917201,1.028165164,0.85));
#6804 = CARTESIAN_POINT('',(1.671805201,1.054661164,0.851));
#6805 = CARTESIAN_POINT('',(1.671805201,1.054661164,0.85));
#6806 = ADVANCED_FACE('',(#6807),#6834,.F.);
#6807 = FACE_BOUND('',#6808,.F.);
#6808 = EDGE_LOOP('',(#6809,#6810,#6819,#6827));
#6809 = ORIENTED_EDGE('',*,*,#6783,.F.);
#6810 = ORIENTED_EDGE('',*,*,#6811,.T.);
#6811 = EDGE_CURVE('',#6775,#6812,#6814,.T.);
#6812 = VERTEX_POINT('',#6813);
#6813 = CARTESIAN_POINT('',(1.668745201,1.202909164,0.851));
#6814 = B_SPLINE_CURVE_WITH_KNOTS('',3,(#6815,#6816,#6817,#6818),
  .UNSPECIFIED.,.F.,.F.,(4,4),(4.7619048E-02,9.5238095E-02),
  .PIECEWISE_BEZIER_KNOTS.);
#6815 = CARTESIAN_POINT('',(1.671805201,1.054661164,0.851));
#6816 = CARTESIAN_POINT('',(1.740493201,1.086053164,0.851));
#6817 = CARTESIAN_POINT('',(1.732033201,1.172417164,0.851));
#6818 = CARTESIAN_POINT('',(1.668745201,1.202909164,0.851));
#6819 = ORIENTED_EDGE('',*,*,#6820,.T.);
#6820 = EDGE_CURVE('',#6812,#6821,#6823,.T.);
#6821 = VERTEX_POINT('',#6822);
#6822 = CARTESIAN_POINT('',(1.668745201,1.202909164,0.85));
#6823 = LINE('',#6824,#6825);
#6824 = CARTESIAN_POINT('',(1.668745201,1.202909164,0.851));
#6825 = VECTOR('',#6826,1.);
#6826 = DIRECTION('',(0.,0.,-1.));
#6827 = ORIENTED_EDGE('',*,*,#6828,.F.);
#6828 = EDGE_CURVE('',#6784,#6821,#6829,.T.);
#6829 = B_SPLINE_CURVE_WITH_KNOTS('',3,(#6830,#6831,#6832,#6833),
  .UNSPECIFIED.,.F.,.F.,(4,4),(4.7619048E-02,9.5238095E-02),
  .PIECEWISE_BEZIER_KNOTS.);
#6830 = CARTESIAN_POINT('',(1.671805201,1.054661164,0.85));
#6831 = CARTESIAN_POINT('',(1.740493201,1.086053164,0.85));
#6832 = CARTESIAN_POINT('',(1.732033201,1.172417164,0.85));
#6833 = CARTESIAN_POINT('',(1.668745201,1.202909164,0.85));
#6834 = B_SPLINE_SURFACE_WITH_KNOTS('',3,1,(
    (#6835,#6836)
    ,(#6837,#6838)
    ,(#6839,#6840)
    ,(#6841,#6842
    )),.UNSPECIFIED.,.F.,.F.,.F.,(4,4),(2,2),(4.7619048E-02,
    9.5238095E-02),(0.,1.),.PIECEWISE_BEZIER_KNOTS.);
#6835 = CARTESIAN_POINT('',(1.671805201,1.054661164,0.851));
#6836 = CARTESIAN_POINT('',(1.671805201,1.054661164,0.85));
#6837 = CARTESIAN_POINT('',(1.740493201,1.086053164,0.851));
#6838 = CARTESIAN_POINT('',(1.740493201,1.086053164,0.85));
#6839 = CARTESIAN_POINT('',(1.732033201,1.172417164,0.851));
#6840 = CARTESIAN_POINT('',(1.732033201,1.172417164,0.85));
#6841 = CARTESIAN_POINT('',(1.668745201,1.202909164,0.851));
#6842 = CARTESIAN_POINT('',(1.668745201,1.202909164,0.85));
#6843 = ADVANCED_FACE('',(#6844),#6871,.F.);
#6844 = FACE_BOUND('',#6845,.F.);
#6845 = EDGE_LOOP('',(#6846,#6847,#6856,#6864));
#6846 = ORIENTED_EDGE('',*,*,#6820,.F.);
#6847 = ORIENTED_EDGE('',*,*,#6848,.T.);
#6848 = EDGE_CURVE('',#6812,#6849,#6851,.T.);
#6849 = VERTEX_POINT('',#6850);
#6850 = CARTESIAN_POINT('',(1.580833201,1.213565164,0.851));
#6851 = B_SPLINE_CURVE_WITH_KNOTS('',3,(#6852,#6853,#6854,#6855),
  .UNSPECIFIED.,.F.,.F.,(4,4),(9.5238095E-02,0.142857143),
  .PIECEWISE_BEZIER_KNOTS.);
#6852 = CARTESIAN_POINT('',(1.668745201,1.202909164,0.851));
#6853 = CARTESIAN_POINT('',(1.640305201,1.216625164,0.851));
#6854 = CARTESIAN_POINT('',(1.611253201,1.214213164,0.851));
#6855 = CARTESIAN_POINT('',(1.580833201,1.213565164,0.851));
#6856 = ORIENTED_EDGE('',*,*,#6857,.T.);
#6857 = EDGE_CURVE('',#6849,#6858,#6860,.T.);
#6858 = VERTEX_POINT('',#6859);
#6859 = CARTESIAN_POINT('',(1.580833201,1.213565164,0.85));
#6860 = LINE('',#6861,#6862);
#6861 = CARTESIAN_POINT('',(1.580833201,1.213565164,0.851));
#6862 = VECTOR('',#6863,1.);
#6863 = DIRECTION('',(0.,0.,-1.));
#6864 = ORIENTED_EDGE('',*,*,#6865,.F.);
#6865 = EDGE_CURVE('',#6821,#6858,#6866,.T.);
#6866 = B_SPLINE_CURVE_WITH_KNOTS('',3,(#6867,#6868,#6869,#6870),
  .UNSPECIFIED.,.F.,.F.,(4,4),(9.5238095E-02,0.142857143),
  .PIECEWISE_BEZIER_KNOTS.);
#6867 = CARTESIAN_POINT('',(1.668745201,1.202909164,0.85));
#6868 = CARTESIAN_POINT('',(1.640305201,1.216625164,0.85));
#6869 = CARTESIAN_POINT('',(1.611253201,1.214213164,0.85));
#6870 = CARTESIAN_POINT('',(1.580833201,1.213565164,0.85));
#6871 = B_SPLINE_SURFACE_WITH_KNOTS('',3,1,(
    (#6872,#6873)
    ,(#6874,#6875)
    ,(#6876,#6877)
    ,(#6878,#6879
    )),.UNSPECIFIED.,.F.,.F.,.F.,(4,4),(2,2),(9.5238095E-02,0.142857143)
  ,(0.,1.),.PIECEWISE_BEZIER_KNOTS.);
#6872 = CARTESIAN_POINT('',(1.668745201,1.202909164,0.851));
#6873 = CARTESIAN_POINT('',(1.668745201,1.202909164,0.85));
#6874 = CARTESIAN_POINT('',(1.640305201,1.216625164,0.851));
#6875 = CARTESIAN_POINT('',(1.640305201,1.216625164,0.85));
#6876 = CARTESIAN_POINT('',(1.611253201,1.214213164,0.851));
#6877 = CARTESIAN_POINT('',(1.611253201,1.214213164,0.85));
#6878 = CARTESIAN_POINT('',(1.580833201,1.213565164,0.851));
#6879 = CARTESIAN_POINT('',(1.580833201,1.213565164,0.85));
#6880 = ADVANCED_FACE('',(#6881),#6908,.F.);
#6881 = FACE_BOUND('',#6882,.F.);
#6882 = EDGE_LOOP('',(#6883,#6884,#6893,#6901));
#6883 = ORIENTED_EDGE('',*,*,#6857,.F.);
#6884 = ORIENTED_EDGE('',*,*,#6885,.T.);
#6885 = EDGE_CURVE('',#6849,#6886,#6888,.T.);
#6886 = VERTEX_POINT('',#6887);
#6887 = CARTESIAN_POINT('',(1.537201201,1.222709164,0.851));
#6888 = B_SPLINE_CURVE_WITH_KNOTS('',3,(#6889,#6890,#6891,#6892),
  .UNSPECIFIED.,.F.,.F.,(4,4),(0.142857143,0.19047619),
  .PIECEWISE_BEZIER_KNOTS.);
#6889 = CARTESIAN_POINT('',(1.580833201,1.213565164,0.851));
#6890 = CARTESIAN_POINT('',(1.566181201,1.213241164,0.851));
#6891 = CARTESIAN_POINT('',(1.550233201,1.213277164,0.851));
#6892 = CARTESIAN_POINT('',(1.537201201,1.222709164,0.851));
#6893 = ORIENTED_EDGE('',*,*,#6894,.T.);
#6894 = EDGE_CURVE('',#6886,#6895,#6897,.T.);
#6895 = VERTEX_POINT('',#6896);
#6896 = CARTESIAN_POINT('',(1.537201201,1.222709164,0.85));
#6897 = LINE('',#6898,#6899);
#6898 = CARTESIAN_POINT('',(1.537201201,1.222709164,0.851));
#6899 = VECTOR('',#6900,1.);
#6900 = DIRECTION('',(0.,0.,-1.));
#6901 = ORIENTED_EDGE('',*,*,#6902,.F.);
#6902 = EDGE_CURVE('',#6858,#6895,#6903,.T.);
#6903 = B_SPLINE_CURVE_WITH_KNOTS('',3,(#6904,#6905,#6906,#6907),
  .UNSPECIFIED.,.F.,.F.,(4,4),(0.142857143,0.19047619),
  .PIECEWISE_BEZIER_KNOTS.);
#6904 = CARTESIAN_POINT('',(1.580833201,1.213565164,0.85));
#6905 = CARTESIAN_POINT('',(1.566181201,1.213241164,0.85));
#6906 = CARTESIAN_POINT('',(1.550233201,1.213277164,0.85));
#6907 = CARTESIAN_POINT('',(1.537201201,1.222709164,0.85));
#6908 = B_SPLINE_SURFACE_WITH_KNOTS('',3,1,(
    (#6909,#6910)
    ,(#6911,#6912)
    ,(#6913,#6914)
    ,(#6915,#6916
    )),.UNSPECIFIED.,.F.,.F.,.F.,(4,4),(2,2),(0.142857143,0.19047619),(
    0.,1.),.PIECEWISE_BEZIER_KNOTS.);
#6909 = CARTESIAN_POINT('',(1.580833201,1.213565164,0.851));
#6910 = CARTESIAN_POINT('',(1.580833201,1.213565164,0.85));
#6911 = CARTESIAN_POINT('',(1.566181201,1.213241164,0.851));
#6912 = CARTESIAN_POINT('',(1.566181201,1.213241164,0.85));
#6913 = CARTESIAN_POINT('',(1.550233201,1.213277164,0.851));
#6914 = CARTESIAN_POINT('',(1.550233201,1.213277164,0.85));
#6915 = CARTESIAN_POINT('',(1.537201201,1.222709164,0.851));
#6916 = CARTESIAN_POINT('',(1.537201201,1.222709164,0.85));
#6917 = ADVANCED_FACE('',(#6918),#6945,.F.);
#6918 = FACE_BOUND('',#6919,.F.);
#6919 = EDGE_LOOP('',(#6920,#6921,#6930,#6938));
#6920 = ORIENTED_EDGE('',*,*,#6894,.F.);
#6921 = ORIENTED_EDGE('',*,*,#6922,.T.);
#6922 = EDGE_CURVE('',#6886,#6923,#6925,.T.);
#6923 = VERTEX_POINT('',#6924);
#6924 = CARTESIAN_POINT('',(1.538497201,1.262381164,0.851));
#6925 = B_SPLINE_CURVE_WITH_KNOTS('',3,(#6926,#6927,#6928,#6929),
  .UNSPECIFIED.,.F.,.F.,(4,4),(0.19047619,0.238095238),
  .PIECEWISE_BEZIER_KNOTS.);
#6926 = CARTESIAN_POINT('',(1.537201201,1.222709164,0.851));
#6927 = CARTESIAN_POINT('',(1.522945201,1.233005164,0.851));
#6928 = CARTESIAN_POINT('',(1.525357201,1.251077164,0.851));
#6929 = CARTESIAN_POINT('',(1.538497201,1.262381164,0.851));
#6930 = ORIENTED_EDGE('',*,*,#6931,.T.);
#6931 = EDGE_CURVE('',#6923,#6932,#6934,.T.);
#6932 = VERTEX_POINT('',#6933);
#6933 = CARTESIAN_POINT('',(1.538497201,1.262381164,0.85));
#6934 = LINE('',#6935,#6936);
#6935 = CARTESIAN_POINT('',(1.538497201,1.262381164,0.851));
#6936 = VECTOR('',#6937,1.);
#6937 = DIRECTION('',(0.,0.,-1.));
#6938 = ORIENTED_EDGE('',*,*,#6939,.F.);
#6939 = EDGE_CURVE('',#6895,#6932,#6940,.T.);
#6940 = B_SPLINE_CURVE_WITH_KNOTS('',3,(#6941,#6942,#6943,#6944),
  .UNSPECIFIED.,.F.,.F.,(4,4),(0.19047619,0.238095238),
  .PIECEWISE_BEZIER_KNOTS.);
#6941 = CARTESIAN_POINT('',(1.537201201,1.222709164,0.85));
#6942 = CARTESIAN_POINT('',(1.522945201,1.233005164,0.85));
#6943 = CARTESIAN_POINT('',(1.525357201,1.251077164,0.85));
#6944 = CARTESIAN_POINT('',(1.538497201,1.262381164,0.85));
#6945 = B_SPLINE_SURFACE_WITH_KNOTS('',3,1,(
    (#6946,#6947)
    ,(#6948,#6949)
    ,(#6950,#6951)
    ,(#6952,#6953
    )),.UNSPECIFIED.,.F.,.F.,.F.,(4,4),(2,2),(0.19047619,0.238095238),(
    0.,1.),.PIECEWISE_BEZIER_KNOTS.);
#6946 = CARTESIAN_POINT('',(1.537201201,1.222709164,0.851));
#6947 = CARTESIAN_POINT('',(1.537201201,1.222709164,0.85));
#6948 = CARTESIAN_POINT('',(1.522945201,1.233005164,0.851));
#6949 = CARTESIAN_POINT('',(1.522945201,1.233005164,0.85));
#6950 = CARTESIAN_POINT('',(1.525357201,1.251077164,0.851));
#6951 = CARTESIAN_POINT('',(1.525357201,1.251077164,0.85));
#6952 = CARTESIAN_POINT('',(1.538497201,1.262381164,0.851));
#6953 = CARTESIAN_POINT('',(1.538497201,1.262381164,0.85));
#6954 = ADVANCED_FACE('',(#6955),#6982,.F.);
#6955 = FACE_BOUND('',#6956,.F.);
#6956 = EDGE_LOOP('',(#6957,#6958,#6967,#6975));
#6957 = ORIENTED_EDGE('',*,*,#6931,.F.);
#6958 = ORIENTED_EDGE('',*,*,#6959,.T.);
#6959 = EDGE_CURVE('',#6923,#6960,#6962,.T.);
#6960 = VERTEX_POINT('',#6961);
#6961 = CARTESIAN_POINT('',(1.671517201,1.233293164,0.851));
#6962 = B_SPLINE_CURVE_WITH_KNOTS('',3,(#6963,#6964,#6965,#6966),
  .UNSPECIFIED.,.F.,.F.,(4,4),(0.238095238,0.285714286),
  .PIECEWISE_BEZIER_KNOTS.);
#6963 = CARTESIAN_POINT('',(1.538497201,1.262381164,0.851));
#6964 = CARTESIAN_POINT('',(1.564201201,1.284485164,0.851));
#6965 = CARTESIAN_POINT('',(1.644553201,1.282541164,0.851));
#6966 = CARTESIAN_POINT('',(1.671517201,1.233293164,0.851));
#6967 = ORIENTED_EDGE('',*,*,#6968,.T.);
#6968 = EDGE_CURVE('',#6960,#6969,#6971,.T.);
#6969 = VERTEX_POINT('',#6970);
#6970 = CARTESIAN_POINT('',(1.671517201,1.233293164,0.85));
#6971 = LINE('',#6972,#6973);
#6972 = CARTESIAN_POINT('',(1.671517201,1.233293164,0.851));
#6973 = VECTOR('',#6974,1.);
#6974 = DIRECTION('',(0.,0.,-1.));
#6975 = ORIENTED_EDGE('',*,*,#6976,.F.);
#6976 = EDGE_CURVE('',#6932,#6969,#6977,.T.);
#6977 = B_SPLINE_CURVE_WITH_KNOTS('',3,(#6978,#6979,#6980,#6981),
  .UNSPECIFIED.,.F.,.F.,(4,4),(0.238095238,0.285714286),
  .PIECEWISE_BEZIER_KNOTS.);
#6978 = CARTESIAN_POINT('',(1.538497201,1.262381164,0.85));
#6979 = CARTESIAN_POINT('',(1.564201201,1.284485164,0.85));
#6980 = CARTESIAN_POINT('',(1.644553201,1.282541164,0.85));
#6981 = CARTESIAN_POINT('',(1.671517201,1.233293164,0.85));
#6982 = B_SPLINE_SURFACE_WITH_KNOTS('',3,1,(
    (#6983,#6984)
    ,(#6985,#6986)
    ,(#6987,#6988)
    ,(#6989,#6990
    )),.UNSPECIFIED.,.F.,.F.,.F.,(4,4),(2,2),(0.238095238,0.285714286),(
    0.,1.),.PIECEWISE_BEZIER_KNOTS.);
#6983 = CARTESIAN_POINT('',(1.538497201,1.262381164,0.851));
#6984 = CARTESIAN_POINT('',(1.538497201,1.262381164,0.85));
#6985 = CARTESIAN_POINT('',(1.564201201,1.284485164,0.851));
#6986 = CARTESIAN_POINT('',(1.564201201,1.284485164,0.85));
#6987 = CARTESIAN_POINT('',(1.644553201,1.282541164,0.851));
#6988 = CARTESIAN_POINT('',(1.644553201,1.282541164,0.85));
#6989 = CARTESIAN_POINT('',(1.671517201,1.233293164,0.851));
#6990 = CARTESIAN_POINT('',(1.671517201,1.233293164,0.85));
#6991 = ADVANCED_FACE('',(#6992),#7019,.F.);
#6992 = FACE_BOUND('',#6993,.F.);
#6993 = EDGE_LOOP('',(#6994,#6995,#7004,#7012));
#6994 = ORIENTED_EDGE('',*,*,#6968,.F.);
#6995 = ORIENTED_EDGE('',*,*,#6996,.T.);
#6996 = EDGE_CURVE('',#6960,#6997,#6999,.T.);
#6997 = VERTEX_POINT('',#6998);
#6998 = CARTESIAN_POINT('',(1.679833201,1.208273164,0.851));
#6999 = B_SPLINE_CURVE_WITH_KNOTS('',3,(#7000,#7001,#7002,#7003),
  .UNSPECIFIED.,.F.,.F.,(4,4),(0.285714286,0.333333333),
  .PIECEWISE_BEZIER_KNOTS.);
#7000 = CARTESIAN_POINT('',(1.671517201,1.233293164,0.851));
#7001 = CARTESIAN_POINT('',(1.677349201,1.222673164,0.851));
#7002 = CARTESIAN_POINT('',(1.676017201,1.218425164,0.851));
#7003 = CARTESIAN_POINT('',(1.679833201,1.208273164,0.851));
#7004 = ORIENTED_EDGE('',*,*,#7005,.T.);
#7005 = EDGE_CURVE('',#6997,#7006,#7008,.T.);
#7006 = VERTEX_POINT('',#7007);
#7007 = CARTESIAN_POINT('',(1.679833201,1.208273164,0.85));
#7008 = LINE('',#7009,#7010);
#7009 = CARTESIAN_POINT('',(1.679833201,1.208273164,0.851));
#7010 = VECTOR('',#7011,1.);
#7011 = DIRECTION('',(0.,0.,-1.));
#7012 = ORIENTED_EDGE('',*,*,#7013,.F.);
#7013 = EDGE_CURVE('',#6969,#7006,#7014,.T.);
#7014 = B_SPLINE_CURVE_WITH_KNOTS('',3,(#7015,#7016,#7017,#7018),
  .UNSPECIFIED.,.F.,.F.,(4,4),(0.285714286,0.333333333),
  .PIECEWISE_BEZIER_KNOTS.);
#7015 = CARTESIAN_POINT('',(1.671517201,1.233293164,0.85));
#7016 = CARTESIAN_POINT('',(1.677349201,1.222673164,0.85));
#7017 = CARTESIAN_POINT('',(1.676017201,1.218425164,0.85));
#7018 = CARTESIAN_POINT('',(1.679833201,1.208273164,0.85));
#7019 = B_SPLINE_SURFACE_WITH_KNOTS('',3,1,(
    (#7020,#7021)
    ,(#7022,#7023)
    ,(#7024,#7025)
    ,(#7026,#7027
    )),.UNSPECIFIED.,.F.,.F.,.F.,(4,4),(2,2),(0.285714286,0.333333333),(
    0.,1.),.PIECEWISE_BEZIER_KNOTS.);
#7020 = CARTESIAN_POINT('',(1.671517201,1.233293164,0.851));
#7021 = CARTESIAN_POINT('',(1.671517201,1.233293164,0.85));
#7022 = CARTESIAN_POINT('',(1.677349201,1.222673164,0.851));
#7023 = CARTESIAN_POINT('',(1.677349201,1.222673164,0.85));
#7024 = CARTESIAN_POINT('',(1.676017201,1.218425164,0.851));
#7025 = CARTESIAN_POINT('',(1.676017201,1.218425164,0.85));
#7026 = CARTESIAN_POINT('',(1.679833201,1.208273164,0.851));
#7027 = CARTESIAN_POINT('',(1.679833201,1.208273164,0.85));
#7028 = ADVANCED_FACE('',(#7029),#7054,.F.);
#7029 = FACE_BOUND('',#7030,.T.);
#7030 = EDGE_LOOP('',(#7031,#7039,#7047,#7053));
#7031 = ORIENTED_EDGE('',*,*,#7032,.T.);
#7032 = EDGE_CURVE('',#7006,#7033,#7035,.T.);
#7033 = VERTEX_POINT('',#7034);
#7034 = CARTESIAN_POINT('',(1.714969201,1.210181164,0.85));
#7035 = LINE('',#7036,#7037);
#7036 = CARTESIAN_POINT('',(-3.685006675,0.916944769,0.85));
#7037 = VECTOR('',#7038,1.);
#7038 = DIRECTION('',(0.998528829872,5.422338899306E-02,0.));
#7039 = ORIENTED_EDGE('',*,*,#7040,.F.);
#7040 = EDGE_CURVE('',#7041,#7033,#7043,.T.);
#7041 = VERTEX_POINT('',#7042);
#7042 = CARTESIAN_POINT('',(1.714969201,1.210181164,0.851));
#7043 = LINE('',#7044,#7045);
#7044 = CARTESIAN_POINT('',(1.714969201,1.210181164,0.851));
#7045 = VECTOR('',#7046,1.);
#7046 = DIRECTION('',(0.,0.,-1.));
#7047 = ORIENTED_EDGE('',*,*,#7048,.F.);
#7048 = EDGE_CURVE('',#6997,#7041,#7049,.T.);
#7049 = LINE('',#7050,#7051);
#7050 = CARTESIAN_POINT('',(-3.685006675,0.916944769,0.851));
#7051 = VECTOR('',#7052,1.);
#7052 = DIRECTION('',(0.998528829872,5.422338899306E-02,0.));
#7053 = ORIENTED_EDGE('',*,*,#7005,.T.);
#7054 = PLANE('',#7055);
#7055 = AXIS2_PLACEMENT_3D('',#7056,#7057,#7058);
#7056 = CARTESIAN_POINT('',(-3.685006675,0.916944769,0.851));
#7057 = DIRECTION('',(-5.422338899306E-02,0.998528829872,0.));
#7058 = DIRECTION('',(-0.998528829872,-5.422338899306E-02,0.));
#7059 = ADVANCED_FACE('',(#7060),#7085,.F.);
#7060 = FACE_BOUND('',#7061,.T.);
#7061 = EDGE_LOOP('',(#7062,#7070,#7078,#7084));
#7062 = ORIENTED_EDGE('',*,*,#7063,.T.);
#7063 = EDGE_CURVE('',#7033,#7064,#7066,.T.);
#7064 = VERTEX_POINT('',#7065);
#7065 = CARTESIAN_POINT('',(1.715005201,1.312025164,0.85));
#7066 = LINE('',#7067,#7068);
#7067 = CARTESIAN_POINT('',(1.703971508,-29.902293685,0.85));
#7068 = VECTOR('',#7069,1.);
#7069 = DIRECTION('',(3.534817734322E-04,0.999999937525,0.));
#7070 = ORIENTED_EDGE('',*,*,#7071,.F.);
#7071 = EDGE_CURVE('',#7072,#7064,#7074,.T.);
#7072 = VERTEX_POINT('',#7073);
#7073 = CARTESIAN_POINT('',(1.715005201,1.312025164,0.851));
#7074 = LINE('',#7075,#7076);
#7075 = CARTESIAN_POINT('',(1.715005201,1.312025164,0.851));
#7076 = VECTOR('',#7077,1.);
#7077 = DIRECTION('',(0.,0.,-1.));
#7078 = ORIENTED_EDGE('',*,*,#7079,.F.);
#7079 = EDGE_CURVE('',#7041,#7072,#7080,.T.);
#7080 = LINE('',#7081,#7082);
#7081 = CARTESIAN_POINT('',(1.703971508,-29.902293685,0.851));
#7082 = VECTOR('',#7083,1.);
#7083 = DIRECTION('',(3.534817734322E-04,0.999999937525,0.));
#7084 = ORIENTED_EDGE('',*,*,#7040,.T.);
#7085 = PLANE('',#7086);
#7086 = AXIS2_PLACEMENT_3D('',#7087,#7088,#7089);
#7087 = CARTESIAN_POINT('',(1.703971508,-29.902293685,0.851));
#7088 = DIRECTION('',(-0.999999937525,3.534817734322E-04,0.));
#7089 = DIRECTION('',(-3.534817734322E-04,-0.999999937525,0.));
#7090 = ADVANCED_FACE('',(#7091),#7118,.F.);
#7091 = FACE_BOUND('',#7092,.F.);
#7092 = EDGE_LOOP('',(#7093,#7094,#7103,#7111));
#7093 = ORIENTED_EDGE('',*,*,#7071,.F.);
#7094 = ORIENTED_EDGE('',*,*,#7095,.T.);
#7095 = EDGE_CURVE('',#7072,#7096,#7098,.T.);
#7096 = VERTEX_POINT('',#7097);
#7097 = CARTESIAN_POINT('',(1.676989201,1.314077164,0.851));
#7098 = B_SPLINE_CURVE_WITH_KNOTS('',3,(#7099,#7100,#7101,#7102),
  .UNSPECIFIED.,.F.,.F.,(4,4),(0.428571429,0.476190476),
  .PIECEWISE_BEZIER_KNOTS.);
#7099 = CARTESIAN_POINT('',(1.715005201,1.312025164,0.851));
#7100 = CARTESIAN_POINT('',(1.704781201,1.316777164,0.851));
#7101 = CARTESIAN_POINT('',(1.688221201,1.313753164,0.851));
#7102 = CARTESIAN_POINT('',(1.676989201,1.314077164,0.851));
#7103 = ORIENTED_EDGE('',*,*,#7104,.T.);
#7104 = EDGE_CURVE('',#7096,#7105,#7107,.T.);
#7105 = VERTEX_POINT('',#7106);
#7106 = CARTESIAN_POINT('',(1.676989201,1.314077164,0.85));
#7107 = LINE('',#7108,#7109);
#7108 = CARTESIAN_POINT('',(1.676989201,1.314077164,0.851));
#7109 = VECTOR('',#7110,1.);
#7110 = DIRECTION('',(0.,0.,-1.));
#7111 = ORIENTED_EDGE('',*,*,#7112,.F.);
#7112 = EDGE_CURVE('',#7064,#7105,#7113,.T.);
#7113 = B_SPLINE_CURVE_WITH_KNOTS('',3,(#7114,#7115,#7116,#7117),
  .UNSPECIFIED.,.F.,.F.,(4,4),(0.428571429,0.476190476),
  .PIECEWISE_BEZIER_KNOTS.);
#7114 = CARTESIAN_POINT('',(1.715005201,1.312025164,0.85));
#7115 = CARTESIAN_POINT('',(1.704781201,1.316777164,0.85));
#7116 = CARTESIAN_POINT('',(1.688221201,1.313753164,0.85));
#7117 = CARTESIAN_POINT('',(1.676989201,1.314077164,0.85));
#7118 = B_SPLINE_SURFACE_WITH_KNOTS('',3,1,(
    (#7119,#7120)
    ,(#7121,#7122)
    ,(#7123,#7124)
    ,(#7125,#7126
    )),.UNSPECIFIED.,.F.,.F.,.F.,(4,4),(2,2),(0.428571429,0.476190476),(
    0.,1.),.PIECEWISE_BEZIER_KNOTS.);
#7119 = CARTESIAN_POINT('',(1.715005201,1.312025164,0.851));
#7120 = CARTESIAN_POINT('',(1.715005201,1.312025164,0.85));
#7121 = CARTESIAN_POINT('',(1.704781201,1.316777164,0.851));
#7122 = CARTESIAN_POINT('',(1.704781201,1.316777164,0.85));
#7123 = CARTESIAN_POINT('',(1.688221201,1.313753164,0.851));
#7124 = CARTESIAN_POINT('',(1.688221201,1.313753164,0.85));
#7125 = CARTESIAN_POINT('',(1.676989201,1.314077164,0.851));
#7126 = CARTESIAN_POINT('',(1.676989201,1.314077164,0.85));
#7127 = ADVANCED_FACE('',(#7128),#7153,.F.);
#7128 = FACE_BOUND('',#7129,.T.);
#7129 = EDGE_LOOP('',(#7130,#7138,#7146,#7152));
#7130 = ORIENTED_EDGE('',*,*,#7131,.T.);
#7131 = EDGE_CURVE('',#7105,#7132,#7134,.T.);
#7132 = VERTEX_POINT('',#7133);
#7133 = CARTESIAN_POINT('',(1.677025201,1.288481164,0.85));
#7134 = LINE('',#7135,#7136);
#7135 = CARTESIAN_POINT('',(1.720884852,-29.89573086,0.85));
#7136 = VECTOR('',#7137,1.);
#7137 = DIRECTION('',(1.406467999892E-03,-0.999999010923,0.));
#7138 = ORIENTED_EDGE('',*,*,#7139,.F.);
#7139 = EDGE_CURVE('',#7140,#7132,#7142,.T.);
#7140 = VERTEX_POINT('',#7141);
#7141 = CARTESIAN_POINT('',(1.677025201,1.288481164,0.851));
#7142 = LINE('',#7143,#7144);
#7143 = CARTESIAN_POINT('',(1.677025201,1.288481164,0.851));
#7144 = VECTOR('',#7145,1.);
#7145 = DIRECTION('',(0.,0.,-1.));
#7146 = ORIENTED_EDGE('',*,*,#7147,.F.);
#7147 = EDGE_CURVE('',#7096,#7140,#7148,.T.);
#7148 = LINE('',#7149,#7150);
#7149 = CARTESIAN_POINT('',(1.720884852,-29.89573086,0.851));
#7150 = VECTOR('',#7151,1.);
#7151 = DIRECTION('',(1.406467999892E-03,-0.999999010923,0.));
#7152 = ORIENTED_EDGE('',*,*,#7104,.T.);
#7153 = PLANE('',#7154);
#7154 = AXIS2_PLACEMENT_3D('',#7155,#7156,#7157);
#7155 = CARTESIAN_POINT('',(1.720884852,-29.89573086,0.851));
#7156 = DIRECTION('',(0.999999010923,1.406467999892E-03,0.));
#7157 = DIRECTION('',(-1.406467999892E-03,0.999999010923,0.));
#7158 = ADVANCED_FACE('',(#7159),#7186,.F.);
#7159 = FACE_BOUND('',#7160,.F.);
#7160 = EDGE_LOOP('',(#7161,#7162,#7171,#7179));
#7161 = ORIENTED_EDGE('',*,*,#7139,.F.);
#7162 = ORIENTED_EDGE('',*,*,#7163,.T.);
#7163 = EDGE_CURVE('',#7140,#7164,#7166,.T.);
#7164 = VERTEX_POINT('',#7165);
#7165 = CARTESIAN_POINT('',(1.628785201,1.317497164,0.851));
#7166 = B_SPLINE_CURVE_WITH_KNOTS('',3,(#7167,#7168,#7169,#7170),
  .UNSPECIFIED.,.F.,.F.,(4,4),(0.523809524,0.571428571),
  .PIECEWISE_BEZIER_KNOTS.);
#7167 = CARTESIAN_POINT('',(1.677025201,1.288481164,0.851));
#7168 = CARTESIAN_POINT('',(1.668889201,1.292189164,0.851));
#7169 = CARTESIAN_POINT('',(1.661221201,1.305761164,0.851));
#7170 = CARTESIAN_POINT('',(1.628785201,1.317497164,0.851));
#7171 = ORIENTED_EDGE('',*,*,#7172,.T.);
#7172 = EDGE_CURVE('',#7164,#7173,#7175,.T.);
#7173 = VERTEX_POINT('',#7174);
#7174 = CARTESIAN_POINT('',(1.628785201,1.317497164,0.85));
#7175 = LINE('',#7176,#7177);
#7176 = CARTESIAN_POINT('',(1.628785201,1.317497164,0.851));
#7177 = VECTOR('',#7178,1.);
#7178 = DIRECTION('',(0.,0.,-1.));
#7179 = ORIENTED_EDGE('',*,*,#7180,.F.);
#7180 = EDGE_CURVE('',#7132,#7173,#7181,.T.);
#7181 = B_SPLINE_CURVE_WITH_KNOTS('',3,(#7182,#7183,#7184,#7185),
  .UNSPECIFIED.,.F.,.F.,(4,4),(0.523809524,0.571428571),
  .PIECEWISE_BEZIER_KNOTS.);
#7182 = CARTESIAN_POINT('',(1.677025201,1.288481164,0.85));
#7183 = CARTESIAN_POINT('',(1.668889201,1.292189164,0.85));
#7184 = CARTESIAN_POINT('',(1.661221201,1.305761164,0.85));
#7185 = CARTESIAN_POINT('',(1.628785201,1.317497164,0.85));
#7186 = B_SPLINE_SURFACE_WITH_KNOTS('',3,1,(
    (#7187,#7188)
    ,(#7189,#7190)
    ,(#7191,#7192)
    ,(#7193,#7194
    )),.UNSPECIFIED.,.F.,.F.,.F.,(4,4),(2,2),(0.523809524,0.571428571),(
    0.,1.),.PIECEWISE_BEZIER_KNOTS.);
#7187 = CARTESIAN_POINT('',(1.677025201,1.288481164,0.851));
#7188 = CARTESIAN_POINT('',(1.677025201,1.288481164,0.85));
#7189 = CARTESIAN_POINT('',(1.668889201,1.292189164,0.851));
#7190 = CARTESIAN_POINT('',(1.668889201,1.292189164,0.85));
#7191 = CARTESIAN_POINT('',(1.661221201,1.305761164,0.851));
#7192 = CARTESIAN_POINT('',(1.661221201,1.305761164,0.85));
#7193 = CARTESIAN_POINT('',(1.628785201,1.317497164,0.851));
#7194 = CARTESIAN_POINT('',(1.628785201,1.317497164,0.85));
#7195 = ADVANCED_FACE('',(#7196),#7223,.F.);
#7196 = FACE_BOUND('',#7197,.F.);
#7197 = EDGE_LOOP('',(#7198,#7199,#7208,#7216));
#7198 = ORIENTED_EDGE('',*,*,#7172,.F.);
#7199 = ORIENTED_EDGE('',*,*,#7200,.T.);
#7200 = EDGE_CURVE('',#7164,#7201,#7203,.T.);
#7201 = VERTEX_POINT('',#7202);
#7202 = CARTESIAN_POINT('',(1.474417201,1.252229164,0.851));
#7203 = B_SPLINE_CURVE_WITH_KNOTS('',3,(#7204,#7205,#7206,#7207),
  .UNSPECIFIED.,.F.,.F.,(4,4),(0.571428571,0.619047619),
  .PIECEWISE_BEZIER_KNOTS.);
#7204 = CARTESIAN_POINT('',(1.628785201,1.317497164,0.851));
#7205 = CARTESIAN_POINT('',(1.583029201,1.334057164,0.851));
#7206 = CARTESIAN_POINT('',(1.482265201,1.329953164,0.851));
#7207 = CARTESIAN_POINT('',(1.474417201,1.252229164,0.851));
#7208 = ORIENTED_EDGE('',*,*,#7209,.T.);
#7209 = EDGE_CURVE('',#7201,#7210,#7212,.T.);
#7210 = VERTEX_POINT('',#7211);
#7211 = CARTESIAN_POINT('',(1.474417201,1.252229164,0.85));
#7212 = LINE('',#7213,#7214);
#7213 = CARTESIAN_POINT('',(1.474417201,1.252229164,0.851));
#7214 = VECTOR('',#7215,1.);
#7215 = DIRECTION('',(0.,0.,-1.));
#7216 = ORIENTED_EDGE('',*,*,#7217,.F.);
#7217 = EDGE_CURVE('',#7173,#7210,#7218,.T.);
#7218 = B_SPLINE_CURVE_WITH_KNOTS('',3,(#7219,#7220,#7221,#7222),
  .UNSPECIFIED.,.F.,.F.,(4,4),(0.571428571,0.619047619),
  .PIECEWISE_BEZIER_KNOTS.);
#7219 = CARTESIAN_POINT('',(1.628785201,1.317497164,0.85));
#7220 = CARTESIAN_POINT('',(1.583029201,1.334057164,0.85));
#7221 = CARTESIAN_POINT('',(1.482265201,1.329953164,0.85));
#7222 = CARTESIAN_POINT('',(1.474417201,1.252229164,0.85));
#7223 = B_SPLINE_SURFACE_WITH_KNOTS('',3,1,(
    (#7224,#7225)
    ,(#7226,#7227)
    ,(#7228,#7229)
    ,(#7230,#7231
    )),.UNSPECIFIED.,.F.,.F.,.F.,(4,4),(2,2),(0.571428571,0.619047619),(
    0.,1.),.PIECEWISE_BEZIER_KNOTS.);
#7224 = CARTESIAN_POINT('',(1.628785201,1.317497164,0.851));
#7225 = CARTESIAN_POINT('',(1.628785201,1.317497164,0.85));
#7226 = CARTESIAN_POINT('',(1.583029201,1.334057164,0.851));
#7227 = CARTESIAN_POINT('',(1.583029201,1.334057164,0.85));
#7228 = CARTESIAN_POINT('',(1.482265201,1.329953164,0.851));
#7229 = CARTESIAN_POINT('',(1.482265201,1.329953164,0.85));
#7230 = CARTESIAN_POINT('',(1.474417201,1.252229164,0.851));
#7231 = CARTESIAN_POINT('',(1.474417201,1.252229164,0.85));
#7232 = ADVANCED_FACE('',(#7233),#7251,.F.);
#7233 = FACE_BOUND('',#7234,.F.);
#7234 = EDGE_LOOP('',(#7235,#7236,#7243,#7244));
#7235 = ORIENTED_EDGE('',*,*,#7209,.F.);
#7236 = ORIENTED_EDGE('',*,*,#7237,.T.);
#7237 = EDGE_CURVE('',#7201,#6567,#7238,.T.);
#7238 = B_SPLINE_CURVE_WITH_KNOTS('',3,(#7239,#7240,#7241,#7242),
  .UNSPECIFIED.,.F.,.F.,(4,4),(0.619047619,0.666666667),
  .PIECEWISE_BEZIER_KNOTS.);
#7239 = CARTESIAN_POINT('',(1.474417201,1.252229164,0.851));
#7240 = CARTESIAN_POINT('',(1.468009201,1.189157164,0.851));
#7241 = CARTESIAN_POINT('',(1.516285201,1.165685164,0.851));
#7242 = CARTESIAN_POINT('',(1.551529201,1.159133164,0.851));
#7243 = ORIENTED_EDGE('',*,*,#6566,.T.);
#7244 = ORIENTED_EDGE('',*,*,#7245,.F.);
#7245 = EDGE_CURVE('',#7210,#6569,#7246,.T.);
#7246 = B_SPLINE_CURVE_WITH_KNOTS('',3,(#7247,#7248,#7249,#7250),
  .UNSPECIFIED.,.F.,.F.,(4,4),(0.619047619,0.666666667),
  .PIECEWISE_BEZIER_KNOTS.);
#7247 = CARTESIAN_POINT('',(1.474417201,1.252229164,0.85));
#7248 = CARTESIAN_POINT('',(1.468009201,1.189157164,0.85));
#7249 = CARTESIAN_POINT('',(1.516285201,1.165685164,0.85));
#7250 = CARTESIAN_POINT('',(1.551529201,1.159133164,0.85));
#7251 = B_SPLINE_SURFACE_WITH_KNOTS('',3,1,(
    (#7252,#7253)
    ,(#7254,#7255)
    ,(#7256,#7257)
    ,(#7258,#7259
    )),.UNSPECIFIED.,.F.,.F.,.F.,(4,4),(2,2),(0.619047619,0.666666667),(
    0.,1.),.PIECEWISE_BEZIER_KNOTS.);
#7252 = CARTESIAN_POINT('',(1.474417201,1.252229164,0.851));
#7253 = CARTESIAN_POINT('',(1.474417201,1.252229164,0.85));
#7254 = CARTESIAN_POINT('',(1.468009201,1.189157164,0.851));
#7255 = CARTESIAN_POINT('',(1.468009201,1.189157164,0.85));
#7256 = CARTESIAN_POINT('',(1.516285201,1.165685164,0.851));
#7257 = CARTESIAN_POINT('',(1.516285201,1.165685164,0.85));
#7258 = CARTESIAN_POINT('',(1.551529201,1.159133164,0.851));
#7259 = CARTESIAN_POINT('',(1.551529201,1.159133164,0.85));
#7260 = ADVANCED_FACE('',(#7261),#7283,.T.);
#7261 = FACE_BOUND('',#7262,.T.);
#7262 = EDGE_LOOP('',(#7263,#7264,#7265,#7266,#7267,#7268,#7269,#7270,
    #7271,#7272,#7273,#7274,#7275,#7276,#7277,#7278,#7279,#7280,#7281,
    #7282));
#7263 = ORIENTED_EDGE('',*,*,#6576,.T.);
#7264 = ORIENTED_EDGE('',*,*,#6613,.T.);
#7265 = ORIENTED_EDGE('',*,*,#6665,.T.);
#7266 = ORIENTED_EDGE('',*,*,#6696,.T.);
#7267 = ORIENTED_EDGE('',*,*,#6727,.T.);
#7268 = ORIENTED_EDGE('',*,*,#6758,.T.);
#7269 = ORIENTED_EDGE('',*,*,#6774,.T.);
#7270 = ORIENTED_EDGE('',*,*,#6811,.T.);
#7271 = ORIENTED_EDGE('',*,*,#6848,.T.);
#7272 = ORIENTED_EDGE('',*,*,#6885,.T.);
#7273 = ORIENTED_EDGE('',*,*,#6922,.T.);
#7274 = ORIENTED_EDGE('',*,*,#6959,.T.);
#7275 = ORIENTED_EDGE('',*,*,#6996,.T.);
#7276 = ORIENTED_EDGE('',*,*,#7048,.T.);
#7277 = ORIENTED_EDGE('',*,*,#7079,.T.);
#7278 = ORIENTED_EDGE('',*,*,#7095,.T.);
#7279 = ORIENTED_EDGE('',*,*,#7147,.T.);
#7280 = ORIENTED_EDGE('',*,*,#7163,.T.);
#7281 = ORIENTED_EDGE('',*,*,#7200,.T.);
#7282 = ORIENTED_EDGE('',*,*,#7237,.T.);
#7283 = PLANE('',#7284);
#7284 = AXIS2_PLACEMENT_3D('',#7285,#7286,#7287);
#7285 = CARTESIAN_POINT('',(-2.011492299,-29.900980336,0.851));
#7286 = DIRECTION('',(0.,0.,1.));
#7287 = DIRECTION('',(1.,0.,0.));
#7288 = ADVANCED_FACE('',(#7289),#7311,.F.);
#7289 = FACE_BOUND('',#7290,.T.);
#7290 = EDGE_LOOP('',(#7291,#7292,#7293,#7294,#7295,#7296,#7297,#7298,
    #7299,#7300,#7301,#7302,#7303,#7304,#7305,#7306,#7307,#7308,#7309,
    #7310));
#7291 = ORIENTED_EDGE('',*,*,#6593,.F.);
#7292 = ORIENTED_EDGE('',*,*,#7245,.F.);
#7293 = ORIENTED_EDGE('',*,*,#7217,.F.);
#7294 = ORIENTED_EDGE('',*,*,#7180,.F.);
#7295 = ORIENTED_EDGE('',*,*,#7131,.F.);
#7296 = ORIENTED_EDGE('',*,*,#7112,.F.);
#7297 = ORIENTED_EDGE('',*,*,#7063,.F.);
#7298 = ORIENTED_EDGE('',*,*,#7032,.F.);
#7299 = ORIENTED_EDGE('',*,*,#7013,.F.);
#7300 = ORIENTED_EDGE('',*,*,#6976,.F.);
#7301 = ORIENTED_EDGE('',*,*,#6939,.F.);
#7302 = ORIENTED_EDGE('',*,*,#6902,.F.);
#7303 = ORIENTED_EDGE('',*,*,#6865,.F.);
#7304 = ORIENTED_EDGE('',*,*,#6828,.F.);
#7305 = ORIENTED_EDGE('',*,*,#6791,.F.);
#7306 = ORIENTED_EDGE('',*,*,#6742,.F.);
#7307 = ORIENTED_EDGE('',*,*,#6711,.F.);
#7308 = ORIENTED_EDGE('',*,*,#6680,.F.);
#7309 = ORIENTED_EDGE('',*,*,#6649,.F.);
#7310 = ORIENTED_EDGE('',*,*,#6630,.F.);
#7311 = PLANE('',#7312);
#7312 = AXIS2_PLACEMENT_3D('',#7313,#7314,#7315);
#7313 = CARTESIAN_POINT('',(-2.011492299,-29.900980336,0.85));
#7314 = DIRECTION('',(0.,0.,1.));
#7315 = DIRECTION('',(1.,0.,0.));
#7316 = ( GEOMETRIC_REPRESENTATION_CONTEXT(3) 
GLOBAL_UNCERTAINTY_ASSIGNED_CONTEXT((#7320)) 
GLOBAL_UNIT_ASSIGNED_CONTEXT((#7317,#7318,#7319)) REPRESENTATION_CONTEXT
('Context #1','3D Context with UNIT and UNCERTAINTY') );
#7317 = ( LENGTH_UNIT() NAMED_UNIT(*) SI_UNIT(.MILLI.,.METRE.) );
#7318 = ( NAMED_UNIT(*) PLANE_ANGLE_UNIT() SI_UNIT($,.RADIAN.) );
#7319 = ( NAMED_UNIT(*) SI_UNIT($,.STERADIAN.) SOLID_ANGLE_UNIT() );
#7320 = UNCERTAINTY_MEASURE_WITH_UNIT(LENGTH_MEASURE(5.E-07),#7317,
  'distance_accuracy_value','confusion accuracy');
#7321 = CONTEXT_DEPENDENT_SHAPE_REPRESENTATION(#7322,#7324);
#7322 = ( REPRESENTATION_RELATIONSHIP('','',#63,#40) 
REPRESENTATION_RELATIONSHIP_WITH_TRANSFORMATION(#7323) 
SHAPE_REPRESENTATION_RELATIONSHIP() );
#7323 = ITEM_DEFINED_TRANSFORMATION('','',#11,#41);
#7324 = PRODUCT_DEFINITION_SHAPE('Placement','Placement of an item',
  #7325);
#7325 = NEXT_ASSEMBLY_USAGE_OCCURRENCE('1','=>[0:1:1:3]','',#35,#58,$);
#7326 = PRODUCT_RELATED_PRODUCT_CATEGORY('part',$,(#60));
#7327 = SHAPE_DEFINITION_REPRESENTATION(#7328,#7334);
#7328 = PRODUCT_DEFINITION_SHAPE('','',#7329);
#7329 = PRODUCT_DEFINITION('design','',#7330,#7333);
#7330 = PRODUCT_DEFINITION_FORMATION('','',#7331);
#7331 = PRODUCT('EL817S1_C__TU_-F','EL817S1_C__TU_-F','',(#7332));
#7332 = PRODUCT_CONTEXT('',#2,'mechanical');
#7333 = PRODUCT_DEFINITION_CONTEXT('part definition',#2,'design');
#7334 = SHAPE_REPRESENTATION('',(#11,#7335),#7339);
#7335 = AXIS2_PLACEMENT_3D('',#7336,#7337,#7338);
#7336 = CARTESIAN_POINT('',(0.,0.,0.));
#7337 = DIRECTION('',(0.,0.,1.));
#7338 = DIRECTION('',(1.,0.,-0.));
#7339 = ( GEOMETRIC_REPRESENTATION_CONTEXT(3) 
GLOBAL_UNCERTAINTY_ASSIGNED_CONTEXT((#7343)) 
GLOBAL_UNIT_ASSIGNED_CONTEXT((#7340,#7341,#7342)) REPRESENTATION_CONTEXT
('Context #1','3D Context with UNIT and UNCERTAINTY') );
#7340 = ( LENGTH_UNIT() NAMED_UNIT(*) SI_UNIT(.MILLI.,.METRE.) );
#7341 = ( NAMED_UNIT(*) PLANE_ANGLE_UNIT() SI_UNIT($,.RADIAN.) );
#7342 = ( NAMED_UNIT(*) SI_UNIT($,.STERADIAN.) SOLID_ANGLE_UNIT() );
#7343 = UNCERTAINTY_MEASURE_WITH_UNIT(LENGTH_MEASURE(1.E-07),#7340,
  'distance_accuracy_value','confusion accuracy');
#7344 = CONTEXT_DEPENDENT_SHAPE_REPRESENTATION(#7345,#7347);
#7345 = ( REPRESENTATION_RELATIONSHIP('','',#7334,#10) 
REPRESENTATION_RELATIONSHIP_WITH_TRANSFORMATION(#7346) 
SHAPE_REPRESENTATION_RELATIONSHIP() );
#7346 = ITEM_DEFINED_TRANSFORMATION('','',#11,#19);
#7347 = PRODUCT_DEFINITION_SHAPE('Placement','Placement of an item',
  #7348);
#7348 = NEXT_ASSEMBLY_USAGE_OCCURRENCE('4','U103','',#5,#7329,$);
#7349 = PRODUCT_RELATED_PRODUCT_CATEGORY('part',$,(#7331));
#7350 = SHAPE_DEFINITION_REPRESENTATION(#7351,#7357);
#7351 = PRODUCT_DEFINITION_SHAPE('','',#7352);
#7352 = PRODUCT_DEFINITION('design','',#7353,#7356);
#7353 = PRODUCT_DEFINITION_FORMATION('','',#7354);
#7354 = PRODUCT('ASSEMBLY','ASSEMBLY','',(#7355));
#7355 = PRODUCT_CONTEXT('',#2,'mechanical');
#7356 = PRODUCT_DEFINITION_CONTEXT('part definition',#2,'design');
#7357 = SHAPE_REPRESENTATION('',(#11,#7358,#7945,#8332,#8719,#9106),
  #9493);
#7358 = MANIFOLD_SOLID_BREP('',#7359);
#7359 = CLOSED_SHELL('',(#7360,#7400,#7431,#7464,#7495,#7526,#7551,#7575
    ,#7597,#7621,#7639,#7670,#7694,#7706,#7723,#7747,#7780,#7804,#7821,
    #7846,#7881,#7899,#7911,#7936));
#7360 = ADVANCED_FACE('',(#7361),#7395,.T.);
#7361 = FACE_BOUND('',#7362,.T.);
#7362 = EDGE_LOOP('',(#7363,#7373,#7381,#7389));
#7363 = ORIENTED_EDGE('',*,*,#7364,.F.);
#7364 = EDGE_CURVE('',#7365,#7367,#7369,.T.);
#7365 = VERTEX_POINT('',#7366);
#7366 = CARTESIAN_POINT('',(-3.25,-2.29,1.805277563773));
#7367 = VERTEX_POINT('',#7368);
#7368 = CARTESIAN_POINT('',(-3.094400217023,-2.134400217023,
    0.172410986303));
#7369 = LINE('',#7370,#7371);
#7370 = CARTESIAN_POINT('',(-3.169474641771,-2.209474641771,
    0.960243184067));
#7371 = VECTOR('',#7372,1.);
#7372 = DIRECTION('',(9.443869945204E-02,9.443869945204E-02,
    -0.991041202015));
#7373 = ORIENTED_EDGE('',*,*,#7374,.T.);
#7374 = EDGE_CURVE('',#7365,#7375,#7377,.T.);
#7375 = VERTEX_POINT('',#7376);
#7376 = CARTESIAN_POINT('',(-3.25,2.29,1.805277563773));
#7377 = LINE('',#7378,#7379);
#7378 = CARTESIAN_POINT('',(-3.25,-2.29,1.805277563773));
#7379 = VECTOR('',#7380,1.);
#7380 = DIRECTION('',(0.,1.,0.));
#7381 = ORIENTED_EDGE('',*,*,#7382,.T.);
#7382 = EDGE_CURVE('',#7375,#7383,#7385,.T.);
#7383 = VERTEX_POINT('',#7384);
#7384 = CARTESIAN_POINT('',(-3.094400217023,2.134400217023,
    0.172410986303));
#7385 = LINE('',#7386,#7387);
#7386 = CARTESIAN_POINT('',(-3.149050892156,2.189050892156,
    0.745916033379));
#7387 = VECTOR('',#7388,1.);
#7388 = DIRECTION('',(9.443869945204E-02,-9.443869945204E-02,
    -0.991041202015));
#7389 = ORIENTED_EDGE('',*,*,#7390,.F.);
#7390 = EDGE_CURVE('',#7367,#7383,#7391,.T.);
#7391 = LINE('',#7392,#7393);
#7392 = CARTESIAN_POINT('',(-3.094400217023,-2.1275,0.172410986303));
#7393 = VECTOR('',#7394,1.);
#7394 = DIRECTION('',(0.,1.,0.));
#7395 = PLANE('',#7396);
#7396 = AXIS2_PLACEMENT_3D('',#7397,#7398,#7399);
#7397 = CARTESIAN_POINT('',(-3.16875,-2.29,0.952638781887));
#7398 = DIRECTION('',(-0.995490368416,3.519982249152E-18,
    -9.486267121801E-02));
#7399 = DIRECTION('',(3.504108426026E-18,1.,3.339149187944E-19));
#7400 = ADVANCED_FACE('',(#7401),#7426,.T.);
#7401 = FACE_BOUND('',#7402,.F.);
#7402 = EDGE_LOOP('',(#7403,#7404,#7412,#7420));
#7403 = ORIENTED_EDGE('',*,*,#7364,.F.);
#7404 = ORIENTED_EDGE('',*,*,#7405,.T.);
#7405 = EDGE_CURVE('',#7365,#7406,#7408,.T.);
#7406 = VERTEX_POINT('',#7407);
#7407 = CARTESIAN_POINT('',(3.25,-2.29,1.805277563773));
#7408 = LINE('',#7409,#7410);
#7409 = CARTESIAN_POINT('',(-3.25,-2.29,1.805277563773));
#7410 = VECTOR('',#7411,1.);
#7411 = DIRECTION('',(1.,0.,0.));
#7412 = ORIENTED_EDGE('',*,*,#7413,.T.);
#7413 = EDGE_CURVE('',#7406,#7414,#7416,.T.);
#7414 = VERTEX_POINT('',#7415);
#7415 = CARTESIAN_POINT('',(3.094400217023,-2.134400217023,
    0.172410986303));
#7416 = LINE('',#7417,#7418);
#7417 = CARTESIAN_POINT('',(3.14048897092,-2.18048897092,0.656067096847)
  );
#7418 = VECTOR('',#7419,1.);
#7419 = DIRECTION('',(-9.443869945204E-02,9.443869945204E-02,
    -0.991041202015));
#7420 = ORIENTED_EDGE('',*,*,#7421,.F.);
#7421 = EDGE_CURVE('',#7367,#7414,#7422,.T.);
#7422 = LINE('',#7423,#7424);
#7423 = CARTESIAN_POINT('',(-3.0875,-2.134400217023,0.172410986303));
#7424 = VECTOR('',#7425,1.);
#7425 = DIRECTION('',(1.,0.,0.));
#7426 = PLANE('',#7427);
#7427 = AXIS2_PLACEMENT_3D('',#7428,#7429,#7430);
#7428 = CARTESIAN_POINT('',(-3.25,-2.20875,0.952638781887));
#7429 = DIRECTION('',(-3.519982249152E-18,-0.995490368416,
    -9.486267121801E-02));
#7430 = DIRECTION('',(-1.,3.504108426026E-18,3.339149187944E-19));
#7431 = ADVANCED_FACE('',(#7432),#7459,.T.);
#7432 = FACE_BOUND('',#7433,.T.);
#7433 = EDGE_LOOP('',(#7434,#7435,#7444,#7452));
#7434 = ORIENTED_EDGE('',*,*,#7390,.T.);
#7435 = ORIENTED_EDGE('',*,*,#7436,.T.);
#7436 = EDGE_CURVE('',#7383,#7437,#7439,.T.);
#7437 = VERTEX_POINT('',#7438);
#7438 = CARTESIAN_POINT('',(-3.01476098755,2.05476098755,0.1));
#7439 = ELLIPSE('',#7440,0.11313708499,8.E-02);
#7440 = AXIS2_PLACEMENT_3D('',#7441,#7442,#7443);
#7441 = CARTESIAN_POINT('',(-3.01476098755,2.05476098755,0.18));
#7442 = DIRECTION('',(-0.707106781187,-0.707106781187,-0.));
#7443 = DIRECTION('',(-0.707106781187,0.707106781187,0.));
#7444 = ORIENTED_EDGE('',*,*,#7445,.F.);
#7445 = EDGE_CURVE('',#7446,#7437,#7448,.T.);
#7446 = VERTEX_POINT('',#7447);
#7447 = CARTESIAN_POINT('',(-3.01476098755,-2.05476098755,0.1));
#7448 = LINE('',#7449,#7450);
#7449 = CARTESIAN_POINT('',(-3.01476098755,-2.1275,0.1));
#7450 = VECTOR('',#7451,1.);
#7451 = DIRECTION('',(0.,1.,0.));
#7452 = ORIENTED_EDGE('',*,*,#7453,.F.);
#7453 = EDGE_CURVE('',#7367,#7446,#7454,.T.);
#7454 = ELLIPSE('',#7455,0.11313708499,8.E-02);
#7455 = AXIS2_PLACEMENT_3D('',#7456,#7457,#7458);
#7456 = CARTESIAN_POINT('',(-3.01476098755,-2.05476098755,0.18));
#7457 = DIRECTION('',(0.707106781187,-0.707106781187,0.));
#7458 = DIRECTION('',(0.707106781187,0.707106781187,0.));
#7459 = CYLINDRICAL_SURFACE('',#7460,8.E-02);
#7460 = AXIS2_PLACEMENT_3D('',#7461,#7462,#7463);
#7461 = CARTESIAN_POINT('',(-3.01476098755,-2.1275,0.18));
#7462 = DIRECTION('',(0.,1.,0.));
#7463 = DIRECTION('',(-0.995490368416,0.,-9.486267121801E-02));
#7464 = ADVANCED_FACE('',(#7465),#7490,.F.);
#7465 = FACE_BOUND('',#7466,.F.);
#7466 = EDGE_LOOP('',(#7467,#7475,#7476,#7484));
#7467 = ORIENTED_EDGE('',*,*,#7468,.F.);
#7468 = EDGE_CURVE('',#7365,#7469,#7471,.T.);
#7469 = VERTEX_POINT('',#7470);
#7470 = CARTESIAN_POINT('',(-3.25,-2.29,2.130277563773));
#7471 = LINE('',#7472,#7473);
#7472 = CARTESIAN_POINT('',(-3.25,-2.29,0.1));
#7473 = VECTOR('',#7474,1.);
#7474 = DIRECTION('',(0.,0.,1.));
#7475 = ORIENTED_EDGE('',*,*,#7374,.T.);
#7476 = ORIENTED_EDGE('',*,*,#7477,.T.);
#7477 = EDGE_CURVE('',#7375,#7478,#7480,.T.);
#7478 = VERTEX_POINT('',#7479);
#7479 = CARTESIAN_POINT('',(-3.25,2.29,2.130277563773));
#7480 = LINE('',#7481,#7482);
#7481 = CARTESIAN_POINT('',(-3.25,2.29,0.1));
#7482 = VECTOR('',#7483,1.);
#7483 = DIRECTION('',(0.,0.,1.));
#7484 = ORIENTED_EDGE('',*,*,#7485,.F.);
#7485 = EDGE_CURVE('',#7469,#7478,#7486,.T.);
#7486 = LINE('',#7487,#7488);
#7487 = CARTESIAN_POINT('',(-3.25,-2.29,2.130277563773));
#7488 = VECTOR('',#7489,1.);
#7489 = DIRECTION('',(0.,1.,0.));
#7490 = PLANE('',#7491);
#7491 = AXIS2_PLACEMENT_3D('',#7492,#7493,#7494);
#7492 = CARTESIAN_POINT('',(-3.25,-2.29,0.1));
#7493 = DIRECTION('',(1.,0.,0.));
#7494 = DIRECTION('',(0.,0.,1.));
#7495 = ADVANCED_FACE('',(#7496),#7521,.F.);
#7496 = FACE_BOUND('',#7497,.T.);
#7497 = EDGE_LOOP('',(#7498,#7499,#7507,#7515));
#7498 = ORIENTED_EDGE('',*,*,#7382,.F.);
#7499 = ORIENTED_EDGE('',*,*,#7500,.T.);
#7500 = EDGE_CURVE('',#7375,#7501,#7503,.T.);
#7501 = VERTEX_POINT('',#7502);
#7502 = CARTESIAN_POINT('',(3.25,2.29,1.805277563773));
#7503 = LINE('',#7504,#7505);
#7504 = CARTESIAN_POINT('',(-3.25,2.29,1.805277563773));
#7505 = VECTOR('',#7506,1.);
#7506 = DIRECTION('',(1.,0.,0.));
#7507 = ORIENTED_EDGE('',*,*,#7508,.T.);
#7508 = EDGE_CURVE('',#7501,#7509,#7511,.T.);
#7509 = VERTEX_POINT('',#7510);
#7510 = CARTESIAN_POINT('',(3.094400217023,2.134400217023,0.172410986303
    ));
#7511 = LINE('',#7512,#7513);
#7512 = CARTESIAN_POINT('',(3.120065221305,2.160065221305,0.441739946159
    ));
#7513 = VECTOR('',#7514,1.);
#7514 = DIRECTION('',(-9.443869945204E-02,-9.443869945204E-02,
    -0.991041202015));
#7515 = ORIENTED_EDGE('',*,*,#7516,.F.);
#7516 = EDGE_CURVE('',#7383,#7509,#7517,.T.);
#7517 = LINE('',#7518,#7519);
#7518 = CARTESIAN_POINT('',(-3.0875,2.134400217023,0.172410986303));
#7519 = VECTOR('',#7520,1.);
#7520 = DIRECTION('',(1.,0.,0.));
#7521 = PLANE('',#7522);
#7522 = AXIS2_PLACEMENT_3D('',#7523,#7524,#7525);
#7523 = CARTESIAN_POINT('',(-3.25,2.20875,0.952638781887));
#7524 = DIRECTION('',(3.519982249152E-18,-0.995490368416,
    9.486267121801E-02));
#7525 = DIRECTION('',(-1.,-3.504108426026E-18,3.339149187944E-19));
#7526 = ADVANCED_FACE('',(#7527),#7546,.T.);
#7527 = FACE_BOUND('',#7528,.T.);
#7528 = EDGE_LOOP('',(#7529,#7530,#7538,#7545));
#7529 = ORIENTED_EDGE('',*,*,#7453,.T.);
#7530 = ORIENTED_EDGE('',*,*,#7531,.T.);
#7531 = EDGE_CURVE('',#7446,#7532,#7534,.T.);
#7532 = VERTEX_POINT('',#7533);
#7533 = CARTESIAN_POINT('',(3.01476098755,-2.05476098755,0.1));
#7534 = LINE('',#7535,#7536);
#7535 = CARTESIAN_POINT('',(-3.0875,-2.05476098755,0.1));
#7536 = VECTOR('',#7537,1.);
#7537 = DIRECTION('',(1.,0.,0.));
#7538 = ORIENTED_EDGE('',*,*,#7539,.F.);
#7539 = EDGE_CURVE('',#7414,#7532,#7540,.T.);
#7540 = ELLIPSE('',#7541,0.11313708499,8.E-02);
#7541 = AXIS2_PLACEMENT_3D('',#7542,#7543,#7544);
#7542 = CARTESIAN_POINT('',(3.01476098755,-2.05476098755,0.18));
#7543 = DIRECTION('',(0.707106781187,0.707106781187,0.));
#7544 = DIRECTION('',(0.707106781187,-0.707106781187,0.));
#7545 = ORIENTED_EDGE('',*,*,#7421,.F.);
#7546 = CYLINDRICAL_SURFACE('',#7547,8.E-02);
#7547 = AXIS2_PLACEMENT_3D('',#7548,#7549,#7550);
#7548 = CARTESIAN_POINT('',(-3.0875,-2.05476098755,0.18));
#7549 = DIRECTION('',(1.,0.,0.));
#7550 = DIRECTION('',(0.,-0.995490368416,-9.486267121801E-02));
#7551 = ADVANCED_FACE('',(#7552),#7570,.F.);
#7552 = FACE_BOUND('',#7553,.F.);
#7553 = EDGE_LOOP('',(#7554,#7562,#7563,#7564));
#7554 = ORIENTED_EDGE('',*,*,#7555,.F.);
#7555 = EDGE_CURVE('',#7406,#7556,#7558,.T.);
#7556 = VERTEX_POINT('',#7557);
#7557 = CARTESIAN_POINT('',(3.25,-2.29,2.130277563773));
#7558 = LINE('',#7559,#7560);
#7559 = CARTESIAN_POINT('',(3.25,-2.29,0.1));
#7560 = VECTOR('',#7561,1.);
#7561 = DIRECTION('',(0.,0.,1.));
#7562 = ORIENTED_EDGE('',*,*,#7405,.F.);
#7563 = ORIENTED_EDGE('',*,*,#7468,.T.);
#7564 = ORIENTED_EDGE('',*,*,#7565,.T.);
#7565 = EDGE_CURVE('',#7469,#7556,#7566,.T.);
#7566 = LINE('',#7567,#7568);
#7567 = CARTESIAN_POINT('',(-3.25,-2.29,2.130277563773));
#7568 = VECTOR('',#7569,1.);
#7569 = DIRECTION('',(1.,0.,0.));
#7570 = PLANE('',#7571);
#7571 = AXIS2_PLACEMENT_3D('',#7572,#7573,#7574);
#7572 = CARTESIAN_POINT('',(-3.25,-2.29,0.1));
#7573 = DIRECTION('',(0.,1.,0.));
#7574 = DIRECTION('',(0.,0.,1.));
#7575 = ADVANCED_FACE('',(#7576),#7592,.F.);
#7576 = FACE_BOUND('',#7577,.F.);
#7577 = EDGE_LOOP('',(#7578,#7579,#7585,#7586));
#7578 = ORIENTED_EDGE('',*,*,#7413,.F.);
#7579 = ORIENTED_EDGE('',*,*,#7580,.T.);
#7580 = EDGE_CURVE('',#7406,#7501,#7581,.T.);
#7581 = LINE('',#7582,#7583);
#7582 = CARTESIAN_POINT('',(3.25,-2.29,1.805277563773));
#7583 = VECTOR('',#7584,1.);
#7584 = DIRECTION('',(0.,1.,0.));
#7585 = ORIENTED_EDGE('',*,*,#7508,.T.);
#7586 = ORIENTED_EDGE('',*,*,#7587,.F.);
#7587 = EDGE_CURVE('',#7414,#7509,#7588,.T.);
#7588 = LINE('',#7589,#7590);
#7589 = CARTESIAN_POINT('',(3.094400217023,-2.1275,0.172410986303));
#7590 = VECTOR('',#7591,1.);
#7591 = DIRECTION('',(0.,1.,0.));
#7592 = PLANE('',#7593);
#7593 = AXIS2_PLACEMENT_3D('',#7594,#7595,#7596);
#7594 = CARTESIAN_POINT('',(3.16875,-2.29,0.952638781887));
#7595 = DIRECTION('',(-0.995490368416,-3.519982249152E-18,
    9.486267121801E-02));
#7596 = DIRECTION('',(-3.504108426026E-18,1.,3.339149187944E-19));
#7597 = ADVANCED_FACE('',(#7598),#7616,.F.);
#7598 = FACE_BOUND('',#7599,.F.);
#7599 = EDGE_LOOP('',(#7600,#7601,#7602,#7610));
#7600 = ORIENTED_EDGE('',*,*,#7445,.F.);
#7601 = ORIENTED_EDGE('',*,*,#7531,.T.);
#7602 = ORIENTED_EDGE('',*,*,#7603,.T.);
#7603 = EDGE_CURVE('',#7532,#7604,#7606,.T.);
#7604 = VERTEX_POINT('',#7605);
#7605 = CARTESIAN_POINT('',(3.01476098755,2.05476098755,0.1));
#7606 = LINE('',#7607,#7608);
#7607 = CARTESIAN_POINT('',(3.01476098755,-2.1275,0.1));
#7608 = VECTOR('',#7609,1.);
#7609 = DIRECTION('',(0.,1.,0.));
#7610 = ORIENTED_EDGE('',*,*,#7611,.F.);
#7611 = EDGE_CURVE('',#7437,#7604,#7612,.T.);
#7612 = LINE('',#7613,#7614);
#7613 = CARTESIAN_POINT('',(-3.0875,2.05476098755,0.1));
#7614 = VECTOR('',#7615,1.);
#7615 = DIRECTION('',(1.,0.,0.));
#7616 = PLANE('',#7617);
#7617 = AXIS2_PLACEMENT_3D('',#7618,#7619,#7620);
#7618 = CARTESIAN_POINT('',(-3.25,-2.29,0.1));
#7619 = DIRECTION('',(0.,0.,1.));
#7620 = DIRECTION('',(1.,0.,0.));
#7621 = ADVANCED_FACE('',(#7622),#7634,.T.);
#7622 = FACE_BOUND('',#7623,.T.);
#7623 = EDGE_LOOP('',(#7624,#7625,#7626,#7633));
#7624 = ORIENTED_EDGE('',*,*,#7436,.F.);
#7625 = ORIENTED_EDGE('',*,*,#7516,.T.);
#7626 = ORIENTED_EDGE('',*,*,#7627,.F.);
#7627 = EDGE_CURVE('',#7604,#7509,#7628,.T.);
#7628 = ELLIPSE('',#7629,0.11313708499,8.E-02);
#7629 = AXIS2_PLACEMENT_3D('',#7630,#7631,#7632);
#7630 = CARTESIAN_POINT('',(3.01476098755,2.05476098755,0.18));
#7631 = DIRECTION('',(0.707106781187,-0.707106781187,0.));
#7632 = DIRECTION('',(0.707106781187,0.707106781187,0.));
#7633 = ORIENTED_EDGE('',*,*,#7611,.F.);
#7634 = CYLINDRICAL_SURFACE('',#7635,8.E-02);
#7635 = AXIS2_PLACEMENT_3D('',#7636,#7637,#7638);
#7636 = CARTESIAN_POINT('',(-3.0875,2.05476098755,0.18));
#7637 = DIRECTION('',(1.,0.,0.));
#7638 = DIRECTION('',(0.,0.,-1.));
#7639 = ADVANCED_FACE('',(#7640),#7665,.F.);
#7640 = FACE_BOUND('',#7641,.F.);
#7641 = EDGE_LOOP('',(#7642,#7650,#7651,#7659));
#7642 = ORIENTED_EDGE('',*,*,#7643,.F.);
#7643 = EDGE_CURVE('',#7469,#7644,#7646,.T.);
#7644 = VERTEX_POINT('',#7645);
#7645 = CARTESIAN_POINT('',(-3.094174103433,-2.134174103433,
    3.827315011768));
#7646 = LINE('',#7647,#7648);
#7647 = CARTESIAN_POINT('',(-3.169423685936,-2.209423685936,
    3.007801938094));
#7648 = VECTOR('',#7649,1.);
#7649 = DIRECTION('',(9.105777954091E-02,9.105777954091E-02,
    0.991673818133));
#7650 = ORIENTED_EDGE('',*,*,#7485,.T.);
#7651 = ORIENTED_EDGE('',*,*,#7652,.T.);
#7652 = EDGE_CURVE('',#7478,#7653,#7655,.T.);
#7653 = VERTEX_POINT('',#7654);
#7654 = CARTESIAN_POINT('',(-3.094174103433,2.134174103433,
    3.827315011768));
#7655 = LINE('',#7656,#7657);
#7656 = CARTESIAN_POINT('',(-3.150436106934,2.190436106934,
    3.214588058524));
#7657 = VECTOR('',#7658,1.);
#7658 = DIRECTION('',(9.105777954091E-02,-9.105777954091E-02,
    0.991673818133));
#7659 = ORIENTED_EDGE('',*,*,#7660,.F.);
#7660 = EDGE_CURVE('',#7644,#7653,#7661,.T.);
#7661 = LINE('',#7662,#7663);
#7662 = CARTESIAN_POINT('',(-3.094174103433,-2.1275,3.827315011768));
#7663 = VECTOR('',#7664,1.);
#7664 = DIRECTION('',(0.,1.,0.));
#7665 = PLANE('',#7666);
#7666 = AXIS2_PLACEMENT_3D('',#7667,#7668,#7669);
#7667 = CARTESIAN_POINT('',(-3.16875,-2.29,3.015138781887));
#7668 = DIRECTION('',(0.995810803663,0.,-9.143764710374E-02));
#7669 = DIRECTION('',(0.,1.,0.));
#7670 = ADVANCED_FACE('',(#7671),#7689,.T.);
#7671 = FACE_BOUND('',#7672,.T.);
#7672 = EDGE_LOOP('',(#7673,#7681,#7682,#7683));
#7673 = ORIENTED_EDGE('',*,*,#7674,.F.);
#7674 = EDGE_CURVE('',#7501,#7675,#7677,.T.);
#7675 = VERTEX_POINT('',#7676);
#7676 = CARTESIAN_POINT('',(3.25,2.29,2.130277563773));
#7677 = LINE('',#7678,#7679);
#7678 = CARTESIAN_POINT('',(3.25,2.29,0.1));
#7679 = VECTOR('',#7680,1.);
#7680 = DIRECTION('',(0.,0.,1.));
#7681 = ORIENTED_EDGE('',*,*,#7500,.F.);
#7682 = ORIENTED_EDGE('',*,*,#7477,.T.);
#7683 = ORIENTED_EDGE('',*,*,#7684,.T.);
#7684 = EDGE_CURVE('',#7478,#7675,#7685,.T.);
#7685 = LINE('',#7686,#7687);
#7686 = CARTESIAN_POINT('',(-3.25,2.29,2.130277563773));
#7687 = VECTOR('',#7688,1.);
#7688 = DIRECTION('',(1.,0.,0.));
#7689 = PLANE('',#7690);
#7690 = AXIS2_PLACEMENT_3D('',#7691,#7692,#7693);
#7691 = CARTESIAN_POINT('',(-3.25,2.29,0.1));
#7692 = DIRECTION('',(0.,1.,0.));
#7693 = DIRECTION('',(0.,0.,1.));
#7694 = ADVANCED_FACE('',(#7695),#7701,.T.);
#7695 = FACE_BOUND('',#7696,.T.);
#7696 = EDGE_LOOP('',(#7697,#7698,#7699,#7700));
#7697 = ORIENTED_EDGE('',*,*,#7603,.T.);
#7698 = ORIENTED_EDGE('',*,*,#7627,.T.);
#7699 = ORIENTED_EDGE('',*,*,#7587,.F.);
#7700 = ORIENTED_EDGE('',*,*,#7539,.T.);
#7701 = CYLINDRICAL_SURFACE('',#7702,8.E-02);
#7702 = AXIS2_PLACEMENT_3D('',#7703,#7704,#7705);
#7703 = CARTESIAN_POINT('',(3.01476098755,-2.1275,0.18));
#7704 = DIRECTION('',(0.,1.,0.));
#7705 = DIRECTION('',(0.,0.,-1.));
#7706 = ADVANCED_FACE('',(#7707),#7718,.T.);
#7707 = FACE_BOUND('',#7708,.T.);
#7708 = EDGE_LOOP('',(#7709,#7710,#7711,#7712));
#7709 = ORIENTED_EDGE('',*,*,#7555,.F.);
#7710 = ORIENTED_EDGE('',*,*,#7580,.T.);
#7711 = ORIENTED_EDGE('',*,*,#7674,.T.);
#7712 = ORIENTED_EDGE('',*,*,#7713,.F.);
#7713 = EDGE_CURVE('',#7556,#7675,#7714,.T.);
#7714 = LINE('',#7715,#7716);
#7715 = CARTESIAN_POINT('',(3.25,-2.29,2.130277563773));
#7716 = VECTOR('',#7717,1.);
#7717 = DIRECTION('',(0.,1.,0.));
#7718 = PLANE('',#7719);
#7719 = AXIS2_PLACEMENT_3D('',#7720,#7721,#7722);
#7720 = CARTESIAN_POINT('',(3.25,-2.29,0.1));
#7721 = DIRECTION('',(1.,0.,0.));
#7722 = DIRECTION('',(0.,0.,1.));
#7723 = ADVANCED_FACE('',(#7724),#7742,.F.);
#7724 = FACE_BOUND('',#7725,.T.);
#7725 = EDGE_LOOP('',(#7726,#7727,#7728,#7736));
#7726 = ORIENTED_EDGE('',*,*,#7643,.F.);
#7727 = ORIENTED_EDGE('',*,*,#7565,.T.);
#7728 = ORIENTED_EDGE('',*,*,#7729,.T.);
#7729 = EDGE_CURVE('',#7556,#7730,#7732,.T.);
#7730 = VERTEX_POINT('',#7731);
#7731 = CARTESIAN_POINT('',(3.094174103433,-2.134174103433,
    3.827315011768));
#7732 = LINE('',#7733,#7734);
#7733 = CARTESIAN_POINT('',(3.142476248488,-2.182476248488,
    3.301275689795));
#7734 = VECTOR('',#7735,1.);
#7735 = DIRECTION('',(-9.105777954091E-02,9.105777954091E-02,
    0.991673818133));
#7736 = ORIENTED_EDGE('',*,*,#7737,.F.);
#7737 = EDGE_CURVE('',#7644,#7730,#7738,.T.);
#7738 = LINE('',#7739,#7740);
#7739 = CARTESIAN_POINT('',(-3.0875,-2.134174103433,3.827315011768));
#7740 = VECTOR('',#7741,1.);
#7741 = DIRECTION('',(1.,0.,0.));
#7742 = PLANE('',#7743);
#7743 = AXIS2_PLACEMENT_3D('',#7744,#7745,#7746);
#7744 = CARTESIAN_POINT('',(-3.25,-2.20875,3.015138781887));
#7745 = DIRECTION('',(0.,0.995810803663,-9.143764710374E-02));
#7746 = DIRECTION('',(-1.,0.,0.));
#7747 = ADVANCED_FACE('',(#7748),#7775,.T.);
#7748 = FACE_BOUND('',#7749,.T.);
#7749 = EDGE_LOOP('',(#7750,#7759,#7767,#7774));
#7750 = ORIENTED_EDGE('',*,*,#7751,.T.);
#7751 = EDGE_CURVE('',#7644,#7752,#7754,.T.);
#7752 = VERTEX_POINT('',#7753);
#7753 = CARTESIAN_POINT('',(-3.01450923914,-2.05450923914,3.9));
#7754 = ELLIPSE('',#7755,0.11313708499,8.E-02);
#7755 = AXIS2_PLACEMENT_3D('',#7756,#7757,#7758);
#7756 = CARTESIAN_POINT('',(-3.01450923914,-2.05450923914,3.82));
#7757 = DIRECTION('',(-0.707106781187,0.707106781187,0.));
#7758 = DIRECTION('',(0.707106781187,0.707106781187,0.));
#7759 = ORIENTED_EDGE('',*,*,#7760,.T.);
#7760 = EDGE_CURVE('',#7752,#7761,#7763,.T.);
#7761 = VERTEX_POINT('',#7762);
#7762 = CARTESIAN_POINT('',(-3.01450923914,2.05450923914,3.9));
#7763 = LINE('',#7764,#7765);
#7764 = CARTESIAN_POINT('',(-3.01450923914,-2.1275,3.9));
#7765 = VECTOR('',#7766,1.);
#7766 = DIRECTION('',(0.,1.,0.));
#7767 = ORIENTED_EDGE('',*,*,#7768,.F.);
#7768 = EDGE_CURVE('',#7653,#7761,#7769,.T.);
#7769 = ELLIPSE('',#7770,0.11313708499,8.E-02);
#7770 = AXIS2_PLACEMENT_3D('',#7771,#7772,#7773);
#7771 = CARTESIAN_POINT('',(-3.01450923914,2.05450923914,3.82));
#7772 = DIRECTION('',(0.707106781187,0.707106781187,-0.));
#7773 = DIRECTION('',(-0.707106781187,0.707106781187,0.));
#7774 = ORIENTED_EDGE('',*,*,#7660,.F.);
#7775 = CYLINDRICAL_SURFACE('',#7776,8.E-02);
#7776 = AXIS2_PLACEMENT_3D('',#7777,#7778,#7779);
#7777 = CARTESIAN_POINT('',(-3.01450923914,-2.1275,3.82));
#7778 = DIRECTION('',(0.,1.,0.));
#7779 = DIRECTION('',(-0.995810803663,0.,9.143764710374E-02));
#7780 = ADVANCED_FACE('',(#7781),#7799,.T.);
#7781 = FACE_BOUND('',#7782,.F.);
#7782 = EDGE_LOOP('',(#7783,#7784,#7785,#7793));
#7783 = ORIENTED_EDGE('',*,*,#7652,.F.);
#7784 = ORIENTED_EDGE('',*,*,#7684,.T.);
#7785 = ORIENTED_EDGE('',*,*,#7786,.T.);
#7786 = EDGE_CURVE('',#7675,#7787,#7789,.T.);
#7787 = VERTEX_POINT('',#7788);
#7788 = CARTESIAN_POINT('',(3.094174103433,2.134174103433,3.827315011768
    ));
#7789 = LINE('',#7790,#7791);
#7790 = CARTESIAN_POINT('',(3.123488669486,2.163488669486,3.508061810225
    ));
#7791 = VECTOR('',#7792,1.);
#7792 = DIRECTION('',(-9.105777954091E-02,-9.105777954091E-02,
    0.991673818133));
#7793 = ORIENTED_EDGE('',*,*,#7794,.F.);
#7794 = EDGE_CURVE('',#7653,#7787,#7795,.T.);
#7795 = LINE('',#7796,#7797);
#7796 = CARTESIAN_POINT('',(-3.0875,2.134174103433,3.827315011768));
#7797 = VECTOR('',#7798,1.);
#7798 = DIRECTION('',(1.,0.,0.));
#7799 = PLANE('',#7800);
#7800 = AXIS2_PLACEMENT_3D('',#7801,#7802,#7803);
#7801 = CARTESIAN_POINT('',(-3.25,2.20875,3.015138781887));
#7802 = DIRECTION('',(0.,0.995810803663,9.143764710374E-02));
#7803 = DIRECTION('',(-1.,0.,0.));
#7804 = ADVANCED_FACE('',(#7805),#7816,.T.);
#7805 = FACE_BOUND('',#7806,.T.);
#7806 = EDGE_LOOP('',(#7807,#7808,#7809,#7810));
#7807 = ORIENTED_EDGE('',*,*,#7729,.F.);
#7808 = ORIENTED_EDGE('',*,*,#7713,.T.);
#7809 = ORIENTED_EDGE('',*,*,#7786,.T.);
#7810 = ORIENTED_EDGE('',*,*,#7811,.F.);
#7811 = EDGE_CURVE('',#7730,#7787,#7812,.T.);
#7812 = LINE('',#7813,#7814);
#7813 = CARTESIAN_POINT('',(3.094174103433,-2.1275,3.827315011768));
#7814 = VECTOR('',#7815,1.);
#7815 = DIRECTION('',(0.,1.,0.));
#7816 = PLANE('',#7817);
#7817 = AXIS2_PLACEMENT_3D('',#7818,#7819,#7820);
#7818 = CARTESIAN_POINT('',(3.16875,-2.29,3.015138781887));
#7819 = DIRECTION('',(0.995810803663,0.,9.143764710374E-02));
#7820 = DIRECTION('',(0.,1.,0.));
#7821 = ADVANCED_FACE('',(#7822),#7841,.T.);
#7822 = FACE_BOUND('',#7823,.T.);
#7823 = EDGE_LOOP('',(#7824,#7825,#7834,#7840));
#7824 = ORIENTED_EDGE('',*,*,#7737,.T.);
#7825 = ORIENTED_EDGE('',*,*,#7826,.T.);
#7826 = EDGE_CURVE('',#7730,#7827,#7829,.T.);
#7827 = VERTEX_POINT('',#7828);
#7828 = CARTESIAN_POINT('',(3.01450923914,-2.05450923914,3.9));
#7829 = ELLIPSE('',#7830,0.11313708499,8.E-02);
#7830 = AXIS2_PLACEMENT_3D('',#7831,#7832,#7833);
#7831 = CARTESIAN_POINT('',(3.01450923914,-2.05450923914,3.82));
#7832 = DIRECTION('',(-0.707106781187,-0.707106781187,0.));
#7833 = DIRECTION('',(0.707106781187,-0.707106781187,0.));
#7834 = ORIENTED_EDGE('',*,*,#7835,.F.);
#7835 = EDGE_CURVE('',#7752,#7827,#7836,.T.);
#7836 = LINE('',#7837,#7838);
#7837 = CARTESIAN_POINT('',(-3.0875,-2.05450923914,3.9));
#7838 = VECTOR('',#7839,1.);
#7839 = DIRECTION('',(1.,0.,0.));
#7840 = ORIENTED_EDGE('',*,*,#7751,.F.);
#7841 = CYLINDRICAL_SURFACE('',#7842,8.E-02);
#7842 = AXIS2_PLACEMENT_3D('',#7843,#7844,#7845);
#7843 = CARTESIAN_POINT('',(-3.0875,-2.05450923914,3.82));
#7844 = DIRECTION('',(1.,0.,0.));
#7845 = DIRECTION('',(0.,-0.995810803663,9.143764710374E-02));
#7846 = ADVANCED_FACE('',(#7847,#7865),#7876,.T.);
#7847 = FACE_BOUND('',#7848,.T.);
#7848 = EDGE_LOOP('',(#7849,#7850,#7851,#7859));
#7849 = ORIENTED_EDGE('',*,*,#7760,.F.);
#7850 = ORIENTED_EDGE('',*,*,#7835,.T.);
#7851 = ORIENTED_EDGE('',*,*,#7852,.T.);
#7852 = EDGE_CURVE('',#7827,#7853,#7855,.T.);
#7853 = VERTEX_POINT('',#7854);
#7854 = CARTESIAN_POINT('',(3.01450923914,2.05450923914,3.9));
#7855 = LINE('',#7856,#7857);
#7856 = CARTESIAN_POINT('',(3.01450923914,-2.1275,3.9));
#7857 = VECTOR('',#7858,1.);
#7858 = DIRECTION('',(0.,1.,0.));
#7859 = ORIENTED_EDGE('',*,*,#7860,.F.);
#7860 = EDGE_CURVE('',#7761,#7853,#7861,.T.);
#7861 = LINE('',#7862,#7863);
#7862 = CARTESIAN_POINT('',(-3.0875,2.05450923914,3.9));
#7863 = VECTOR('',#7864,1.);
#7864 = DIRECTION('',(1.,0.,0.));
#7865 = FACE_BOUND('',#7866,.T.);
#7866 = EDGE_LOOP('',(#7867));
#7867 = ORIENTED_EDGE('',*,*,#7868,.F.);
#7868 = EDGE_CURVE('',#7869,#7869,#7871,.T.);
#7869 = VERTEX_POINT('',#7870);
#7870 = CARTESIAN_POINT('',(-1.78875,1.235,3.9));
#7871 = CIRCLE('',#7872,0.40625);
#7872 = AXIS2_PLACEMENT_3D('',#7873,#7874,#7875);
#7873 = CARTESIAN_POINT('',(-2.195,1.235,3.9));
#7874 = DIRECTION('',(0.,0.,1.));
#7875 = DIRECTION('',(1.,0.,0.));
#7876 = PLANE('',#7877);
#7877 = AXIS2_PLACEMENT_3D('',#7878,#7879,#7880);
#7878 = CARTESIAN_POINT('',(-3.25,-2.29,3.9));
#7879 = DIRECTION('',(0.,0.,1.));
#7880 = DIRECTION('',(1.,0.,0.));
#7881 = ADVANCED_FACE('',(#7882),#7894,.T.);
#7882 = FACE_BOUND('',#7883,.T.);
#7883 = EDGE_LOOP('',(#7884,#7885,#7892,#7893));
#7884 = ORIENTED_EDGE('',*,*,#7860,.T.);
#7885 = ORIENTED_EDGE('',*,*,#7886,.T.);
#7886 = EDGE_CURVE('',#7853,#7787,#7887,.T.);
#7887 = ELLIPSE('',#7888,0.11313708499,8.E-02);
#7888 = AXIS2_PLACEMENT_3D('',#7889,#7890,#7891);
#7889 = CARTESIAN_POINT('',(3.01450923914,2.05450923914,3.82));
#7890 = DIRECTION('',(-0.707106781187,0.707106781187,0.));
#7891 = DIRECTION('',(0.707106781187,0.707106781187,0.));
#7892 = ORIENTED_EDGE('',*,*,#7794,.F.);
#7893 = ORIENTED_EDGE('',*,*,#7768,.T.);
#7894 = CYLINDRICAL_SURFACE('',#7895,8.E-02);
#7895 = AXIS2_PLACEMENT_3D('',#7896,#7897,#7898);
#7896 = CARTESIAN_POINT('',(-3.0875,2.05450923914,3.82));
#7897 = DIRECTION('',(1.,0.,0.));
#7898 = DIRECTION('',(0.,0.,1.));
#7899 = ADVANCED_FACE('',(#7900),#7906,.T.);
#7900 = FACE_BOUND('',#7901,.T.);
#7901 = EDGE_LOOP('',(#7902,#7903,#7904,#7905));
#7902 = ORIENTED_EDGE('',*,*,#7826,.F.);
#7903 = ORIENTED_EDGE('',*,*,#7811,.T.);
#7904 = ORIENTED_EDGE('',*,*,#7886,.F.);
#7905 = ORIENTED_EDGE('',*,*,#7852,.F.);
#7906 = CYLINDRICAL_SURFACE('',#7907,8.E-02);
#7907 = AXIS2_PLACEMENT_3D('',#7908,#7909,#7910);
#7908 = CARTESIAN_POINT('',(3.01450923914,-2.1275,3.82));
#7909 = DIRECTION('',(0.,1.,0.));
#7910 = DIRECTION('',(0.,0.,1.));
#7911 = ADVANCED_FACE('',(#7912),#7931,.F.);
#7912 = FACE_BOUND('',#7913,.F.);
#7913 = EDGE_LOOP('',(#7914,#7923,#7929,#7930));
#7914 = ORIENTED_EDGE('',*,*,#7915,.T.);
#7915 = EDGE_CURVE('',#7916,#7916,#7918,.T.);
#7916 = VERTEX_POINT('',#7917);
#7917 = CARTESIAN_POINT('',(-1.78875,1.235,3.51));
#7918 = CIRCLE('',#7919,0.40625);
#7919 = AXIS2_PLACEMENT_3D('',#7920,#7921,#7922);
#7920 = CARTESIAN_POINT('',(-2.195,1.235,3.51));
#7921 = DIRECTION('',(0.,0.,1.));
#7922 = DIRECTION('',(1.,0.,0.));
#7923 = ORIENTED_EDGE('',*,*,#7924,.T.);
#7924 = EDGE_CURVE('',#7916,#7869,#7925,.T.);
#7925 = LINE('',#7926,#7927);
#7926 = CARTESIAN_POINT('',(-1.78875,1.235,3.51));
#7927 = VECTOR('',#7928,1.);
#7928 = DIRECTION('',(0.,0.,1.));
#7929 = ORIENTED_EDGE('',*,*,#7868,.F.);
#7930 = ORIENTED_EDGE('',*,*,#7924,.F.);
#7931 = CYLINDRICAL_SURFACE('',#7932,0.40625);
#7932 = AXIS2_PLACEMENT_3D('',#7933,#7934,#7935);
#7933 = CARTESIAN_POINT('',(-2.195,1.235,3.51));
#7934 = DIRECTION('',(0.,0.,1.));
#7935 = DIRECTION('',(1.,0.,0.));
#7936 = ADVANCED_FACE('',(#7937),#7940,.T.);
#7937 = FACE_BOUND('',#7938,.T.);
#7938 = EDGE_LOOP('',(#7939));
#7939 = ORIENTED_EDGE('',*,*,#7915,.T.);
#7940 = PLANE('',#7941);
#7941 = AXIS2_PLACEMENT_3D('',#7942,#7943,#7944);
#7942 = CARTESIAN_POINT('',(-2.195,1.235,3.51));
#7943 = DIRECTION('',(0.,0.,1.));
#7944 = DIRECTION('',(1.,0.,0.));
#7945 = MANIFOLD_SOLID_BREP('',#7946);
#7946 = CLOSED_SHELL('',(#7947,#7987,#8077,#8102,#8126,#8201,#8218,#8235
    ,#8252,#8269,#8286,#8303,#8320));
#7947 = ADVANCED_FACE('',(#7948),#7982,.T.);
#7948 = FACE_BOUND('',#7949,.T.);
#7949 = EDGE_LOOP('',(#7950,#7960,#7968,#7976));
#7950 = ORIENTED_EDGE('',*,*,#7951,.F.);
#7951 = EDGE_CURVE('',#7952,#7954,#7956,.T.);
#7952 = VERTEX_POINT('',#7953);
#7953 = CARTESIAN_POINT('',(-5.15,1.92,0.325));
#7954 = VERTEX_POINT('',#7955);
#7955 = CARTESIAN_POINT('',(-4.810902082263,1.92,0.325));
#7956 = LINE('',#7957,#7958);
#7957 = CARTESIAN_POINT('',(-5.15,1.92,0.325));
#7958 = VECTOR('',#7959,1.);
#7959 = DIRECTION('',(1.,0.,0.));
#7960 = ORIENTED_EDGE('',*,*,#7961,.F.);
#7961 = EDGE_CURVE('',#7962,#7952,#7964,.T.);
#7962 = VERTEX_POINT('',#7963);
#7963 = CARTESIAN_POINT('',(-5.15,0.62,0.325));
#7964 = LINE('',#7965,#7966);
#7965 = CARTESIAN_POINT('',(-5.15,0.62,0.325));
#7966 = VECTOR('',#7967,1.);
#7967 = DIRECTION('',(0.,1.,0.));
#7968 = ORIENTED_EDGE('',*,*,#7969,.T.);
#7969 = EDGE_CURVE('',#7962,#7970,#7972,.T.);
#7970 = VERTEX_POINT('',#7971);
#7971 = CARTESIAN_POINT('',(-4.810902082263,0.62,0.325));
#7972 = LINE('',#7973,#7974);
#7973 = CARTESIAN_POINT('',(-5.15,0.62,0.325));
#7974 = VECTOR('',#7975,1.);
#7975 = DIRECTION('',(1.,0.,0.));
#7976 = ORIENTED_EDGE('',*,*,#7977,.T.);
#7977 = EDGE_CURVE('',#7970,#7954,#7978,.T.);
#7978 = LINE('',#7979,#7980);
#7979 = CARTESIAN_POINT('',(-4.810902082263,0.62,0.325));
#7980 = VECTOR('',#7981,1.);
#7981 = DIRECTION('',(0.,1.,0.));
#7982 = PLANE('',#7983);
#7983 = AXIS2_PLACEMENT_3D('',#7984,#7985,#7986);
#7984 = CARTESIAN_POINT('',(-5.15,0.62,0.325));
#7985 = DIRECTION('',(0.,0.,1.));
#7986 = DIRECTION('',(1.,0.,0.));
#7987 = ADVANCED_FACE('',(#7988),#8072,.T.);
#7988 = FACE_BOUND('',#7989,.T.);
#7989 = EDGE_LOOP('',(#7990,#8000,#8006,#8007,#8016,#8024,#8033,#8041,
    #8049,#8057,#8065));
#7990 = ORIENTED_EDGE('',*,*,#7991,.F.);
#7991 = EDGE_CURVE('',#7992,#7994,#7996,.T.);
#7992 = VERTEX_POINT('',#7993);
#7993 = CARTESIAN_POINT('',(-5.15,1.92,0.));
#7994 = VERTEX_POINT('',#7995);
#7995 = CARTESIAN_POINT('',(-4.636967360754,1.92,0.));
#7996 = LINE('',#7997,#7998);
#7997 = CARTESIAN_POINT('',(-5.15,1.92,0.));
#7998 = VECTOR('',#7999,1.);
#7999 = DIRECTION('',(1.,0.,0.));
#8000 = ORIENTED_EDGE('',*,*,#8001,.T.);
#8001 = EDGE_CURVE('',#7992,#7952,#8002,.T.);
#8002 = LINE('',#8003,#8004);
#8003 = CARTESIAN_POINT('',(-5.15,1.92,0.));
#8004 = VECTOR('',#8005,1.);
#8005 = DIRECTION('',(0.,0.,1.));
#8006 = ORIENTED_EDGE('',*,*,#7951,.T.);
#8007 = ORIENTED_EDGE('',*,*,#8008,.T.);
#8008 = EDGE_CURVE('',#7954,#8009,#8011,.T.);
#8009 = VERTEX_POINT('',#8010);
#8010 = CARTESIAN_POINT('',(-4.675693909433,1.92,0.397361218113));
#8011 = CIRCLE('',#8012,0.1625);
#8012 = AXIS2_PLACEMENT_3D('',#8013,#8014,#8015);
#8013 = CARTESIAN_POINT('',(-4.810902082263,1.92,0.4875));
#8014 = DIRECTION('',(0.,-1.,0.));
#8015 = DIRECTION('',(0.,0.,1.));
#8016 = ORIENTED_EDGE('',*,*,#8017,.T.);
#8017 = EDGE_CURVE('',#8009,#8018,#8020,.T.);
#8018 = VERTEX_POINT('',#8019);
#8019 = CARTESIAN_POINT('',(-3.568657157735,1.92,2.05791634566));
#8020 = LINE('',#8021,#8022);
#8021 = CARTESIAN_POINT('',(-4.82041634566,1.92,0.180277563773));
#8022 = VECTOR('',#8023,1.);
#8023 = DIRECTION('',(0.554700196225,0.,0.832050294338));
#8024 = ORIENTED_EDGE('',*,*,#8025,.T.);
#8025 = EDGE_CURVE('',#8018,#8026,#8028,.T.);
#8026 = VERTEX_POINT('',#8027);
#8027 = CARTESIAN_POINT('',(-3.433448984906,1.92,2.130277563773));
#8028 = CIRCLE('',#8029,0.1625);
#8029 = AXIS2_PLACEMENT_3D('',#8030,#8031,#8032);
#8030 = CARTESIAN_POINT('',(-3.433448984906,1.92,1.967777563773));
#8031 = DIRECTION('',(0.,1.,0.));
#8032 = DIRECTION('',(0.,0.,1.));
#8033 = ORIENTED_EDGE('',*,*,#8034,.T.);
#8034 = EDGE_CURVE('',#8026,#8035,#8037,.T.);
#8035 = VERTEX_POINT('',#8036);
#8036 = CARTESIAN_POINT('',(-3.25,1.92,2.130277563773));
#8037 = LINE('',#8038,#8039);
#8038 = CARTESIAN_POINT('',(-3.52041634566,1.92,2.130277563773));
#8039 = VECTOR('',#8040,1.);
#8040 = DIRECTION('',(1.,0.,0.));
#8041 = ORIENTED_EDGE('',*,*,#8042,.F.);
#8042 = EDGE_CURVE('',#8043,#8035,#8045,.T.);
#8043 = VERTEX_POINT('',#8044);
#8044 = CARTESIAN_POINT('',(-3.25,1.92,1.805277563773));
#8045 = LINE('',#8046,#8047);
#8046 = CARTESIAN_POINT('',(-3.25,1.92,1.805277563773));
#8047 = VECTOR('',#8048,1.);
#8048 = DIRECTION('',(0.,0.,1.));
#8049 = ORIENTED_EDGE('',*,*,#8050,.F.);
#8050 = EDGE_CURVE('',#8051,#8043,#8053,.T.);
#8051 = VERTEX_POINT('',#8052);
#8052 = CARTESIAN_POINT('',(-3.346481624151,1.92,1.805277563773));
#8053 = LINE('',#8054,#8055);
#8054 = CARTESIAN_POINT('',(-3.52041634566,1.92,1.805277563773));
#8055 = VECTOR('',#8056,1.);
#8056 = DIRECTION('',(1.,0.,0.));
#8057 = ORIENTED_EDGE('',*,*,#8058,.F.);
#8058 = EDGE_CURVE('',#8059,#8051,#8061,.T.);
#8059 = VERTEX_POINT('',#8060);
#8060 = CARTESIAN_POINT('',(-4.501759187924,1.92,7.23612181134E-02));
#8061 = LINE('',#8062,#8063);
#8062 = CARTESIAN_POINT('',(-4.55,1.92,0.));
#8063 = VECTOR('',#8064,1.);
#8064 = DIRECTION('',(0.554700196225,0.,0.832050294338));
#8065 = ORIENTED_EDGE('',*,*,#8066,.F.);
#8066 = EDGE_CURVE('',#7994,#8059,#8067,.T.);
#8067 = CIRCLE('',#8068,0.1625);
#8068 = AXIS2_PLACEMENT_3D('',#8069,#8070,#8071);
#8069 = CARTESIAN_POINT('',(-4.636967360754,1.92,0.1625));
#8070 = DIRECTION('',(0.,-1.,0.));
#8071 = DIRECTION('',(0.,0.,1.));
#8072 = PLANE('',#8073);
#8073 = AXIS2_PLACEMENT_3D('',#8074,#8075,#8076);
#8074 = CARTESIAN_POINT('',(-4.150107570958,1.92,0.971913925468));
#8075 = DIRECTION('',(-2.365706358305E-31,1.,2.761702336939E-31));
#8076 = DIRECTION('',(0.,-2.761702336939E-31,1.));
#8077 = ADVANCED_FACE('',(#8078),#8097,.F.);
#8078 = FACE_BOUND('',#8079,.F.);
#8079 = EDGE_LOOP('',(#8080,#8081,#8082,#8090));
#8080 = ORIENTED_EDGE('',*,*,#7977,.T.);
#8081 = ORIENTED_EDGE('',*,*,#8008,.T.);
#8082 = ORIENTED_EDGE('',*,*,#8083,.F.);
#8083 = EDGE_CURVE('',#8084,#8009,#8086,.T.);
#8084 = VERTEX_POINT('',#8085);
#8085 = CARTESIAN_POINT('',(-4.675693909433,0.62,0.397361218113));
#8086 = LINE('',#8087,#8088);
#8087 = CARTESIAN_POINT('',(-4.675693909433,0.62,0.397361218113));
#8088 = VECTOR('',#8089,1.);
#8089 = DIRECTION('',(0.,1.,0.));
#8090 = ORIENTED_EDGE('',*,*,#8091,.F.);
#8091 = EDGE_CURVE('',#7970,#8084,#8092,.T.);
#8092 = CIRCLE('',#8093,0.1625);
#8093 = AXIS2_PLACEMENT_3D('',#8094,#8095,#8096);
#8094 = CARTESIAN_POINT('',(-4.810902082263,0.62,0.4875));
#8095 = DIRECTION('',(0.,-1.,0.));
#8096 = DIRECTION('',(0.,0.,1.));
#8097 = CYLINDRICAL_SURFACE('',#8098,0.1625);
#8098 = AXIS2_PLACEMENT_3D('',#8099,#8100,#8101);
#8099 = CARTESIAN_POINT('',(-4.810902082263,0.62,0.4875));
#8100 = DIRECTION('',(0.,1.,0.));
#8101 = DIRECTION('',(0.,0.,-1.));
#8102 = ADVANCED_FACE('',(#8103),#8121,.F.);
#8103 = FACE_BOUND('',#8104,.F.);
#8104 = EDGE_LOOP('',(#8105,#8113,#8119,#8120));
#8105 = ORIENTED_EDGE('',*,*,#8106,.F.);
#8106 = EDGE_CURVE('',#8107,#7962,#8109,.T.);
#8107 = VERTEX_POINT('',#8108);
#8108 = CARTESIAN_POINT('',(-5.15,0.62,0.));
#8109 = LINE('',#8110,#8111);
#8110 = CARTESIAN_POINT('',(-5.15,0.62,0.));
#8111 = VECTOR('',#8112,1.);
#8112 = DIRECTION('',(0.,0.,1.));
#8113 = ORIENTED_EDGE('',*,*,#8114,.T.);
#8114 = EDGE_CURVE('',#8107,#7992,#8115,.T.);
#8115 = LINE('',#8116,#8117);
#8116 = CARTESIAN_POINT('',(-5.15,0.62,0.));
#8117 = VECTOR('',#8118,1.);
#8118 = DIRECTION('',(0.,1.,0.));
#8119 = ORIENTED_EDGE('',*,*,#8001,.T.);
#8120 = ORIENTED_EDGE('',*,*,#7961,.F.);
#8121 = PLANE('',#8122);
#8122 = AXIS2_PLACEMENT_3D('',#8123,#8124,#8125);
#8123 = CARTESIAN_POINT('',(-5.15,0.62,0.));
#8124 = DIRECTION('',(1.,0.,0.));
#8125 = DIRECTION('',(0.,0.,1.));
#8126 = ADVANCED_FACE('',(#8127),#8196,.T.);
#8127 = FACE_BOUND('',#8128,.T.);
#8128 = EDGE_LOOP('',(#8129,#8137,#8146,#8154,#8162,#8170,#8178,#8187,
    #8193,#8194,#8195));
#8129 = ORIENTED_EDGE('',*,*,#8130,.T.);
#8130 = EDGE_CURVE('',#8107,#8131,#8133,.T.);
#8131 = VERTEX_POINT('',#8132);
#8132 = CARTESIAN_POINT('',(-4.636967360754,0.62,0.));
#8133 = LINE('',#8134,#8135);
#8134 = CARTESIAN_POINT('',(-5.15,0.62,0.));
#8135 = VECTOR('',#8136,1.);
#8136 = DIRECTION('',(1.,0.,0.));
#8137 = ORIENTED_EDGE('',*,*,#8138,.T.);
#8138 = EDGE_CURVE('',#8131,#8139,#8141,.T.);
#8139 = VERTEX_POINT('',#8140);
#8140 = CARTESIAN_POINT('',(-4.501759187924,0.62,7.23612181134E-02));
#8141 = CIRCLE('',#8142,0.1625);
#8142 = AXIS2_PLACEMENT_3D('',#8143,#8144,#8145);
#8143 = CARTESIAN_POINT('',(-4.636967360754,0.62,0.1625));
#8144 = DIRECTION('',(0.,-1.,0.));
#8145 = DIRECTION('',(0.,0.,1.));
#8146 = ORIENTED_EDGE('',*,*,#8147,.T.);
#8147 = EDGE_CURVE('',#8139,#8148,#8150,.T.);
#8148 = VERTEX_POINT('',#8149);
#8149 = CARTESIAN_POINT('',(-3.346481624151,0.62,1.805277563773));
#8150 = LINE('',#8151,#8152);
#8151 = CARTESIAN_POINT('',(-4.55,0.62,0.));
#8152 = VECTOR('',#8153,1.);
#8153 = DIRECTION('',(0.554700196225,0.,0.832050294338));
#8154 = ORIENTED_EDGE('',*,*,#8155,.T.);
#8155 = EDGE_CURVE('',#8148,#8156,#8158,.T.);
#8156 = VERTEX_POINT('',#8157);
#8157 = CARTESIAN_POINT('',(-3.25,0.62,1.805277563773));
#8158 = LINE('',#8159,#8160);
#8159 = CARTESIAN_POINT('',(-3.52041634566,0.62,1.805277563773));
#8160 = VECTOR('',#8161,1.);
#8161 = DIRECTION('',(1.,0.,0.));
#8162 = ORIENTED_EDGE('',*,*,#8163,.T.);
#8163 = EDGE_CURVE('',#8156,#8164,#8166,.T.);
#8164 = VERTEX_POINT('',#8165);
#8165 = CARTESIAN_POINT('',(-3.25,0.62,2.130277563773));
#8166 = LINE('',#8167,#8168);
#8167 = CARTESIAN_POINT('',(-3.25,0.62,1.805277563773));
#8168 = VECTOR('',#8169,1.);
#8169 = DIRECTION('',(0.,0.,1.));
#8170 = ORIENTED_EDGE('',*,*,#8171,.F.);
#8171 = EDGE_CURVE('',#8172,#8164,#8174,.T.);
#8172 = VERTEX_POINT('',#8173);
#8173 = CARTESIAN_POINT('',(-3.433448984906,0.62,2.130277563773));
#8174 = LINE('',#8175,#8176);
#8175 = CARTESIAN_POINT('',(-3.52041634566,0.62,2.130277563773));
#8176 = VECTOR('',#8177,1.);
#8177 = DIRECTION('',(1.,0.,0.));
#8178 = ORIENTED_EDGE('',*,*,#8179,.F.);
#8179 = EDGE_CURVE('',#8180,#8172,#8182,.T.);
#8180 = VERTEX_POINT('',#8181);
#8181 = CARTESIAN_POINT('',(-3.568657157735,0.62,2.05791634566));
#8182 = CIRCLE('',#8183,0.1625);
#8183 = AXIS2_PLACEMENT_3D('',#8184,#8185,#8186);
#8184 = CARTESIAN_POINT('',(-3.433448984906,0.62,1.967777563773));
#8185 = DIRECTION('',(0.,1.,0.));
#8186 = DIRECTION('',(0.,0.,1.));
#8187 = ORIENTED_EDGE('',*,*,#8188,.F.);
#8188 = EDGE_CURVE('',#8084,#8180,#8189,.T.);
#8189 = LINE('',#8190,#8191);
#8190 = CARTESIAN_POINT('',(-4.82041634566,0.62,0.180277563773));
#8191 = VECTOR('',#8192,1.);
#8192 = DIRECTION('',(0.554700196225,0.,0.832050294338));
#8193 = ORIENTED_EDGE('',*,*,#8091,.F.);
#8194 = ORIENTED_EDGE('',*,*,#7969,.F.);
#8195 = ORIENTED_EDGE('',*,*,#8106,.F.);
#8196 = PLANE('',#8197);
#8197 = AXIS2_PLACEMENT_3D('',#8198,#8199,#8200);
#8198 = CARTESIAN_POINT('',(-4.150107570958,0.62,0.971913925468));
#8199 = DIRECTION('',(-3.873518376319E-30,-1.,2.807634479417E-30));
#8200 = DIRECTION('',(-1.,3.873518376319E-30,0.));
#8201 = ADVANCED_FACE('',(#8202),#8213,.F.);
#8202 = FACE_BOUND('',#8203,.F.);
#8203 = EDGE_LOOP('',(#8204,#8205,#8206,#8207));
#8204 = ORIENTED_EDGE('',*,*,#7991,.F.);
#8205 = ORIENTED_EDGE('',*,*,#8114,.F.);
#8206 = ORIENTED_EDGE('',*,*,#8130,.T.);
#8207 = ORIENTED_EDGE('',*,*,#8208,.T.);
#8208 = EDGE_CURVE('',#8131,#7994,#8209,.T.);
#8209 = LINE('',#8210,#8211);
#8210 = CARTESIAN_POINT('',(-4.636967360754,0.62,0.));
#8211 = VECTOR('',#8212,1.);
#8212 = DIRECTION('',(0.,1.,0.));
#8213 = PLANE('',#8214);
#8214 = AXIS2_PLACEMENT_3D('',#8215,#8216,#8217);
#8215 = CARTESIAN_POINT('',(-5.15,0.62,0.));
#8216 = DIRECTION('',(0.,0.,1.));
#8217 = DIRECTION('',(1.,0.,0.));
#8218 = ADVANCED_FACE('',(#8219),#8230,.T.);
#8219 = FACE_BOUND('',#8220,.T.);
#8220 = EDGE_LOOP('',(#8221,#8222,#8223,#8229));
#8221 = ORIENTED_EDGE('',*,*,#8208,.T.);
#8222 = ORIENTED_EDGE('',*,*,#8066,.T.);
#8223 = ORIENTED_EDGE('',*,*,#8224,.F.);
#8224 = EDGE_CURVE('',#8139,#8059,#8225,.T.);
#8225 = LINE('',#8226,#8227);
#8226 = CARTESIAN_POINT('',(-4.501759187924,0.62,7.23612181134E-02));
#8227 = VECTOR('',#8228,1.);
#8228 = DIRECTION('',(0.,1.,0.));
#8229 = ORIENTED_EDGE('',*,*,#8138,.F.);
#8230 = CYLINDRICAL_SURFACE('',#8231,0.1625);
#8231 = AXIS2_PLACEMENT_3D('',#8232,#8233,#8234);
#8232 = CARTESIAN_POINT('',(-4.636967360754,0.62,0.1625));
#8233 = DIRECTION('',(0.,1.,0.));
#8234 = DIRECTION('',(0.,0.,-1.));
#8235 = ADVANCED_FACE('',(#8236),#8247,.T.);
#8236 = FACE_BOUND('',#8237,.T.);
#8237 = EDGE_LOOP('',(#8238,#8239,#8240,#8241));
#8238 = ORIENTED_EDGE('',*,*,#8147,.F.);
#8239 = ORIENTED_EDGE('',*,*,#8224,.T.);
#8240 = ORIENTED_EDGE('',*,*,#8058,.T.);
#8241 = ORIENTED_EDGE('',*,*,#8242,.F.);
#8242 = EDGE_CURVE('',#8148,#8051,#8243,.T.);
#8243 = LINE('',#8244,#8245);
#8244 = CARTESIAN_POINT('',(-3.346481624151,0.62,1.805277563773));
#8245 = VECTOR('',#8246,1.);
#8246 = DIRECTION('',(0.,1.,0.));
#8247 = PLANE('',#8248);
#8248 = AXIS2_PLACEMENT_3D('',#8249,#8250,#8251);
#8249 = CARTESIAN_POINT('',(-4.55,0.62,0.));
#8250 = DIRECTION('',(0.832050294338,0.,-0.554700196225));
#8251 = DIRECTION('',(0.554700196225,0.,0.832050294338));
#8252 = ADVANCED_FACE('',(#8253),#8264,.F.);
#8253 = FACE_BOUND('',#8254,.F.);
#8254 = EDGE_LOOP('',(#8255,#8256,#8257,#8258));
#8255 = ORIENTED_EDGE('',*,*,#8050,.F.);
#8256 = ORIENTED_EDGE('',*,*,#8242,.F.);
#8257 = ORIENTED_EDGE('',*,*,#8155,.T.);
#8258 = ORIENTED_EDGE('',*,*,#8259,.T.);
#8259 = EDGE_CURVE('',#8156,#8043,#8260,.T.);
#8260 = LINE('',#8261,#8262);
#8261 = CARTESIAN_POINT('',(-3.25,0.62,1.805277563773));
#8262 = VECTOR('',#8263,1.);
#8263 = DIRECTION('',(0.,1.,0.));
#8264 = PLANE('',#8265);
#8265 = AXIS2_PLACEMENT_3D('',#8266,#8267,#8268);
#8266 = CARTESIAN_POINT('',(-3.52041634566,0.62,1.805277563773));
#8267 = DIRECTION('',(0.,0.,1.));
#8268 = DIRECTION('',(1.,0.,0.));
#8269 = ADVANCED_FACE('',(#8270),#8281,.T.);
#8270 = FACE_BOUND('',#8271,.T.);
#8271 = EDGE_LOOP('',(#8272,#8273,#8274,#8275));
#8272 = ORIENTED_EDGE('',*,*,#8163,.F.);
#8273 = ORIENTED_EDGE('',*,*,#8259,.T.);
#8274 = ORIENTED_EDGE('',*,*,#8042,.T.);
#8275 = ORIENTED_EDGE('',*,*,#8276,.F.);
#8276 = EDGE_CURVE('',#8164,#8035,#8277,.T.);
#8277 = LINE('',#8278,#8279);
#8278 = CARTESIAN_POINT('',(-3.25,0.62,2.130277563773));
#8279 = VECTOR('',#8280,1.);
#8280 = DIRECTION('',(0.,1.,0.));
#8281 = PLANE('',#8282);
#8282 = AXIS2_PLACEMENT_3D('',#8283,#8284,#8285);
#8283 = CARTESIAN_POINT('',(-3.25,0.62,1.805277563773));
#8284 = DIRECTION('',(1.,0.,0.));
#8285 = DIRECTION('',(0.,0.,1.));
#8286 = ADVANCED_FACE('',(#8287),#8298,.F.);
#8287 = FACE_BOUND('',#8288,.F.);
#8288 = EDGE_LOOP('',(#8289,#8290,#8291,#8292));
#8289 = ORIENTED_EDGE('',*,*,#8188,.F.);
#8290 = ORIENTED_EDGE('',*,*,#8083,.T.);
#8291 = ORIENTED_EDGE('',*,*,#8017,.T.);
#8292 = ORIENTED_EDGE('',*,*,#8293,.F.);
#8293 = EDGE_CURVE('',#8180,#8018,#8294,.T.);
#8294 = LINE('',#8295,#8296);
#8295 = CARTESIAN_POINT('',(-3.568657157735,0.62,2.05791634566));
#8296 = VECTOR('',#8297,1.);
#8297 = DIRECTION('',(0.,1.,0.));
#8298 = PLANE('',#8299);
#8299 = AXIS2_PLACEMENT_3D('',#8300,#8301,#8302);
#8300 = CARTESIAN_POINT('',(-4.82041634566,0.62,0.180277563773));
#8301 = DIRECTION('',(0.832050294338,0.,-0.554700196225));
#8302 = DIRECTION('',(0.554700196225,0.,0.832050294338));
#8303 = ADVANCED_FACE('',(#8304),#8315,.T.);
#8304 = FACE_BOUND('',#8305,.T.);
#8305 = EDGE_LOOP('',(#8306,#8307,#8308,#8309));
#8306 = ORIENTED_EDGE('',*,*,#8171,.T.);
#8307 = ORIENTED_EDGE('',*,*,#8276,.T.);
#8308 = ORIENTED_EDGE('',*,*,#8034,.F.);
#8309 = ORIENTED_EDGE('',*,*,#8310,.F.);
#8310 = EDGE_CURVE('',#8172,#8026,#8311,.T.);
#8311 = LINE('',#8312,#8313);
#8312 = CARTESIAN_POINT('',(-3.433448984906,0.62,2.130277563773));
#8313 = VECTOR('',#8314,1.);
#8314 = DIRECTION('',(0.,1.,0.));
#8315 = PLANE('',#8316);
#8316 = AXIS2_PLACEMENT_3D('',#8317,#8318,#8319);
#8317 = CARTESIAN_POINT('',(-3.52041634566,0.62,2.130277563773));
#8318 = DIRECTION('',(0.,0.,1.));
#8319 = DIRECTION('',(1.,0.,0.));
#8320 = ADVANCED_FACE('',(#8321),#8327,.T.);
#8321 = FACE_BOUND('',#8322,.T.);
#8322 = EDGE_LOOP('',(#8323,#8324,#8325,#8326));
#8323 = ORIENTED_EDGE('',*,*,#8179,.T.);
#8324 = ORIENTED_EDGE('',*,*,#8310,.T.);
#8325 = ORIENTED_EDGE('',*,*,#8025,.F.);
#8326 = ORIENTED_EDGE('',*,*,#8293,.F.);
#8327 = CYLINDRICAL_SURFACE('',#8328,0.1625);
#8328 = AXIS2_PLACEMENT_3D('',#8329,#8330,#8331);
#8329 = CARTESIAN_POINT('',(-3.433448984906,0.62,1.967777563773));
#8330 = DIRECTION('',(0.,1.,0.));
#8331 = DIRECTION('',(-0.832050294338,0.,0.554700196225));
#8332 = MANIFOLD_SOLID_BREP('',#8333);
#8333 = CLOSED_SHELL('',(#8334,#8374,#8464,#8489,#8513,#8588,#8605,#8622
    ,#8639,#8656,#8673,#8690,#8707));
#8334 = ADVANCED_FACE('',(#8335),#8369,.T.);
#8335 = FACE_BOUND('',#8336,.T.);
#8336 = EDGE_LOOP('',(#8337,#8347,#8355,#8363));
#8337 = ORIENTED_EDGE('',*,*,#8338,.F.);
#8338 = EDGE_CURVE('',#8339,#8341,#8343,.T.);
#8339 = VERTEX_POINT('',#8340);
#8340 = CARTESIAN_POINT('',(4.810902082263,1.92,0.325));
#8341 = VERTEX_POINT('',#8342);
#8342 = CARTESIAN_POINT('',(5.15,1.92,0.325));
#8343 = LINE('',#8344,#8345);
#8344 = CARTESIAN_POINT('',(4.55,1.92,0.325));
#8345 = VECTOR('',#8346,1.);
#8346 = DIRECTION('',(1.,0.,0.));
#8347 = ORIENTED_EDGE('',*,*,#8348,.F.);
#8348 = EDGE_CURVE('',#8349,#8339,#8351,.T.);
#8349 = VERTEX_POINT('',#8350);
#8350 = CARTESIAN_POINT('',(4.810902082263,0.62,0.325));
#8351 = LINE('',#8352,#8353);
#8352 = CARTESIAN_POINT('',(4.810902082263,0.62,0.325));
#8353 = VECTOR('',#8354,1.);
#8354 = DIRECTION('',(0.,1.,0.));
#8355 = ORIENTED_EDGE('',*,*,#8356,.T.);
#8356 = EDGE_CURVE('',#8349,#8357,#8359,.T.);
#8357 = VERTEX_POINT('',#8358);
#8358 = CARTESIAN_POINT('',(5.15,0.62,0.325));
#8359 = LINE('',#8360,#8361);
#8360 = CARTESIAN_POINT('',(4.55,0.62,0.325));
#8361 = VECTOR('',#8362,1.);
#8362 = DIRECTION('',(1.,0.,0.));
#8363 = ORIENTED_EDGE('',*,*,#8364,.T.);
#8364 = EDGE_CURVE('',#8357,#8341,#8365,.T.);
#8365 = LINE('',#8366,#8367);
#8366 = CARTESIAN_POINT('',(5.15,0.62,0.325));
#8367 = VECTOR('',#8368,1.);
#8368 = DIRECTION('',(0.,1.,0.));
#8369 = PLANE('',#8370);
#8370 = AXIS2_PLACEMENT_3D('',#8371,#8372,#8373);
#8371 = CARTESIAN_POINT('',(4.55,0.62,0.325));
#8372 = DIRECTION('',(0.,0.,1.));
#8373 = DIRECTION('',(1.,0.,0.));
#8374 = ADVANCED_FACE('',(#8375),#8459,.T.);
#8375 = FACE_BOUND('',#8376,.T.);
#8376 = EDGE_LOOP('',(#8377,#8387,#8396,#8404,#8412,#8420,#8428,#8437,
    #8445,#8452,#8453));
#8377 = ORIENTED_EDGE('',*,*,#8378,.F.);
#8378 = EDGE_CURVE('',#8379,#8381,#8383,.T.);
#8379 = VERTEX_POINT('',#8380);
#8380 = CARTESIAN_POINT('',(4.636967360754,1.92,0.));
#8381 = VERTEX_POINT('',#8382);
#8382 = CARTESIAN_POINT('',(5.15,1.92,0.));
#8383 = LINE('',#8384,#8385);
#8384 = CARTESIAN_POINT('',(4.55,1.92,0.));
#8385 = VECTOR('',#8386,1.);
#8386 = DIRECTION('',(1.,0.,0.));
#8387 = ORIENTED_EDGE('',*,*,#8388,.T.);
#8388 = EDGE_CURVE('',#8379,#8389,#8391,.T.);
#8389 = VERTEX_POINT('',#8390);
#8390 = CARTESIAN_POINT('',(4.501759187924,1.92,7.23612181134E-02));
#8391 = CIRCLE('',#8392,0.1625);
#8392 = AXIS2_PLACEMENT_3D('',#8393,#8394,#8395);
#8393 = CARTESIAN_POINT('',(4.636967360754,1.92,0.1625));
#8394 = DIRECTION('',(0.,1.,0.));
#8395 = DIRECTION('',(0.,0.,1.));
#8396 = ORIENTED_EDGE('',*,*,#8397,.T.);
#8397 = EDGE_CURVE('',#8389,#8398,#8400,.T.);
#8398 = VERTEX_POINT('',#8399);
#8399 = CARTESIAN_POINT('',(3.346481624151,1.92,1.805277563773));
#8400 = LINE('',#8401,#8402);
#8401 = CARTESIAN_POINT('',(4.55,1.92,0.));
#8402 = VECTOR('',#8403,1.);
#8403 = DIRECTION('',(-0.554700196225,0.,0.832050294338));
#8404 = ORIENTED_EDGE('',*,*,#8405,.F.);
#8405 = EDGE_CURVE('',#8406,#8398,#8408,.T.);
#8406 = VERTEX_POINT('',#8407);
#8407 = CARTESIAN_POINT('',(3.25,1.92,1.805277563773));
#8408 = LINE('',#8409,#8410);
#8409 = CARTESIAN_POINT('',(3.25,1.92,1.805277563773));
#8410 = VECTOR('',#8411,1.);
#8411 = DIRECTION('',(1.,0.,0.));
#8412 = ORIENTED_EDGE('',*,*,#8413,.T.);
#8413 = EDGE_CURVE('',#8406,#8414,#8416,.T.);
#8414 = VERTEX_POINT('',#8415);
#8415 = CARTESIAN_POINT('',(3.25,1.92,2.130277563773));
#8416 = LINE('',#8417,#8418);
#8417 = CARTESIAN_POINT('',(3.25,1.92,1.805277563773));
#8418 = VECTOR('',#8419,1.);
#8419 = DIRECTION('',(0.,0.,1.));
#8420 = ORIENTED_EDGE('',*,*,#8421,.T.);
#8421 = EDGE_CURVE('',#8414,#8422,#8424,.T.);
#8422 = VERTEX_POINT('',#8423);
#8423 = CARTESIAN_POINT('',(3.433448984906,1.92,2.130277563773));
#8424 = LINE('',#8425,#8426);
#8425 = CARTESIAN_POINT('',(3.25,1.92,2.130277563773));
#8426 = VECTOR('',#8427,1.);
#8427 = DIRECTION('',(1.,0.,0.));
#8428 = ORIENTED_EDGE('',*,*,#8429,.F.);
#8429 = EDGE_CURVE('',#8430,#8422,#8432,.T.);
#8430 = VERTEX_POINT('',#8431);
#8431 = CARTESIAN_POINT('',(3.568657157735,1.92,2.05791634566));
#8432 = CIRCLE('',#8433,0.1625);
#8433 = AXIS2_PLACEMENT_3D('',#8434,#8435,#8436);
#8434 = CARTESIAN_POINT('',(3.433448984906,1.92,1.967777563773));
#8435 = DIRECTION('',(0.,-1.,0.));
#8436 = DIRECTION('',(0.,0.,1.));
#8437 = ORIENTED_EDGE('',*,*,#8438,.F.);
#8438 = EDGE_CURVE('',#8439,#8430,#8441,.T.);
#8439 = VERTEX_POINT('',#8440);
#8440 = CARTESIAN_POINT('',(4.675693909433,1.92,0.397361218113));
#8441 = LINE('',#8442,#8443);
#8442 = CARTESIAN_POINT('',(4.82041634566,1.92,0.180277563773));
#8443 = VECTOR('',#8444,1.);
#8444 = DIRECTION('',(-0.554700196225,0.,0.832050294338));
#8445 = ORIENTED_EDGE('',*,*,#8446,.F.);
#8446 = EDGE_CURVE('',#8339,#8439,#8447,.T.);
#8447 = CIRCLE('',#8448,0.1625);
#8448 = AXIS2_PLACEMENT_3D('',#8449,#8450,#8451);
#8449 = CARTESIAN_POINT('',(4.810902082263,1.92,0.4875));
#8450 = DIRECTION('',(0.,1.,0.));
#8451 = DIRECTION('',(0.,0.,1.));
#8452 = ORIENTED_EDGE('',*,*,#8338,.T.);
#8453 = ORIENTED_EDGE('',*,*,#8454,.F.);
#8454 = EDGE_CURVE('',#8381,#8341,#8455,.T.);
#8455 = LINE('',#8456,#8457);
#8456 = CARTESIAN_POINT('',(5.15,1.92,0.));
#8457 = VECTOR('',#8458,1.);
#8458 = DIRECTION('',(0.,0.,1.));
#8459 = PLANE('',#8460);
#8460 = AXIS2_PLACEMENT_3D('',#8461,#8462,#8463);
#8461 = CARTESIAN_POINT('',(4.150107570958,1.92,0.971913925468));
#8462 = DIRECTION('',(-2.248109358163E-30,1.,-1.723337526669E-30));
#8463 = DIRECTION('',(1.,2.248109358163E-30,0.));
#8464 = ADVANCED_FACE('',(#8465),#8484,.F.);
#8465 = FACE_BOUND('',#8466,.F.);
#8466 = EDGE_LOOP('',(#8467,#8476,#8482,#8483));
#8467 = ORIENTED_EDGE('',*,*,#8468,.T.);
#8468 = EDGE_CURVE('',#8349,#8469,#8471,.T.);
#8469 = VERTEX_POINT('',#8470);
#8470 = CARTESIAN_POINT('',(4.675693909433,0.62,0.397361218113));
#8471 = CIRCLE('',#8472,0.1625);
#8472 = AXIS2_PLACEMENT_3D('',#8473,#8474,#8475);
#8473 = CARTESIAN_POINT('',(4.810902082263,0.62,0.4875));
#8474 = DIRECTION('',(0.,1.,0.));
#8475 = DIRECTION('',(0.,0.,1.));
#8476 = ORIENTED_EDGE('',*,*,#8477,.T.);
#8477 = EDGE_CURVE('',#8469,#8439,#8478,.T.);
#8478 = LINE('',#8479,#8480);
#8479 = CARTESIAN_POINT('',(4.675693909433,0.62,0.397361218113));
#8480 = VECTOR('',#8481,1.);
#8481 = DIRECTION('',(0.,1.,0.));
#8482 = ORIENTED_EDGE('',*,*,#8446,.F.);
#8483 = ORIENTED_EDGE('',*,*,#8348,.F.);
#8484 = CYLINDRICAL_SURFACE('',#8485,0.1625);
#8485 = AXIS2_PLACEMENT_3D('',#8486,#8487,#8488);
#8486 = CARTESIAN_POINT('',(4.810902082263,0.62,0.4875));
#8487 = DIRECTION('',(0.,1.,0.));
#8488 = DIRECTION('',(0.,0.,-1.));
#8489 = ADVANCED_FACE('',(#8490),#8508,.T.);
#8490 = FACE_BOUND('',#8491,.T.);
#8491 = EDGE_LOOP('',(#8492,#8500,#8506,#8507));
#8492 = ORIENTED_EDGE('',*,*,#8493,.F.);
#8493 = EDGE_CURVE('',#8494,#8357,#8496,.T.);
#8494 = VERTEX_POINT('',#8495);
#8495 = CARTESIAN_POINT('',(5.15,0.62,0.));
#8496 = LINE('',#8497,#8498);
#8497 = CARTESIAN_POINT('',(5.15,0.62,0.));
#8498 = VECTOR('',#8499,1.);
#8499 = DIRECTION('',(0.,0.,1.));
#8500 = ORIENTED_EDGE('',*,*,#8501,.T.);
#8501 = EDGE_CURVE('',#8494,#8381,#8502,.T.);
#8502 = LINE('',#8503,#8504);
#8503 = CARTESIAN_POINT('',(5.15,0.62,0.));
#8504 = VECTOR('',#8505,1.);
#8505 = DIRECTION('',(0.,1.,0.));
#8506 = ORIENTED_EDGE('',*,*,#8454,.T.);
#8507 = ORIENTED_EDGE('',*,*,#8364,.F.);
#8508 = PLANE('',#8509);
#8509 = AXIS2_PLACEMENT_3D('',#8510,#8511,#8512);
#8510 = CARTESIAN_POINT('',(5.15,0.62,0.));
#8511 = DIRECTION('',(1.,0.,0.));
#8512 = DIRECTION('',(0.,0.,1.));
#8513 = ADVANCED_FACE('',(#8514),#8583,.T.);
#8514 = FACE_BOUND('',#8515,.T.);
#8515 = EDGE_LOOP('',(#8516,#8524,#8525,#8526,#8527,#8535,#8544,#8552,
    #8560,#8568,#8576));
#8516 = ORIENTED_EDGE('',*,*,#8517,.T.);
#8517 = EDGE_CURVE('',#8518,#8494,#8520,.T.);
#8518 = VERTEX_POINT('',#8519);
#8519 = CARTESIAN_POINT('',(4.636967360754,0.62,0.));
#8520 = LINE('',#8521,#8522);
#8521 = CARTESIAN_POINT('',(4.55,0.62,0.));
#8522 = VECTOR('',#8523,1.);
#8523 = DIRECTION('',(1.,0.,0.));
#8524 = ORIENTED_EDGE('',*,*,#8493,.T.);
#8525 = ORIENTED_EDGE('',*,*,#8356,.F.);
#8526 = ORIENTED_EDGE('',*,*,#8468,.T.);
#8527 = ORIENTED_EDGE('',*,*,#8528,.T.);
#8528 = EDGE_CURVE('',#8469,#8529,#8531,.T.);
#8529 = VERTEX_POINT('',#8530);
#8530 = CARTESIAN_POINT('',(3.568657157735,0.62,2.05791634566));
#8531 = LINE('',#8532,#8533);
#8532 = CARTESIAN_POINT('',(4.82041634566,0.62,0.180277563773));
#8533 = VECTOR('',#8534,1.);
#8534 = DIRECTION('',(-0.554700196225,0.,0.832050294338));
#8535 = ORIENTED_EDGE('',*,*,#8536,.T.);
#8536 = EDGE_CURVE('',#8529,#8537,#8539,.T.);
#8537 = VERTEX_POINT('',#8538);
#8538 = CARTESIAN_POINT('',(3.433448984906,0.62,2.130277563773));
#8539 = CIRCLE('',#8540,0.1625);
#8540 = AXIS2_PLACEMENT_3D('',#8541,#8542,#8543);
#8541 = CARTESIAN_POINT('',(3.433448984906,0.62,1.967777563773));
#8542 = DIRECTION('',(0.,-1.,0.));
#8543 = DIRECTION('',(0.,0.,1.));
#8544 = ORIENTED_EDGE('',*,*,#8545,.F.);
#8545 = EDGE_CURVE('',#8546,#8537,#8548,.T.);
#8546 = VERTEX_POINT('',#8547);
#8547 = CARTESIAN_POINT('',(3.25,0.62,2.130277563773));
#8548 = LINE('',#8549,#8550);
#8549 = CARTESIAN_POINT('',(3.25,0.62,2.130277563773));
#8550 = VECTOR('',#8551,1.);
#8551 = DIRECTION('',(1.,0.,0.));
#8552 = ORIENTED_EDGE('',*,*,#8553,.F.);
#8553 = EDGE_CURVE('',#8554,#8546,#8556,.T.);
#8554 = VERTEX_POINT('',#8555);
#8555 = CARTESIAN_POINT('',(3.25,0.62,1.805277563773));
#8556 = LINE('',#8557,#8558);
#8557 = CARTESIAN_POINT('',(3.25,0.62,1.805277563773));
#8558 = VECTOR('',#8559,1.);
#8559 = DIRECTION('',(0.,0.,1.));
#8560 = ORIENTED_EDGE('',*,*,#8561,.T.);
#8561 = EDGE_CURVE('',#8554,#8562,#8564,.T.);
#8562 = VERTEX_POINT('',#8563);
#8563 = CARTESIAN_POINT('',(3.346481624151,0.62,1.805277563773));
#8564 = LINE('',#8565,#8566);
#8565 = CARTESIAN_POINT('',(3.25,0.62,1.805277563773));
#8566 = VECTOR('',#8567,1.);
#8567 = DIRECTION('',(1.,0.,0.));
#8568 = ORIENTED_EDGE('',*,*,#8569,.F.);
#8569 = EDGE_CURVE('',#8570,#8562,#8572,.T.);
#8570 = VERTEX_POINT('',#8571);
#8571 = CARTESIAN_POINT('',(4.501759187924,0.62,7.23612181134E-02));
#8572 = LINE('',#8573,#8574);
#8573 = CARTESIAN_POINT('',(4.55,0.62,0.));
#8574 = VECTOR('',#8575,1.);
#8575 = DIRECTION('',(-0.554700196225,0.,0.832050294338));
#8576 = ORIENTED_EDGE('',*,*,#8577,.F.);
#8577 = EDGE_CURVE('',#8518,#8570,#8578,.T.);
#8578 = CIRCLE('',#8579,0.1625);
#8579 = AXIS2_PLACEMENT_3D('',#8580,#8581,#8582);
#8580 = CARTESIAN_POINT('',(4.636967360754,0.62,0.1625));
#8581 = DIRECTION('',(0.,1.,0.));
#8582 = DIRECTION('',(0.,0.,1.));
#8583 = PLANE('',#8584);
#8584 = AXIS2_PLACEMENT_3D('',#8585,#8586,#8587);
#8585 = CARTESIAN_POINT('',(4.150107570958,0.62,0.971913925468));
#8586 = DIRECTION('',(7.336161560805E-32,-1.,2.473892186967E-32));
#8587 = DIRECTION('',(-1.,-7.336161560805E-32,0.));
#8588 = ADVANCED_FACE('',(#8589),#8600,.F.);
#8589 = FACE_BOUND('',#8590,.F.);
#8590 = EDGE_LOOP('',(#8591,#8592,#8593,#8594));
#8591 = ORIENTED_EDGE('',*,*,#8517,.T.);
#8592 = ORIENTED_EDGE('',*,*,#8501,.T.);
#8593 = ORIENTED_EDGE('',*,*,#8378,.F.);
#8594 = ORIENTED_EDGE('',*,*,#8595,.F.);
#8595 = EDGE_CURVE('',#8518,#8379,#8596,.T.);
#8596 = LINE('',#8597,#8598);
#8597 = CARTESIAN_POINT('',(4.636967360754,0.62,0.));
#8598 = VECTOR('',#8599,1.);
#8599 = DIRECTION('',(0.,1.,0.));
#8600 = PLANE('',#8601);
#8601 = AXIS2_PLACEMENT_3D('',#8602,#8603,#8604);
#8602 = CARTESIAN_POINT('',(4.55,0.62,0.));
#8603 = DIRECTION('',(0.,0.,1.));
#8604 = DIRECTION('',(1.,0.,0.));
#8605 = ADVANCED_FACE('',(#8606),#8617,.T.);
#8606 = FACE_BOUND('',#8607,.T.);
#8607 = EDGE_LOOP('',(#8608,#8609,#8615,#8616));
#8608 = ORIENTED_EDGE('',*,*,#8577,.T.);
#8609 = ORIENTED_EDGE('',*,*,#8610,.T.);
#8610 = EDGE_CURVE('',#8570,#8389,#8611,.T.);
#8611 = LINE('',#8612,#8613);
#8612 = CARTESIAN_POINT('',(4.501759187924,0.62,7.23612181134E-02));
#8613 = VECTOR('',#8614,1.);
#8614 = DIRECTION('',(0.,1.,0.));
#8615 = ORIENTED_EDGE('',*,*,#8388,.F.);
#8616 = ORIENTED_EDGE('',*,*,#8595,.F.);
#8617 = CYLINDRICAL_SURFACE('',#8618,0.1625);
#8618 = AXIS2_PLACEMENT_3D('',#8619,#8620,#8621);
#8619 = CARTESIAN_POINT('',(4.636967360754,0.62,0.1625));
#8620 = DIRECTION('',(0.,1.,0.));
#8621 = DIRECTION('',(0.,0.,-1.));
#8622 = ADVANCED_FACE('',(#8623),#8634,.F.);
#8623 = FACE_BOUND('',#8624,.F.);
#8624 = EDGE_LOOP('',(#8625,#8626,#8627,#8628));
#8625 = ORIENTED_EDGE('',*,*,#8569,.F.);
#8626 = ORIENTED_EDGE('',*,*,#8610,.T.);
#8627 = ORIENTED_EDGE('',*,*,#8397,.T.);
#8628 = ORIENTED_EDGE('',*,*,#8629,.F.);
#8629 = EDGE_CURVE('',#8562,#8398,#8630,.T.);
#8630 = LINE('',#8631,#8632);
#8631 = CARTESIAN_POINT('',(3.346481624151,0.62,1.805277563773));
#8632 = VECTOR('',#8633,1.);
#8633 = DIRECTION('',(0.,1.,0.));
#8634 = PLANE('',#8635);
#8635 = AXIS2_PLACEMENT_3D('',#8636,#8637,#8638);
#8636 = CARTESIAN_POINT('',(4.55,0.62,0.));
#8637 = DIRECTION('',(0.832050294338,0.,0.554700196225));
#8638 = DIRECTION('',(-0.554700196225,0.,0.832050294338));
#8639 = ADVANCED_FACE('',(#8640),#8651,.F.);
#8640 = FACE_BOUND('',#8641,.F.);
#8641 = EDGE_LOOP('',(#8642,#8643,#8649,#8650));
#8642 = ORIENTED_EDGE('',*,*,#8405,.F.);
#8643 = ORIENTED_EDGE('',*,*,#8644,.F.);
#8644 = EDGE_CURVE('',#8554,#8406,#8645,.T.);
#8645 = LINE('',#8646,#8647);
#8646 = CARTESIAN_POINT('',(3.25,0.62,1.805277563773));
#8647 = VECTOR('',#8648,1.);
#8648 = DIRECTION('',(0.,1.,0.));
#8649 = ORIENTED_EDGE('',*,*,#8561,.T.);
#8650 = ORIENTED_EDGE('',*,*,#8629,.T.);
#8651 = PLANE('',#8652);
#8652 = AXIS2_PLACEMENT_3D('',#8653,#8654,#8655);
#8653 = CARTESIAN_POINT('',(3.25,0.62,1.805277563773));
#8654 = DIRECTION('',(0.,0.,1.));
#8655 = DIRECTION('',(1.,0.,0.));
#8656 = ADVANCED_FACE('',(#8657),#8668,.F.);
#8657 = FACE_BOUND('',#8658,.T.);
#8658 = EDGE_LOOP('',(#8659,#8660,#8666,#8667));
#8659 = ORIENTED_EDGE('',*,*,#8553,.T.);
#8660 = ORIENTED_EDGE('',*,*,#8661,.T.);
#8661 = EDGE_CURVE('',#8546,#8414,#8662,.T.);
#8662 = LINE('',#8663,#8664);
#8663 = CARTESIAN_POINT('',(3.25,0.62,2.130277563773));
#8664 = VECTOR('',#8665,1.);
#8665 = DIRECTION('',(0.,1.,0.));
#8666 = ORIENTED_EDGE('',*,*,#8413,.F.);
#8667 = ORIENTED_EDGE('',*,*,#8644,.F.);
#8668 = PLANE('',#8669);
#8669 = AXIS2_PLACEMENT_3D('',#8670,#8671,#8672);
#8670 = CARTESIAN_POINT('',(3.25,0.62,1.805277563773));
#8671 = DIRECTION('',(1.,0.,0.));
#8672 = DIRECTION('',(0.,0.,1.));
#8673 = ADVANCED_FACE('',(#8674),#8685,.T.);
#8674 = FACE_BOUND('',#8675,.T.);
#8675 = EDGE_LOOP('',(#8676,#8677,#8678,#8679));
#8676 = ORIENTED_EDGE('',*,*,#8528,.F.);
#8677 = ORIENTED_EDGE('',*,*,#8477,.T.);
#8678 = ORIENTED_EDGE('',*,*,#8438,.T.);
#8679 = ORIENTED_EDGE('',*,*,#8680,.F.);
#8680 = EDGE_CURVE('',#8529,#8430,#8681,.T.);
#8681 = LINE('',#8682,#8683);
#8682 = CARTESIAN_POINT('',(3.568657157735,0.62,2.05791634566));
#8683 = VECTOR('',#8684,1.);
#8684 = DIRECTION('',(0.,1.,0.));
#8685 = PLANE('',#8686);
#8686 = AXIS2_PLACEMENT_3D('',#8687,#8688,#8689);
#8687 = CARTESIAN_POINT('',(4.82041634566,0.62,0.180277563773));
#8688 = DIRECTION('',(0.832050294338,0.,0.554700196225));
#8689 = DIRECTION('',(-0.554700196225,0.,0.832050294338));
#8690 = ADVANCED_FACE('',(#8691),#8702,.T.);
#8691 = FACE_BOUND('',#8692,.T.);
#8692 = EDGE_LOOP('',(#8693,#8694,#8695,#8696));
#8693 = ORIENTED_EDGE('',*,*,#8421,.F.);
#8694 = ORIENTED_EDGE('',*,*,#8661,.F.);
#8695 = ORIENTED_EDGE('',*,*,#8545,.T.);
#8696 = ORIENTED_EDGE('',*,*,#8697,.T.);
#8697 = EDGE_CURVE('',#8537,#8422,#8698,.T.);
#8698 = LINE('',#8699,#8700);
#8699 = CARTESIAN_POINT('',(3.433448984906,0.62,2.130277563773));
#8700 = VECTOR('',#8701,1.);
#8701 = DIRECTION('',(0.,1.,0.));
#8702 = PLANE('',#8703);
#8703 = AXIS2_PLACEMENT_3D('',#8704,#8705,#8706);
#8704 = CARTESIAN_POINT('',(3.25,0.62,2.130277563773));
#8705 = DIRECTION('',(0.,0.,1.));
#8706 = DIRECTION('',(1.,0.,0.));
#8707 = ADVANCED_FACE('',(#8708),#8714,.T.);
#8708 = FACE_BOUND('',#8709,.T.);
#8709 = EDGE_LOOP('',(#8710,#8711,#8712,#8713));
#8710 = ORIENTED_EDGE('',*,*,#8680,.T.);
#8711 = ORIENTED_EDGE('',*,*,#8429,.T.);
#8712 = ORIENTED_EDGE('',*,*,#8697,.F.);
#8713 = ORIENTED_EDGE('',*,*,#8536,.F.);
#8714 = CYLINDRICAL_SURFACE('',#8715,0.1625);
#8715 = AXIS2_PLACEMENT_3D('',#8716,#8717,#8718);
#8716 = CARTESIAN_POINT('',(3.433448984906,0.62,1.967777563773));
#8717 = DIRECTION('',(0.,1.,0.));
#8718 = DIRECTION('',(0.832050294338,0.,0.554700196225));
#8719 = MANIFOLD_SOLID_BREP('',#8720);
#8720 = CLOSED_SHELL('',(#8721,#8761,#8851,#8876,#8900,#8975,#8992,#9009
    ,#9026,#9043,#9060,#9077,#9094));
#8721 = ADVANCED_FACE('',(#8722),#8756,.T.);
#8722 = FACE_BOUND('',#8723,.T.);
#8723 = EDGE_LOOP('',(#8724,#8734,#8742,#8750));
#8724 = ORIENTED_EDGE('',*,*,#8725,.F.);
#8725 = EDGE_CURVE('',#8726,#8728,#8730,.T.);
#8726 = VERTEX_POINT('',#8727);
#8727 = CARTESIAN_POINT('',(-5.15,-0.62,0.325));
#8728 = VERTEX_POINT('',#8729);
#8729 = CARTESIAN_POINT('',(-4.810902082263,-0.62,0.325));
#8730 = LINE('',#8731,#8732);
#8731 = CARTESIAN_POINT('',(-5.15,-0.62,0.325));
#8732 = VECTOR('',#8733,1.);
#8733 = DIRECTION('',(1.,0.,0.));
#8734 = ORIENTED_EDGE('',*,*,#8735,.F.);
#8735 = EDGE_CURVE('',#8736,#8726,#8738,.T.);
#8736 = VERTEX_POINT('',#8737);
#8737 = CARTESIAN_POINT('',(-5.15,-1.92,0.325));
#8738 = LINE('',#8739,#8740);
#8739 = CARTESIAN_POINT('',(-5.15,-1.92,0.325));
#8740 = VECTOR('',#8741,1.);
#8741 = DIRECTION('',(0.,1.,0.));
#8742 = ORIENTED_EDGE('',*,*,#8743,.T.);
#8743 = EDGE_CURVE('',#8736,#8744,#8746,.T.);
#8744 = VERTEX_POINT('',#8745);
#8745 = CARTESIAN_POINT('',(-4.810902082263,-1.92,0.325));
#8746 = LINE('',#8747,#8748);
#8747 = CARTESIAN_POINT('',(-5.15,-1.92,0.325));
#8748 = VECTOR('',#8749,1.);
#8749 = DIRECTION('',(1.,0.,0.));
#8750 = ORIENTED_EDGE('',*,*,#8751,.T.);
#8751 = EDGE_CURVE('',#8744,#8728,#8752,.T.);
#8752 = LINE('',#8753,#8754);
#8753 = CARTESIAN_POINT('',(-4.810902082263,-1.92,0.325));
#8754 = VECTOR('',#8755,1.);
#8755 = DIRECTION('',(0.,1.,0.));
#8756 = PLANE('',#8757);
#8757 = AXIS2_PLACEMENT_3D('',#8758,#8759,#8760);
#8758 = CARTESIAN_POINT('',(-5.15,-1.92,0.325));
#8759 = DIRECTION('',(0.,0.,1.));
#8760 = DIRECTION('',(1.,0.,0.));
#8761 = ADVANCED_FACE('',(#8762),#8846,.T.);
#8762 = FACE_BOUND('',#8763,.T.);
#8763 = EDGE_LOOP('',(#8764,#8774,#8780,#8781,#8790,#8798,#8807,#8815,
    #8823,#8831,#8839));
#8764 = ORIENTED_EDGE('',*,*,#8765,.F.);
#8765 = EDGE_CURVE('',#8766,#8768,#8770,.T.);
#8766 = VERTEX_POINT('',#8767);
#8767 = CARTESIAN_POINT('',(-5.15,-0.62,0.));
#8768 = VERTEX_POINT('',#8769);
#8769 = CARTESIAN_POINT('',(-4.636967360754,-0.62,0.));
#8770 = LINE('',#8771,#8772);
#8771 = CARTESIAN_POINT('',(-5.15,-0.62,0.));
#8772 = VECTOR('',#8773,1.);
#8773 = DIRECTION('',(1.,0.,0.));
#8774 = ORIENTED_EDGE('',*,*,#8775,.T.);
#8775 = EDGE_CURVE('',#8766,#8726,#8776,.T.);
#8776 = LINE('',#8777,#8778);
#8777 = CARTESIAN_POINT('',(-5.15,-0.62,0.));
#8778 = VECTOR('',#8779,1.);
#8779 = DIRECTION('',(0.,0.,1.));
#8780 = ORIENTED_EDGE('',*,*,#8725,.T.);
#8781 = ORIENTED_EDGE('',*,*,#8782,.T.);
#8782 = EDGE_CURVE('',#8728,#8783,#8785,.T.);
#8783 = VERTEX_POINT('',#8784);
#8784 = CARTESIAN_POINT('',(-4.675693909433,-0.62,0.397361218113));
#8785 = CIRCLE('',#8786,0.1625);
#8786 = AXIS2_PLACEMENT_3D('',#8787,#8788,#8789);
#8787 = CARTESIAN_POINT('',(-4.810902082263,-0.62,0.4875));
#8788 = DIRECTION('',(0.,-1.,0.));
#8789 = DIRECTION('',(0.,0.,1.));
#8790 = ORIENTED_EDGE('',*,*,#8791,.T.);
#8791 = EDGE_CURVE('',#8783,#8792,#8794,.T.);
#8792 = VERTEX_POINT('',#8793);
#8793 = CARTESIAN_POINT('',(-3.568657157735,-0.62,2.05791634566));
#8794 = LINE('',#8795,#8796);
#8795 = CARTESIAN_POINT('',(-4.82041634566,-0.62,0.180277563773));
#8796 = VECTOR('',#8797,1.);
#8797 = DIRECTION('',(0.554700196225,0.,0.832050294338));
#8798 = ORIENTED_EDGE('',*,*,#8799,.T.);
#8799 = EDGE_CURVE('',#8792,#8800,#8802,.T.);
#8800 = VERTEX_POINT('',#8801);
#8801 = CARTESIAN_POINT('',(-3.433448984906,-0.62,2.130277563773));
#8802 = CIRCLE('',#8803,0.1625);
#8803 = AXIS2_PLACEMENT_3D('',#8804,#8805,#8806);
#8804 = CARTESIAN_POINT('',(-3.433448984906,-0.62,1.967777563773));
#8805 = DIRECTION('',(0.,1.,0.));
#8806 = DIRECTION('',(0.,0.,1.));
#8807 = ORIENTED_EDGE('',*,*,#8808,.T.);
#8808 = EDGE_CURVE('',#8800,#8809,#8811,.T.);
#8809 = VERTEX_POINT('',#8810);
#8810 = CARTESIAN_POINT('',(-3.25,-0.62,2.130277563773));
#8811 = LINE('',#8812,#8813);
#8812 = CARTESIAN_POINT('',(-3.52041634566,-0.62,2.130277563773));
#8813 = VECTOR('',#8814,1.);
#8814 = DIRECTION('',(1.,0.,0.));
#8815 = ORIENTED_EDGE('',*,*,#8816,.F.);
#8816 = EDGE_CURVE('',#8817,#8809,#8819,.T.);
#8817 = VERTEX_POINT('',#8818);
#8818 = CARTESIAN_POINT('',(-3.25,-0.62,1.805277563773));
#8819 = LINE('',#8820,#8821);
#8820 = CARTESIAN_POINT('',(-3.25,-0.62,1.805277563773));
#8821 = VECTOR('',#8822,1.);
#8822 = DIRECTION('',(0.,0.,1.));
#8823 = ORIENTED_EDGE('',*,*,#8824,.F.);
#8824 = EDGE_CURVE('',#8825,#8817,#8827,.T.);
#8825 = VERTEX_POINT('',#8826);
#8826 = CARTESIAN_POINT('',(-3.346481624151,-0.62,1.805277563773));
#8827 = LINE('',#8828,#8829);
#8828 = CARTESIAN_POINT('',(-3.52041634566,-0.62,1.805277563773));
#8829 = VECTOR('',#8830,1.);
#8830 = DIRECTION('',(1.,0.,0.));
#8831 = ORIENTED_EDGE('',*,*,#8832,.F.);
#8832 = EDGE_CURVE('',#8833,#8825,#8835,.T.);
#8833 = VERTEX_POINT('',#8834);
#8834 = CARTESIAN_POINT('',(-4.501759187924,-0.62,7.23612181134E-02));
#8835 = LINE('',#8836,#8837);
#8836 = CARTESIAN_POINT('',(-4.55,-0.62,0.));
#8837 = VECTOR('',#8838,1.);
#8838 = DIRECTION('',(0.554700196225,0.,0.832050294338));
#8839 = ORIENTED_EDGE('',*,*,#8840,.F.);
#8840 = EDGE_CURVE('',#8768,#8833,#8841,.T.);
#8841 = CIRCLE('',#8842,0.1625);
#8842 = AXIS2_PLACEMENT_3D('',#8843,#8844,#8845);
#8843 = CARTESIAN_POINT('',(-4.636967360754,-0.62,0.1625));
#8844 = DIRECTION('',(0.,-1.,0.));
#8845 = DIRECTION('',(0.,0.,1.));
#8846 = PLANE('',#8847);
#8847 = AXIS2_PLACEMENT_3D('',#8848,#8849,#8850);
#8848 = CARTESIAN_POINT('',(-4.150107570958,-0.62,0.971913925468));
#8849 = DIRECTION('',(-2.365706358305E-31,1.,2.761702336939E-31));
#8850 = DIRECTION('',(0.,-2.761702336939E-31,1.));
#8851 = ADVANCED_FACE('',(#8852),#8871,.F.);
#8852 = FACE_BOUND('',#8853,.F.);
#8853 = EDGE_LOOP('',(#8854,#8855,#8856,#8864));
#8854 = ORIENTED_EDGE('',*,*,#8751,.T.);
#8855 = ORIENTED_EDGE('',*,*,#8782,.T.);
#8856 = ORIENTED_EDGE('',*,*,#8857,.F.);
#8857 = EDGE_CURVE('',#8858,#8783,#8860,.T.);
#8858 = VERTEX_POINT('',#8859);
#8859 = CARTESIAN_POINT('',(-4.675693909433,-1.92,0.397361218113));
#8860 = LINE('',#8861,#8862);
#8861 = CARTESIAN_POINT('',(-4.675693909433,-1.92,0.397361218113));
#8862 = VECTOR('',#8863,1.);
#8863 = DIRECTION('',(0.,1.,0.));
#8864 = ORIENTED_EDGE('',*,*,#8865,.F.);
#8865 = EDGE_CURVE('',#8744,#8858,#8866,.T.);
#8866 = CIRCLE('',#8867,0.1625);
#8867 = AXIS2_PLACEMENT_3D('',#8868,#8869,#8870);
#8868 = CARTESIAN_POINT('',(-4.810902082263,-1.92,0.4875));
#8869 = DIRECTION('',(0.,-1.,0.));
#8870 = DIRECTION('',(0.,0.,1.));
#8871 = CYLINDRICAL_SURFACE('',#8872,0.1625);
#8872 = AXIS2_PLACEMENT_3D('',#8873,#8874,#8875);
#8873 = CARTESIAN_POINT('',(-4.810902082263,-1.92,0.4875));
#8874 = DIRECTION('',(0.,1.,0.));
#8875 = DIRECTION('',(0.,0.,-1.));
#8876 = ADVANCED_FACE('',(#8877),#8895,.F.);
#8877 = FACE_BOUND('',#8878,.F.);
#8878 = EDGE_LOOP('',(#8879,#8887,#8893,#8894));
#8879 = ORIENTED_EDGE('',*,*,#8880,.F.);
#8880 = EDGE_CURVE('',#8881,#8736,#8883,.T.);
#8881 = VERTEX_POINT('',#8882);
#8882 = CARTESIAN_POINT('',(-5.15,-1.92,0.));
#8883 = LINE('',#8884,#8885);
#8884 = CARTESIAN_POINT('',(-5.15,-1.92,0.));
#8885 = VECTOR('',#8886,1.);
#8886 = DIRECTION('',(0.,0.,1.));
#8887 = ORIENTED_EDGE('',*,*,#8888,.T.);
#8888 = EDGE_CURVE('',#8881,#8766,#8889,.T.);
#8889 = LINE('',#8890,#8891);
#8890 = CARTESIAN_POINT('',(-5.15,-1.92,0.));
#8891 = VECTOR('',#8892,1.);
#8892 = DIRECTION('',(0.,1.,0.));
#8893 = ORIENTED_EDGE('',*,*,#8775,.T.);
#8894 = ORIENTED_EDGE('',*,*,#8735,.F.);
#8895 = PLANE('',#8896);
#8896 = AXIS2_PLACEMENT_3D('',#8897,#8898,#8899);
#8897 = CARTESIAN_POINT('',(-5.15,-1.92,0.));
#8898 = DIRECTION('',(1.,0.,0.));
#8899 = DIRECTION('',(0.,0.,1.));
#8900 = ADVANCED_FACE('',(#8901),#8970,.T.);
#8901 = FACE_BOUND('',#8902,.T.);
#8902 = EDGE_LOOP('',(#8903,#8911,#8920,#8928,#8936,#8944,#8952,#8961,
    #8967,#8968,#8969));
#8903 = ORIENTED_EDGE('',*,*,#8904,.T.);
#8904 = EDGE_CURVE('',#8881,#8905,#8907,.T.);
#8905 = VERTEX_POINT('',#8906);
#8906 = CARTESIAN_POINT('',(-4.636967360754,-1.92,0.));
#8907 = LINE('',#8908,#8909);
#8908 = CARTESIAN_POINT('',(-5.15,-1.92,0.));
#8909 = VECTOR('',#8910,1.);
#8910 = DIRECTION('',(1.,0.,0.));
#8911 = ORIENTED_EDGE('',*,*,#8912,.T.);
#8912 = EDGE_CURVE('',#8905,#8913,#8915,.T.);
#8913 = VERTEX_POINT('',#8914);
#8914 = CARTESIAN_POINT('',(-4.501759187924,-1.92,7.23612181134E-02));
#8915 = CIRCLE('',#8916,0.1625);
#8916 = AXIS2_PLACEMENT_3D('',#8917,#8918,#8919);
#8917 = CARTESIAN_POINT('',(-4.636967360754,-1.92,0.1625));
#8918 = DIRECTION('',(0.,-1.,0.));
#8919 = DIRECTION('',(0.,0.,1.));
#8920 = ORIENTED_EDGE('',*,*,#8921,.T.);
#8921 = EDGE_CURVE('',#8913,#8922,#8924,.T.);
#8922 = VERTEX_POINT('',#8923);
#8923 = CARTESIAN_POINT('',(-3.346481624151,-1.92,1.805277563773));
#8924 = LINE('',#8925,#8926);
#8925 = CARTESIAN_POINT('',(-4.55,-1.92,0.));
#8926 = VECTOR('',#8927,1.);
#8927 = DIRECTION('',(0.554700196225,0.,0.832050294338));
#8928 = ORIENTED_EDGE('',*,*,#8929,.T.);
#8929 = EDGE_CURVE('',#8922,#8930,#8932,.T.);
#8930 = VERTEX_POINT('',#8931);
#8931 = CARTESIAN_POINT('',(-3.25,-1.92,1.805277563773));
#8932 = LINE('',#8933,#8934);
#8933 = CARTESIAN_POINT('',(-3.52041634566,-1.92,1.805277563773));
#8934 = VECTOR('',#8935,1.);
#8935 = DIRECTION('',(1.,0.,0.));
#8936 = ORIENTED_EDGE('',*,*,#8937,.T.);
#8937 = EDGE_CURVE('',#8930,#8938,#8940,.T.);
#8938 = VERTEX_POINT('',#8939);
#8939 = CARTESIAN_POINT('',(-3.25,-1.92,2.130277563773));
#8940 = LINE('',#8941,#8942);
#8941 = CARTESIAN_POINT('',(-3.25,-1.92,1.805277563773));
#8942 = VECTOR('',#8943,1.);
#8943 = DIRECTION('',(0.,0.,1.));
#8944 = ORIENTED_EDGE('',*,*,#8945,.F.);
#8945 = EDGE_CURVE('',#8946,#8938,#8948,.T.);
#8946 = VERTEX_POINT('',#8947);
#8947 = CARTESIAN_POINT('',(-3.433448984906,-1.92,2.130277563773));
#8948 = LINE('',#8949,#8950);
#8949 = CARTESIAN_POINT('',(-3.52041634566,-1.92,2.130277563773));
#8950 = VECTOR('',#8951,1.);
#8951 = DIRECTION('',(1.,0.,0.));
#8952 = ORIENTED_EDGE('',*,*,#8953,.F.);
#8953 = EDGE_CURVE('',#8954,#8946,#8956,.T.);
#8954 = VERTEX_POINT('',#8955);
#8955 = CARTESIAN_POINT('',(-3.568657157735,-1.92,2.05791634566));
#8956 = CIRCLE('',#8957,0.1625);
#8957 = AXIS2_PLACEMENT_3D('',#8958,#8959,#8960);
#8958 = CARTESIAN_POINT('',(-3.433448984906,-1.92,1.967777563773));
#8959 = DIRECTION('',(0.,1.,0.));
#8960 = DIRECTION('',(0.,0.,1.));
#8961 = ORIENTED_EDGE('',*,*,#8962,.F.);
#8962 = EDGE_CURVE('',#8858,#8954,#8963,.T.);
#8963 = LINE('',#8964,#8965);
#8964 = CARTESIAN_POINT('',(-4.82041634566,-1.92,0.180277563773));
#8965 = VECTOR('',#8966,1.);
#8966 = DIRECTION('',(0.554700196225,0.,0.832050294338));
#8967 = ORIENTED_EDGE('',*,*,#8865,.F.);
#8968 = ORIENTED_EDGE('',*,*,#8743,.F.);
#8969 = ORIENTED_EDGE('',*,*,#8880,.F.);
#8970 = PLANE('',#8971);
#8971 = AXIS2_PLACEMENT_3D('',#8972,#8973,#8974);
#8972 = CARTESIAN_POINT('',(-4.150107570958,-1.92,0.971913925468));
#8973 = DIRECTION('',(-3.873518376319E-30,-1.,2.807634479417E-30));
#8974 = DIRECTION('',(-1.,3.873518376319E-30,0.));
#8975 = ADVANCED_FACE('',(#8976),#8987,.F.);
#8976 = FACE_BOUND('',#8977,.F.);
#8977 = EDGE_LOOP('',(#8978,#8979,#8980,#8981));
#8978 = ORIENTED_EDGE('',*,*,#8765,.F.);
#8979 = ORIENTED_EDGE('',*,*,#8888,.F.);
#8980 = ORIENTED_EDGE('',*,*,#8904,.T.);
#8981 = ORIENTED_EDGE('',*,*,#8982,.T.);
#8982 = EDGE_CURVE('',#8905,#8768,#8983,.T.);
#8983 = LINE('',#8984,#8985);
#8984 = CARTESIAN_POINT('',(-4.636967360754,-1.92,0.));
#8985 = VECTOR('',#8986,1.);
#8986 = DIRECTION('',(0.,1.,0.));
#8987 = PLANE('',#8988);
#8988 = AXIS2_PLACEMENT_3D('',#8989,#8990,#8991);
#8989 = CARTESIAN_POINT('',(-5.15,-1.92,0.));
#8990 = DIRECTION('',(0.,0.,1.));
#8991 = DIRECTION('',(1.,0.,0.));
#8992 = ADVANCED_FACE('',(#8993),#9004,.T.);
#8993 = FACE_BOUND('',#8994,.T.);
#8994 = EDGE_LOOP('',(#8995,#8996,#8997,#9003));
#8995 = ORIENTED_EDGE('',*,*,#8982,.T.);
#8996 = ORIENTED_EDGE('',*,*,#8840,.T.);
#8997 = ORIENTED_EDGE('',*,*,#8998,.F.);
#8998 = EDGE_CURVE('',#8913,#8833,#8999,.T.);
#8999 = LINE('',#9000,#9001);
#9000 = CARTESIAN_POINT('',(-4.501759187924,-1.92,7.23612181134E-02));
#9001 = VECTOR('',#9002,1.);
#9002 = DIRECTION('',(0.,1.,0.));
#9003 = ORIENTED_EDGE('',*,*,#8912,.F.);
#9004 = CYLINDRICAL_SURFACE('',#9005,0.1625);
#9005 = AXIS2_PLACEMENT_3D('',#9006,#9007,#9008);
#9006 = CARTESIAN_POINT('',(-4.636967360754,-1.92,0.1625));
#9007 = DIRECTION('',(0.,1.,0.));
#9008 = DIRECTION('',(0.,0.,-1.));
#9009 = ADVANCED_FACE('',(#9010),#9021,.T.);
#9010 = FACE_BOUND('',#9011,.T.);
#9011 = EDGE_LOOP('',(#9012,#9013,#9014,#9015));
#9012 = ORIENTED_EDGE('',*,*,#8921,.F.);
#9013 = ORIENTED_EDGE('',*,*,#8998,.T.);
#9014 = ORIENTED_EDGE('',*,*,#8832,.T.);
#9015 = ORIENTED_EDGE('',*,*,#9016,.F.);
#9016 = EDGE_CURVE('',#8922,#8825,#9017,.T.);
#9017 = LINE('',#9018,#9019);
#9018 = CARTESIAN_POINT('',(-3.346481624151,-1.92,1.805277563773));
#9019 = VECTOR('',#9020,1.);
#9020 = DIRECTION('',(0.,1.,0.));
#9021 = PLANE('',#9022);
#9022 = AXIS2_PLACEMENT_3D('',#9023,#9024,#9025);
#9023 = CARTESIAN_POINT('',(-4.55,-1.92,0.));
#9024 = DIRECTION('',(0.832050294338,0.,-0.554700196225));
#9025 = DIRECTION('',(0.554700196225,0.,0.832050294338));
#9026 = ADVANCED_FACE('',(#9027),#9038,.F.);
#9027 = FACE_BOUND('',#9028,.F.);
#9028 = EDGE_LOOP('',(#9029,#9030,#9031,#9032));
#9029 = ORIENTED_EDGE('',*,*,#8824,.F.);
#9030 = ORIENTED_EDGE('',*,*,#9016,.F.);
#9031 = ORIENTED_EDGE('',*,*,#8929,.T.);
#9032 = ORIENTED_EDGE('',*,*,#9033,.T.);
#9033 = EDGE_CURVE('',#8930,#8817,#9034,.T.);
#9034 = LINE('',#9035,#9036);
#9035 = CARTESIAN_POINT('',(-3.25,-1.92,1.805277563773));
#9036 = VECTOR('',#9037,1.);
#9037 = DIRECTION('',(0.,1.,0.));
#9038 = PLANE('',#9039);
#9039 = AXIS2_PLACEMENT_3D('',#9040,#9041,#9042);
#9040 = CARTESIAN_POINT('',(-3.52041634566,-1.92,1.805277563773));
#9041 = DIRECTION('',(0.,0.,1.));
#9042 = DIRECTION('',(1.,0.,0.));
#9043 = ADVANCED_FACE('',(#9044),#9055,.T.);
#9044 = FACE_BOUND('',#9045,.T.);
#9045 = EDGE_LOOP('',(#9046,#9047,#9048,#9049));
#9046 = ORIENTED_EDGE('',*,*,#8937,.F.);
#9047 = ORIENTED_EDGE('',*,*,#9033,.T.);
#9048 = ORIENTED_EDGE('',*,*,#8816,.T.);
#9049 = ORIENTED_EDGE('',*,*,#9050,.F.);
#9050 = EDGE_CURVE('',#8938,#8809,#9051,.T.);
#9051 = LINE('',#9052,#9053);
#9052 = CARTESIAN_POINT('',(-3.25,-1.92,2.130277563773));
#9053 = VECTOR('',#9054,1.);
#9054 = DIRECTION('',(0.,1.,0.));
#9055 = PLANE('',#9056);
#9056 = AXIS2_PLACEMENT_3D('',#9057,#9058,#9059);
#9057 = CARTESIAN_POINT('',(-3.25,-1.92,1.805277563773));
#9058 = DIRECTION('',(1.,0.,0.));
#9059 = DIRECTION('',(0.,0.,1.));
#9060 = ADVANCED_FACE('',(#9061),#9072,.F.);
#9061 = FACE_BOUND('',#9062,.F.);
#9062 = EDGE_LOOP('',(#9063,#9064,#9065,#9066));
#9063 = ORIENTED_EDGE('',*,*,#8962,.F.);
#9064 = ORIENTED_EDGE('',*,*,#8857,.T.);
#9065 = ORIENTED_EDGE('',*,*,#8791,.T.);
#9066 = ORIENTED_EDGE('',*,*,#9067,.F.);
#9067 = EDGE_CURVE('',#8954,#8792,#9068,.T.);
#9068 = LINE('',#9069,#9070);
#9069 = CARTESIAN_POINT('',(-3.568657157735,-1.92,2.05791634566));
#9070 = VECTOR('',#9071,1.);
#9071 = DIRECTION('',(0.,1.,0.));
#9072 = PLANE('',#9073);
#9073 = AXIS2_PLACEMENT_3D('',#9074,#9075,#9076);
#9074 = CARTESIAN_POINT('',(-4.82041634566,-1.92,0.180277563773));
#9075 = DIRECTION('',(0.832050294338,0.,-0.554700196225));
#9076 = DIRECTION('',(0.554700196225,0.,0.832050294338));
#9077 = ADVANCED_FACE('',(#9078),#9089,.T.);
#9078 = FACE_BOUND('',#9079,.T.);
#9079 = EDGE_LOOP('',(#9080,#9081,#9082,#9083));
#9080 = ORIENTED_EDGE('',*,*,#8945,.T.);
#9081 = ORIENTED_EDGE('',*,*,#9050,.T.);
#9082 = ORIENTED_EDGE('',*,*,#8808,.F.);
#9083 = ORIENTED_EDGE('',*,*,#9084,.F.);
#9084 = EDGE_CURVE('',#8946,#8800,#9085,.T.);
#9085 = LINE('',#9086,#9087);
#9086 = CARTESIAN_POINT('',(-3.433448984906,-1.92,2.130277563773));
#9087 = VECTOR('',#9088,1.);
#9088 = DIRECTION('',(0.,1.,0.));
#9089 = PLANE('',#9090);
#9090 = AXIS2_PLACEMENT_3D('',#9091,#9092,#9093);
#9091 = CARTESIAN_POINT('',(-3.52041634566,-1.92,2.130277563773));
#9092 = DIRECTION('',(0.,0.,1.));
#9093 = DIRECTION('',(1.,0.,0.));
#9094 = ADVANCED_FACE('',(#9095),#9101,.T.);
#9095 = FACE_BOUND('',#9096,.T.);
#9096 = EDGE_LOOP('',(#9097,#9098,#9099,#9100));
#9097 = ORIENTED_EDGE('',*,*,#8953,.T.);
#9098 = ORIENTED_EDGE('',*,*,#9084,.T.);
#9099 = ORIENTED_EDGE('',*,*,#8799,.F.);
#9100 = ORIENTED_EDGE('',*,*,#9067,.F.);
#9101 = CYLINDRICAL_SURFACE('',#9102,0.1625);
#9102 = AXIS2_PLACEMENT_3D('',#9103,#9104,#9105);
#9103 = CARTESIAN_POINT('',(-3.433448984906,-1.92,1.967777563773));
#9104 = DIRECTION('',(0.,1.,0.));
#9105 = DIRECTION('',(-0.832050294338,0.,0.554700196225));
#9106 = MANIFOLD_SOLID_BREP('',#9107);
#9107 = CLOSED_SHELL('',(#9108,#9148,#9238,#9263,#9287,#9362,#9379,#9396
    ,#9413,#9430,#9447,#9464,#9481));
#9108 = ADVANCED_FACE('',(#9109),#9143,.T.);
#9109 = FACE_BOUND('',#9110,.T.);
#9110 = EDGE_LOOP('',(#9111,#9121,#9129,#9137));
#9111 = ORIENTED_EDGE('',*,*,#9112,.F.);
#9112 = EDGE_CURVE('',#9113,#9115,#9117,.T.);
#9113 = VERTEX_POINT('',#9114);
#9114 = CARTESIAN_POINT('',(4.810902082263,-0.62,0.325));
#9115 = VERTEX_POINT('',#9116);
#9116 = CARTESIAN_POINT('',(5.15,-0.62,0.325));
#9117 = LINE('',#9118,#9119);
#9118 = CARTESIAN_POINT('',(4.55,-0.62,0.325));
#9119 = VECTOR('',#9120,1.);
#9120 = DIRECTION('',(1.,0.,0.));
#9121 = ORIENTED_EDGE('',*,*,#9122,.F.);
#9122 = EDGE_CURVE('',#9123,#9113,#9125,.T.);
#9123 = VERTEX_POINT('',#9124);
#9124 = CARTESIAN_POINT('',(4.810902082263,-1.92,0.325));
#9125 = LINE('',#9126,#9127);
#9126 = CARTESIAN_POINT('',(4.810902082263,-1.92,0.325));
#9127 = VECTOR('',#9128,1.);
#9128 = DIRECTION('',(0.,1.,0.));
#9129 = ORIENTED_EDGE('',*,*,#9130,.T.);
#9130 = EDGE_CURVE('',#9123,#9131,#9133,.T.);
#9131 = VERTEX_POINT('',#9132);
#9132 = CARTESIAN_POINT('',(5.15,-1.92,0.325));
#9133 = LINE('',#9134,#9135);
#9134 = CARTESIAN_POINT('',(4.55,-1.92,0.325));
#9135 = VECTOR('',#9136,1.);
#9136 = DIRECTION('',(1.,0.,0.));
#9137 = ORIENTED_EDGE('',*,*,#9138,.T.);
#9138 = EDGE_CURVE('',#9131,#9115,#9139,.T.);
#9139 = LINE('',#9140,#9141);
#9140 = CARTESIAN_POINT('',(5.15,-1.92,0.325));
#9141 = VECTOR('',#9142,1.);
#9142 = DIRECTION('',(0.,1.,0.));
#9143 = PLANE('',#9144);
#9144 = AXIS2_PLACEMENT_3D('',#9145,#9146,#9147);
#9145 = CARTESIAN_POINT('',(4.55,-1.92,0.325));
#9146 = DIRECTION('',(0.,0.,1.));
#9147 = DIRECTION('',(1.,0.,0.));
#9148 = ADVANCED_FACE('',(#9149),#9233,.T.);
#9149 = FACE_BOUND('',#9150,.T.);
#9150 = EDGE_LOOP('',(#9151,#9161,#9170,#9178,#9186,#9194,#9202,#9211,
    #9219,#9226,#9227));
#9151 = ORIENTED_EDGE('',*,*,#9152,.F.);
#9152 = EDGE_CURVE('',#9153,#9155,#9157,.T.);
#9153 = VERTEX_POINT('',#9154);
#9154 = CARTESIAN_POINT('',(4.636967360754,-0.62,0.));
#9155 = VERTEX_POINT('',#9156);
#9156 = CARTESIAN_POINT('',(5.15,-0.62,0.));
#9157 = LINE('',#9158,#9159);
#9158 = CARTESIAN_POINT('',(4.55,-0.62,0.));
#9159 = VECTOR('',#9160,1.);
#9160 = DIRECTION('',(1.,0.,0.));
#9161 = ORIENTED_EDGE('',*,*,#9162,.T.);
#9162 = EDGE_CURVE('',#9153,#9163,#9165,.T.);
#9163 = VERTEX_POINT('',#9164);
#9164 = CARTESIAN_POINT('',(4.501759187924,-0.62,7.23612181134E-02));
#9165 = CIRCLE('',#9166,0.1625);
#9166 = AXIS2_PLACEMENT_3D('',#9167,#9168,#9169);
#9167 = CARTESIAN_POINT('',(4.636967360754,-0.62,0.1625));
#9168 = DIRECTION('',(0.,1.,0.));
#9169 = DIRECTION('',(0.,0.,1.));
#9170 = ORIENTED_EDGE('',*,*,#9171,.T.);
#9171 = EDGE_CURVE('',#9163,#9172,#9174,.T.);
#9172 = VERTEX_POINT('',#9173);
#9173 = CARTESIAN_POINT('',(3.346481624151,-0.62,1.805277563773));
#9174 = LINE('',#9175,#9176);
#9175 = CARTESIAN_POINT('',(4.55,-0.62,0.));
#9176 = VECTOR('',#9177,1.);
#9177 = DIRECTION('',(-0.554700196225,0.,0.832050294338));
#9178 = ORIENTED_EDGE('',*,*,#9179,.F.);
#9179 = EDGE_CURVE('',#9180,#9172,#9182,.T.);
#9180 = VERTEX_POINT('',#9181);
#9181 = CARTESIAN_POINT('',(3.25,-0.62,1.805277563773));
#9182 = LINE('',#9183,#9184);
#9183 = CARTESIAN_POINT('',(3.25,-0.62,1.805277563773));
#9184 = VECTOR('',#9185,1.);
#9185 = DIRECTION('',(1.,0.,0.));
#9186 = ORIENTED_EDGE('',*,*,#9187,.T.);
#9187 = EDGE_CURVE('',#9180,#9188,#9190,.T.);
#9188 = VERTEX_POINT('',#9189);
#9189 = CARTESIAN_POINT('',(3.25,-0.62,2.130277563773));
#9190 = LINE('',#9191,#9192);
#9191 = CARTESIAN_POINT('',(3.25,-0.62,1.805277563773));
#9192 = VECTOR('',#9193,1.);
#9193 = DIRECTION('',(0.,0.,1.));
#9194 = ORIENTED_EDGE('',*,*,#9195,.T.);
#9195 = EDGE_CURVE('',#9188,#9196,#9198,.T.);
#9196 = VERTEX_POINT('',#9197);
#9197 = CARTESIAN_POINT('',(3.433448984906,-0.62,2.130277563773));
#9198 = LINE('',#9199,#9200);
#9199 = CARTESIAN_POINT('',(3.25,-0.62,2.130277563773));
#9200 = VECTOR('',#9201,1.);
#9201 = DIRECTION('',(1.,0.,0.));
#9202 = ORIENTED_EDGE('',*,*,#9203,.F.);
#9203 = EDGE_CURVE('',#9204,#9196,#9206,.T.);
#9204 = VERTEX_POINT('',#9205);
#9205 = CARTESIAN_POINT('',(3.568657157735,-0.62,2.05791634566));
#9206 = CIRCLE('',#9207,0.1625);
#9207 = AXIS2_PLACEMENT_3D('',#9208,#9209,#9210);
#9208 = CARTESIAN_POINT('',(3.433448984906,-0.62,1.967777563773));
#9209 = DIRECTION('',(0.,-1.,0.));
#9210 = DIRECTION('',(0.,0.,1.));
#9211 = ORIENTED_EDGE('',*,*,#9212,.F.);
#9212 = EDGE_CURVE('',#9213,#9204,#9215,.T.);
#9213 = VERTEX_POINT('',#9214);
#9214 = CARTESIAN_POINT('',(4.675693909433,-0.62,0.397361218113));
#9215 = LINE('',#9216,#9217);
#9216 = CARTESIAN_POINT('',(4.82041634566,-0.62,0.180277563773));
#9217 = VECTOR('',#9218,1.);
#9218 = DIRECTION('',(-0.554700196225,0.,0.832050294338));
#9219 = ORIENTED_EDGE('',*,*,#9220,.F.);
#9220 = EDGE_CURVE('',#9113,#9213,#9221,.T.);
#9221 = CIRCLE('',#9222,0.1625);
#9222 = AXIS2_PLACEMENT_3D('',#9223,#9224,#9225);
#9223 = CARTESIAN_POINT('',(4.810902082263,-0.62,0.4875));
#9224 = DIRECTION('',(0.,1.,0.));
#9225 = DIRECTION('',(0.,0.,1.));
#9226 = ORIENTED_EDGE('',*,*,#9112,.T.);
#9227 = ORIENTED_EDGE('',*,*,#9228,.F.);
#9228 = EDGE_CURVE('',#9155,#9115,#9229,.T.);
#9229 = LINE('',#9230,#9231);
#9230 = CARTESIAN_POINT('',(5.15,-0.62,0.));
#9231 = VECTOR('',#9232,1.);
#9232 = DIRECTION('',(0.,0.,1.));
#9233 = PLANE('',#9234);
#9234 = AXIS2_PLACEMENT_3D('',#9235,#9236,#9237);
#9235 = CARTESIAN_POINT('',(4.150107570958,-0.62,0.971913925468));
#9236 = DIRECTION('',(-2.248109358163E-30,1.,-1.723337526669E-30));
#9237 = DIRECTION('',(1.,2.248109358163E-30,0.));
#9238 = ADVANCED_FACE('',(#9239),#9258,.F.);
#9239 = FACE_BOUND('',#9240,.F.);
#9240 = EDGE_LOOP('',(#9241,#9250,#9256,#9257));
#9241 = ORIENTED_EDGE('',*,*,#9242,.T.);
#9242 = EDGE_CURVE('',#9123,#9243,#9245,.T.);
#9243 = VERTEX_POINT('',#9244);
#9244 = CARTESIAN_POINT('',(4.675693909433,-1.92,0.397361218113));
#9245 = CIRCLE('',#9246,0.1625);
#9246 = AXIS2_PLACEMENT_3D('',#9247,#9248,#9249);
#9247 = CARTESIAN_POINT('',(4.810902082263,-1.92,0.4875));
#9248 = DIRECTION('',(0.,1.,0.));
#9249 = DIRECTION('',(0.,0.,1.));
#9250 = ORIENTED_EDGE('',*,*,#9251,.T.);
#9251 = EDGE_CURVE('',#9243,#9213,#9252,.T.);
#9252 = LINE('',#9253,#9254);
#9253 = CARTESIAN_POINT('',(4.675693909433,-1.92,0.397361218113));
#9254 = VECTOR('',#9255,1.);
#9255 = DIRECTION('',(0.,1.,0.));
#9256 = ORIENTED_EDGE('',*,*,#9220,.F.);
#9257 = ORIENTED_EDGE('',*,*,#9122,.F.);
#9258 = CYLINDRICAL_SURFACE('',#9259,0.1625);
#9259 = AXIS2_PLACEMENT_3D('',#9260,#9261,#9262);
#9260 = CARTESIAN_POINT('',(4.810902082263,-1.92,0.4875));
#9261 = DIRECTION('',(0.,1.,0.));
#9262 = DIRECTION('',(0.,0.,-1.));
#9263 = ADVANCED_FACE('',(#9264),#9282,.T.);
#9264 = FACE_BOUND('',#9265,.T.);
#9265 = EDGE_LOOP('',(#9266,#9274,#9280,#9281));
#9266 = ORIENTED_EDGE('',*,*,#9267,.F.);
#9267 = EDGE_CURVE('',#9268,#9131,#9270,.T.);
#9268 = VERTEX_POINT('',#9269);
#9269 = CARTESIAN_POINT('',(5.15,-1.92,0.));
#9270 = LINE('',#9271,#9272);
#9271 = CARTESIAN_POINT('',(5.15,-1.92,0.));
#9272 = VECTOR('',#9273,1.);
#9273 = DIRECTION('',(0.,0.,1.));
#9274 = ORIENTED_EDGE('',*,*,#9275,.T.);
#9275 = EDGE_CURVE('',#9268,#9155,#9276,.T.);
#9276 = LINE('',#9277,#9278);
#9277 = CARTESIAN_POINT('',(5.15,-1.92,0.));
#9278 = VECTOR('',#9279,1.);
#9279 = DIRECTION('',(0.,1.,0.));
#9280 = ORIENTED_EDGE('',*,*,#9228,.T.);
#9281 = ORIENTED_EDGE('',*,*,#9138,.F.);
#9282 = PLANE('',#9283);
#9283 = AXIS2_PLACEMENT_3D('',#9284,#9285,#9286);
#9284 = CARTESIAN_POINT('',(5.15,-1.92,0.));
#9285 = DIRECTION('',(1.,0.,0.));
#9286 = DIRECTION('',(0.,0.,1.));
#9287 = ADVANCED_FACE('',(#9288),#9357,.T.);
#9288 = FACE_BOUND('',#9289,.T.);
#9289 = EDGE_LOOP('',(#9290,#9298,#9299,#9300,#9301,#9309,#9318,#9326,
    #9334,#9342,#9350));
#9290 = ORIENTED_EDGE('',*,*,#9291,.T.);
#9291 = EDGE_CURVE('',#9292,#9268,#9294,.T.);
#9292 = VERTEX_POINT('',#9293);
#9293 = CARTESIAN_POINT('',(4.636967360754,-1.92,0.));
#9294 = LINE('',#9295,#9296);
#9295 = CARTESIAN_POINT('',(4.55,-1.92,0.));
#9296 = VECTOR('',#9297,1.);
#9297 = DIRECTION('',(1.,0.,0.));
#9298 = ORIENTED_EDGE('',*,*,#9267,.T.);
#9299 = ORIENTED_EDGE('',*,*,#9130,.F.);
#9300 = ORIENTED_EDGE('',*,*,#9242,.T.);
#9301 = ORIENTED_EDGE('',*,*,#9302,.T.);
#9302 = EDGE_CURVE('',#9243,#9303,#9305,.T.);
#9303 = VERTEX_POINT('',#9304);
#9304 = CARTESIAN_POINT('',(3.568657157735,-1.92,2.05791634566));
#9305 = LINE('',#9306,#9307);
#9306 = CARTESIAN_POINT('',(4.82041634566,-1.92,0.180277563773));
#9307 = VECTOR('',#9308,1.);
#9308 = DIRECTION('',(-0.554700196225,0.,0.832050294338));
#9309 = ORIENTED_EDGE('',*,*,#9310,.T.);
#9310 = EDGE_CURVE('',#9303,#9311,#9313,.T.);
#9311 = VERTEX_POINT('',#9312);
#9312 = CARTESIAN_POINT('',(3.433448984906,-1.92,2.130277563773));
#9313 = CIRCLE('',#9314,0.1625);
#9314 = AXIS2_PLACEMENT_3D('',#9315,#9316,#9317);
#9315 = CARTESIAN_POINT('',(3.433448984906,-1.92,1.967777563773));
#9316 = DIRECTION('',(0.,-1.,0.));
#9317 = DIRECTION('',(0.,0.,1.));
#9318 = ORIENTED_EDGE('',*,*,#9319,.F.);
#9319 = EDGE_CURVE('',#9320,#9311,#9322,.T.);
#9320 = VERTEX_POINT('',#9321);
#9321 = CARTESIAN_POINT('',(3.25,-1.92,2.130277563773));
#9322 = LINE('',#9323,#9324);
#9323 = CARTESIAN_POINT('',(3.25,-1.92,2.130277563773));
#9324 = VECTOR('',#9325,1.);
#9325 = DIRECTION('',(1.,0.,0.));
#9326 = ORIENTED_EDGE('',*,*,#9327,.F.);
#9327 = EDGE_CURVE('',#9328,#9320,#9330,.T.);
#9328 = VERTEX_POINT('',#9329);
#9329 = CARTESIAN_POINT('',(3.25,-1.92,1.805277563773));
#9330 = LINE('',#9331,#9332);
#9331 = CARTESIAN_POINT('',(3.25,-1.92,1.805277563773));
#9332 = VECTOR('',#9333,1.);
#9333 = DIRECTION('',(0.,0.,1.));
#9334 = ORIENTED_EDGE('',*,*,#9335,.T.);
#9335 = EDGE_CURVE('',#9328,#9336,#9338,.T.);
#9336 = VERTEX_POINT('',#9337);
#9337 = CARTESIAN_POINT('',(3.346481624151,-1.92,1.805277563773));
#9338 = LINE('',#9339,#9340);
#9339 = CARTESIAN_POINT('',(3.25,-1.92,1.805277563773));
#9340 = VECTOR('',#9341,1.);
#9341 = DIRECTION('',(1.,0.,0.));
#9342 = ORIENTED_EDGE('',*,*,#9343,.F.);
#9343 = EDGE_CURVE('',#9344,#9336,#9346,.T.);
#9344 = VERTEX_POINT('',#9345);
#9345 = CARTESIAN_POINT('',(4.501759187924,-1.92,7.23612181134E-02));
#9346 = LINE('',#9347,#9348);
#9347 = CARTESIAN_POINT('',(4.55,-1.92,0.));
#9348 = VECTOR('',#9349,1.);
#9349 = DIRECTION('',(-0.554700196225,0.,0.832050294338));
#9350 = ORIENTED_EDGE('',*,*,#9351,.F.);
#9351 = EDGE_CURVE('',#9292,#9344,#9352,.T.);
#9352 = CIRCLE('',#9353,0.1625);
#9353 = AXIS2_PLACEMENT_3D('',#9354,#9355,#9356);
#9354 = CARTESIAN_POINT('',(4.636967360754,-1.92,0.1625));
#9355 = DIRECTION('',(0.,1.,0.));
#9356 = DIRECTION('',(0.,0.,1.));
#9357 = PLANE('',#9358);
#9358 = AXIS2_PLACEMENT_3D('',#9359,#9360,#9361);
#9359 = CARTESIAN_POINT('',(4.150107570958,-1.92,0.971913925468));
#9360 = DIRECTION('',(7.336161560805E-32,-1.,2.473892186967E-32));
#9361 = DIRECTION('',(-1.,-7.336161560805E-32,0.));
#9362 = ADVANCED_FACE('',(#9363),#9374,.F.);
#9363 = FACE_BOUND('',#9364,.F.);
#9364 = EDGE_LOOP('',(#9365,#9366,#9367,#9368));
#9365 = ORIENTED_EDGE('',*,*,#9291,.T.);
#9366 = ORIENTED_EDGE('',*,*,#9275,.T.);
#9367 = ORIENTED_EDGE('',*,*,#9152,.F.);
#9368 = ORIENTED_EDGE('',*,*,#9369,.F.);
#9369 = EDGE_CURVE('',#9292,#9153,#9370,.T.);
#9370 = LINE('',#9371,#9372);
#9371 = CARTESIAN_POINT('',(4.636967360754,-1.92,0.));
#9372 = VECTOR('',#9373,1.);
#9373 = DIRECTION('',(0.,1.,0.));
#9374 = PLANE('',#9375);
#9375 = AXIS2_PLACEMENT_3D('',#9376,#9377,#9378);
#9376 = CARTESIAN_POINT('',(4.55,-1.92,0.));
#9377 = DIRECTION('',(0.,0.,1.));
#9378 = DIRECTION('',(1.,0.,0.));
#9379 = ADVANCED_FACE('',(#9380),#9391,.T.);
#9380 = FACE_BOUND('',#9381,.T.);
#9381 = EDGE_LOOP('',(#9382,#9383,#9389,#9390));
#9382 = ORIENTED_EDGE('',*,*,#9351,.T.);
#9383 = ORIENTED_EDGE('',*,*,#9384,.T.);
#9384 = EDGE_CURVE('',#9344,#9163,#9385,.T.);
#9385 = LINE('',#9386,#9387);
#9386 = CARTESIAN_POINT('',(4.501759187924,-1.92,7.23612181134E-02));
#9387 = VECTOR('',#9388,1.);
#9388 = DIRECTION('',(0.,1.,0.));
#9389 = ORIENTED_EDGE('',*,*,#9162,.F.);
#9390 = ORIENTED_EDGE('',*,*,#9369,.F.);
#9391 = CYLINDRICAL_SURFACE('',#9392,0.1625);
#9392 = AXIS2_PLACEMENT_3D('',#9393,#9394,#9395);
#9393 = CARTESIAN_POINT('',(4.636967360754,-1.92,0.1625));
#9394 = DIRECTION('',(0.,1.,0.));
#9395 = DIRECTION('',(0.,0.,-1.));
#9396 = ADVANCED_FACE('',(#9397),#9408,.F.);
#9397 = FACE_BOUND('',#9398,.F.);
#9398 = EDGE_LOOP('',(#9399,#9400,#9401,#9402));
#9399 = ORIENTED_EDGE('',*,*,#9343,.F.);
#9400 = ORIENTED_EDGE('',*,*,#9384,.T.);
#9401 = ORIENTED_EDGE('',*,*,#9171,.T.);
#9402 = ORIENTED_EDGE('',*,*,#9403,.F.);
#9403 = EDGE_CURVE('',#9336,#9172,#9404,.T.);
#9404 = LINE('',#9405,#9406);
#9405 = CARTESIAN_POINT('',(3.346481624151,-1.92,1.805277563773));
#9406 = VECTOR('',#9407,1.);
#9407 = DIRECTION('',(0.,1.,0.));
#9408 = PLANE('',#9409);
#9409 = AXIS2_PLACEMENT_3D('',#9410,#9411,#9412);
#9410 = CARTESIAN_POINT('',(4.55,-1.92,0.));
#9411 = DIRECTION('',(0.832050294338,0.,0.554700196225));
#9412 = DIRECTION('',(-0.554700196225,0.,0.832050294338));
#9413 = ADVANCED_FACE('',(#9414),#9425,.F.);
#9414 = FACE_BOUND('',#9415,.F.);
#9415 = EDGE_LOOP('',(#9416,#9417,#9423,#9424));
#9416 = ORIENTED_EDGE('',*,*,#9179,.F.);
#9417 = ORIENTED_EDGE('',*,*,#9418,.F.);
#9418 = EDGE_CURVE('',#9328,#9180,#9419,.T.);
#9419 = LINE('',#9420,#9421);
#9420 = CARTESIAN_POINT('',(3.25,-1.92,1.805277563773));
#9421 = VECTOR('',#9422,1.);
#9422 = DIRECTION('',(0.,1.,0.));
#9423 = ORIENTED_EDGE('',*,*,#9335,.T.);
#9424 = ORIENTED_EDGE('',*,*,#9403,.T.);
#9425 = PLANE('',#9426);
#9426 = AXIS2_PLACEMENT_3D('',#9427,#9428,#9429);
#9427 = CARTESIAN_POINT('',(3.25,-1.92,1.805277563773));
#9428 = DIRECTION('',(0.,0.,1.));
#9429 = DIRECTION('',(1.,0.,0.));
#9430 = ADVANCED_FACE('',(#9431),#9442,.F.);
#9431 = FACE_BOUND('',#9432,.T.);
#9432 = EDGE_LOOP('',(#9433,#9434,#9440,#9441));
#9433 = ORIENTED_EDGE('',*,*,#9327,.T.);
#9434 = ORIENTED_EDGE('',*,*,#9435,.T.);
#9435 = EDGE_CURVE('',#9320,#9188,#9436,.T.);
#9436 = LINE('',#9437,#9438);
#9437 = CARTESIAN_POINT('',(3.25,-1.92,2.130277563773));
#9438 = VECTOR('',#9439,1.);
#9439 = DIRECTION('',(0.,1.,0.));
#9440 = ORIENTED_EDGE('',*,*,#9187,.F.);
#9441 = ORIENTED_EDGE('',*,*,#9418,.F.);
#9442 = PLANE('',#9443);
#9443 = AXIS2_PLACEMENT_3D('',#9444,#9445,#9446);
#9444 = CARTESIAN_POINT('',(3.25,-1.92,1.805277563773));
#9445 = DIRECTION('',(1.,0.,0.));
#9446 = DIRECTION('',(0.,0.,1.));
#9447 = ADVANCED_FACE('',(#9448),#9459,.T.);
#9448 = FACE_BOUND('',#9449,.T.);
#9449 = EDGE_LOOP('',(#9450,#9451,#9452,#9453));
#9450 = ORIENTED_EDGE('',*,*,#9302,.F.);
#9451 = ORIENTED_EDGE('',*,*,#9251,.T.);
#9452 = ORIENTED_EDGE('',*,*,#9212,.T.);
#9453 = ORIENTED_EDGE('',*,*,#9454,.F.);
#9454 = EDGE_CURVE('',#9303,#9204,#9455,.T.);
#9455 = LINE('',#9456,#9457);
#9456 = CARTESIAN_POINT('',(3.568657157735,-1.92,2.05791634566));
#9457 = VECTOR('',#9458,1.);
#9458 = DIRECTION('',(0.,1.,0.));
#9459 = PLANE('',#9460);
#9460 = AXIS2_PLACEMENT_3D('',#9461,#9462,#9463);
#9461 = CARTESIAN_POINT('',(4.82041634566,-1.92,0.180277563773));
#9462 = DIRECTION('',(0.832050294338,0.,0.554700196225));
#9463 = DIRECTION('',(-0.554700196225,0.,0.832050294338));
#9464 = ADVANCED_FACE('',(#9465),#9476,.T.);
#9465 = FACE_BOUND('',#9466,.T.);
#9466 = EDGE_LOOP('',(#9467,#9468,#9469,#9470));
#9467 = ORIENTED_EDGE('',*,*,#9195,.F.);
#9468 = ORIENTED_EDGE('',*,*,#9435,.F.);
#9469 = ORIENTED_EDGE('',*,*,#9319,.T.);
#9470 = ORIENTED_EDGE('',*,*,#9471,.T.);
#9471 = EDGE_CURVE('',#9311,#9196,#9472,.T.);
#9472 = LINE('',#9473,#9474);
#9473 = CARTESIAN_POINT('',(3.433448984906,-1.92,2.130277563773));
#9474 = VECTOR('',#9475,1.);
#9475 = DIRECTION('',(0.,1.,0.));
#9476 = PLANE('',#9477);
#9477 = AXIS2_PLACEMENT_3D('',#9478,#9479,#9480);
#9478 = CARTESIAN_POINT('',(3.25,-1.92,2.130277563773));
#9479 = DIRECTION('',(0.,0.,1.));
#9480 = DIRECTION('',(1.,0.,0.));
#9481 = ADVANCED_FACE('',(#9482),#9488,.T.);
#9482 = FACE_BOUND('',#9483,.T.);
#9483 = EDGE_LOOP('',(#9484,#9485,#9486,#9487));
#9484 = ORIENTED_EDGE('',*,*,#9454,.T.);
#9485 = ORIENTED_EDGE('',*,*,#9203,.T.);
#9486 = ORIENTED_EDGE('',*,*,#9471,.F.);
#9487 = ORIENTED_EDGE('',*,*,#9310,.F.);
#9488 = CYLINDRICAL_SURFACE('',#9489,0.1625);
#9489 = AXIS2_PLACEMENT_3D('',#9490,#9491,#9492);
#9490 = CARTESIAN_POINT('',(3.433448984906,-1.92,1.967777563773));
#9491 = DIRECTION('',(0.,1.,0.));
#9492 = DIRECTION('',(0.832050294338,0.,0.554700196225));
#9493 = ( GEOMETRIC_REPRESENTATION_CONTEXT(3) 
GLOBAL_UNCERTAINTY_ASSIGNED_CONTEXT((#9497)) 
GLOBAL_UNIT_ASSIGNED_CONTEXT((#9494,#9495,#9496)) REPRESENTATION_CONTEXT
('Context #1','3D Context with UNIT and UNCERTAINTY') );
#9494 = ( LENGTH_UNIT() NAMED_UNIT(*) SI_UNIT(.MILLI.,.METRE.) );
#9495 = ( NAMED_UNIT(*) PLANE_ANGLE_UNIT() SI_UNIT($,.RADIAN.) );
#9496 = ( NAMED_UNIT(*) SI_UNIT($,.STERADIAN.) SOLID_ANGLE_UNIT() );
#9497 = UNCERTAINTY_MEASURE_WITH_UNIT(LENGTH_MEASURE(1.E-07),#9494,
  'distance_accuracy_value','confusion accuracy');
#9498 = CONTEXT_DEPENDENT_SHAPE_REPRESENTATION(#9499,#9501);
#9499 = ( REPRESENTATION_RELATIONSHIP('','',#7357,#7334) 
REPRESENTATION_RELATIONSHIP_WITH_TRANSFORMATION(#9500) 
SHAPE_REPRESENTATION_RELATIONSHIP() );
#9500 = ITEM_DEFINED_TRANSFORMATION('','',#11,#7335);
#9501 = PRODUCT_DEFINITION_SHAPE('Placement','Placement of an item',
  #9502);
#9502 = NEXT_ASSEMBLY_USAGE_OCCURRENCE('3','=>[0:1:1:5]','',#7329,#7352,
  $);
#9503 = PRODUCT_RELATED_PRODUCT_CATEGORY('part',$,(#7354));
#9504 = SHAPE_DEFINITION_REPRESENTATION(#9505,#9511);
#9505 = PRODUCT_DEFINITION_SHAPE('','',#9506);
#9506 = PRODUCT_DEFINITION('design','',#9507,#9510);
#9507 = PRODUCT_DEFINITION_FORMATION('','',#9508);
#9508 = PRODUCT('Doorbell with External ESP8266_PCB',
  'Doorbell with External ESP8266_PCB','',(#9509));
#9509 = PRODUCT_CONTEXT('',#2,'mechanical');
#9510 = PRODUCT_DEFINITION_CONTEXT('part definition',#2,'design');
#9511 = ADVANCED_BREP_SHAPE_REPRESENTATION('',(#11,#9512),#11369);
#9512 = MANIFOLD_SOLID_BREP('',#9513);
#9513 = CLOSED_SHELL('',(#9514,#9556,#9587,#9618,#10105,#10592,#10609,
    #10626,#10643,#10660,#10677,#10694,#10711,#10728,#10745,#10762,
    #10774,#10791,#10808,#10825,#10842,#10859,#10876,#10893,#10910,
    #10927,#10944,#10961,#10978,#10995,#11012,#11029,#11046,#11063,
    #11080,#11097,#11114,#11131,#11148,#11165,#11182,#11199,#11216,
    #11233,#11250,#11267,#11284,#11301,#11318,#11335,#11352));
#9514 = ADVANCED_FACE('',(#9515),#9551,.T.);
#9515 = FACE_BOUND('',#9516,.T.);
#9516 = EDGE_LOOP('',(#9517,#9527,#9536,#9544));
#9517 = ORIENTED_EDGE('',*,*,#9518,.T.);
#9518 = EDGE_CURVE('',#9519,#9521,#9523,.T.);
#9519 = VERTEX_POINT('',#9520);
#9520 = CARTESIAN_POINT('',(30.,24.996446,0.));
#9521 = VERTEX_POINT('',#9522);
#9522 = CARTESIAN_POINT('',(30.,24.996446,1.6062));
#9523 = LINE('',#9524,#9525);
#9524 = CARTESIAN_POINT('',(30.,24.996446,0.));
#9525 = VECTOR('',#9526,1.);
#9526 = DIRECTION('',(0.,0.,1.));
#9527 = ORIENTED_EDGE('',*,*,#9528,.T.);
#9528 = EDGE_CURVE('',#9521,#9529,#9531,.T.);
#9529 = VERTEX_POINT('',#9530);
#9530 = CARTESIAN_POINT('',(35.,19.996446,1.6062));
#9531 = CIRCLE('',#9532,4.999999678834);
#9532 = AXIS2_PLACEMENT_3D('',#9533,#9534,#9535);
#9533 = CARTESIAN_POINT('',(30.000000321166,19.996446321166,1.6062));
#9534 = DIRECTION('',(0.,0.,-1.));
#9535 = DIRECTION('',(-6.423314346668E-08,1.,0.));
#9536 = ORIENTED_EDGE('',*,*,#9537,.F.);
#9537 = EDGE_CURVE('',#9538,#9529,#9540,.T.);
#9538 = VERTEX_POINT('',#9539);
#9539 = CARTESIAN_POINT('',(35.,19.996446,0.));
#9540 = LINE('',#9541,#9542);
#9541 = CARTESIAN_POINT('',(35.,19.996446,0.));
#9542 = VECTOR('',#9543,1.);
#9543 = DIRECTION('',(0.,0.,1.));
#9544 = ORIENTED_EDGE('',*,*,#9545,.F.);
#9545 = EDGE_CURVE('',#9519,#9538,#9546,.T.);
#9546 = CIRCLE('',#9547,4.999999678834);
#9547 = AXIS2_PLACEMENT_3D('',#9548,#9549,#9550);
#9548 = CARTESIAN_POINT('',(30.000000321166,19.996446321166,0.));
#9549 = DIRECTION('',(0.,0.,-1.));
#9550 = DIRECTION('',(-6.423314346668E-08,1.,0.));
#9551 = CYLINDRICAL_SURFACE('',#9552,4.999999678834);
#9552 = AXIS2_PLACEMENT_3D('',#9553,#9554,#9555);
#9553 = CARTESIAN_POINT('',(30.000000321166,19.996446321166,0.));
#9554 = DIRECTION('',(0.,0.,-1.));
#9555 = DIRECTION('',(-6.423314346668E-08,1.,0.));
#9556 = ADVANCED_FACE('',(#9557),#9582,.T.);
#9557 = FACE_BOUND('',#9558,.T.);
#9558 = EDGE_LOOP('',(#9559,#9569,#9575,#9576));
#9559 = ORIENTED_EDGE('',*,*,#9560,.T.);
#9560 = EDGE_CURVE('',#9561,#9563,#9565,.T.);
#9561 = VERTEX_POINT('',#9562);
#9562 = CARTESIAN_POINT('',(27.007107,25.003553,0.));
#9563 = VERTEX_POINT('',#9564);
#9564 = CARTESIAN_POINT('',(27.007107,25.003553,1.6062));
#9565 = LINE('',#9566,#9567);
#9566 = CARTESIAN_POINT('',(27.007107,25.003553,0.));
#9567 = VECTOR('',#9568,1.);
#9568 = DIRECTION('',(0.,0.,1.));
#9569 = ORIENTED_EDGE('',*,*,#9570,.T.);
#9570 = EDGE_CURVE('',#9563,#9521,#9571,.T.);
#9571 = LINE('',#9572,#9573);
#9572 = CARTESIAN_POINT('',(27.007107,25.003553,1.6062));
#9573 = VECTOR('',#9574,1.);
#9574 = DIRECTION('',(0.999997180589,-2.374618792735E-03,0.));
#9575 = ORIENTED_EDGE('',*,*,#9518,.F.);
#9576 = ORIENTED_EDGE('',*,*,#9577,.F.);
#9577 = EDGE_CURVE('',#9561,#9519,#9578,.T.);
#9578 = LINE('',#9579,#9580);
#9579 = CARTESIAN_POINT('',(27.007107,25.003553,0.));
#9580 = VECTOR('',#9581,1.);
#9581 = DIRECTION('',(0.999997180589,-2.374618792735E-03,0.));
#9582 = PLANE('',#9583);
#9583 = AXIS2_PLACEMENT_3D('',#9584,#9585,#9586);
#9584 = CARTESIAN_POINT('',(27.007107,25.003553,0.));
#9585 = DIRECTION('',(2.374618792735E-03,0.999997180589,-0.));
#9586 = DIRECTION('',(0.999997180589,-2.374618792735E-03,0.));
#9587 = ADVANCED_FACE('',(#9588),#9613,.T.);
#9588 = FACE_BOUND('',#9589,.T.);
#9589 = EDGE_LOOP('',(#9590,#9591,#9599,#9607));
#9590 = ORIENTED_EDGE('',*,*,#9537,.T.);
#9591 = ORIENTED_EDGE('',*,*,#9592,.T.);
#9592 = EDGE_CURVE('',#9529,#9593,#9595,.T.);
#9593 = VERTEX_POINT('',#9594);
#9594 = CARTESIAN_POINT('',(35.,-20.003554,1.6062));
#9595 = LINE('',#9596,#9597);
#9596 = CARTESIAN_POINT('',(35.,19.996446,1.6062));
#9597 = VECTOR('',#9598,1.);
#9598 = DIRECTION('',(0.,-1.,0.));
#9599 = ORIENTED_EDGE('',*,*,#9600,.F.);
#9600 = EDGE_CURVE('',#9601,#9593,#9603,.T.);
#9601 = VERTEX_POINT('',#9602);
#9602 = CARTESIAN_POINT('',(35.,-20.003554,0.));
#9603 = LINE('',#9604,#9605);
#9604 = CARTESIAN_POINT('',(35.,-20.003554,0.));
#9605 = VECTOR('',#9606,1.);
#9606 = DIRECTION('',(0.,0.,1.));
#9607 = ORIENTED_EDGE('',*,*,#9608,.F.);
#9608 = EDGE_CURVE('',#9538,#9601,#9609,.T.);
#9609 = LINE('',#9610,#9611);
#9610 = CARTESIAN_POINT('',(35.,19.996446,0.));
#9611 = VECTOR('',#9612,1.);
#9612 = DIRECTION('',(0.,-1.,0.));
#9613 = PLANE('',#9614);
#9614 = AXIS2_PLACEMENT_3D('',#9615,#9616,#9617);
#9615 = CARTESIAN_POINT('',(35.,19.996446,0.));
#9616 = DIRECTION('',(1.,0.,-0.));
#9617 = DIRECTION('',(0.,-1.,0.));
#9618 = ADVANCED_FACE('',(#9619,#9715,#9726,#9737,#9748,#9759,#9770,
    #9781,#9792,#9803,#9814,#9825,#9836,#9847,#9858,#9869,#9880,#9891,
    #9902,#9913,#9924,#9935,#9946,#9957,#9968,#9979,#9990,#10001,#10012,
    #10023,#10034,#10045,#10056,#10067,#10078,#10089),#10100,.F.);
#9619 = FACE_BOUND('',#9620,.F.);
#9620 = EDGE_LOOP('',(#9621,#9622,#9623,#9632,#9640,#9648,#9656,#9665,
    #9673,#9682,#9690,#9699,#9707,#9714));
#9621 = ORIENTED_EDGE('',*,*,#9545,.F.);
#9622 = ORIENTED_EDGE('',*,*,#9577,.F.);
#9623 = ORIENTED_EDGE('',*,*,#9624,.F.);
#9624 = EDGE_CURVE('',#9625,#9561,#9627,.T.);
#9625 = VERTEX_POINT('',#9626);
#9626 = CARTESIAN_POINT('',(26.,23.996446,0.));
#9627 = CIRCLE('',#9628,1.007107645562);
#9628 = AXIS2_PLACEMENT_3D('',#9629,#9630,#9631);
#9629 = CARTESIAN_POINT('',(27.007107645562,23.996445354438,0.));
#9630 = DIRECTION('',(0.,0.,-1.));
#9631 = DIRECTION('',(-1.,6.410054668125E-07,0.));
#9632 = ORIENTED_EDGE('',*,*,#9633,.F.);
#9633 = EDGE_CURVE('',#9634,#9625,#9636,.T.);
#9634 = VERTEX_POINT('',#9635);
#9635 = CARTESIAN_POINT('',(26.,18.196446,0.));
#9636 = LINE('',#9637,#9638);
#9637 = CARTESIAN_POINT('',(26.,18.196446,0.));
#9638 = VECTOR('',#9639,1.);
#9639 = DIRECTION('',(0.,1.,0.));
#9640 = ORIENTED_EDGE('',*,*,#9641,.F.);
#9641 = EDGE_CURVE('',#9642,#9634,#9644,.T.);
#9642 = VERTEX_POINT('',#9643);
#9643 = CARTESIAN_POINT('',(-1.8,18.196446,0.));
#9644 = LINE('',#9645,#9646);
#9645 = CARTESIAN_POINT('',(-1.8,18.196446,0.));
#9646 = VECTOR('',#9647,1.);
#9647 = DIRECTION('',(1.,0.,0.));
#9648 = ORIENTED_EDGE('',*,*,#9649,.F.);
#9649 = EDGE_CURVE('',#9650,#9642,#9652,.T.);
#9650 = VERTEX_POINT('',#9651);
#9651 = CARTESIAN_POINT('',(-1.807107,23.996446,0.));
#9652 = LINE('',#9653,#9654);
#9653 = CARTESIAN_POINT('',(-1.807107,23.996446,0.));
#9654 = VECTOR('',#9655,1.);
#9655 = DIRECTION('',(1.225343907678E-03,-0.999999249266,0.));
#9656 = ORIENTED_EDGE('',*,*,#9657,.F.);
#9657 = EDGE_CURVE('',#9658,#9650,#9660,.T.);
#9658 = VERTEX_POINT('',#9659);
#9659 = CARTESIAN_POINT('',(-2.807107,24.996446,0.));
#9660 = CIRCLE('',#9661,0.999999252925);
#9661 = AXIS2_PLACEMENT_3D('',#9662,#9663,#9664);
#9662 = CARTESIAN_POINT('',(-2.807106252925,23.996446747075,0.));
#9663 = DIRECTION('',(0.,0.,-1.));
#9664 = DIRECTION('',(-7.470757416152E-07,1.,0.));
#9665 = ORIENTED_EDGE('',*,*,#9666,.F.);
#9666 = EDGE_CURVE('',#9667,#9658,#9669,.T.);
#9667 = VERTEX_POINT('',#9668);
#9668 = CARTESIAN_POINT('',(-30.,24.996446,0.));
#9669 = LINE('',#9670,#9671);
#9670 = CARTESIAN_POINT('',(-30.,24.996446,0.));
#9671 = VECTOR('',#9672,1.);
#9672 = DIRECTION('',(1.,0.,0.));
#9673 = ORIENTED_EDGE('',*,*,#9674,.F.);
#9674 = EDGE_CURVE('',#9675,#9667,#9677,.T.);
#9675 = VERTEX_POINT('',#9676);
#9676 = CARTESIAN_POINT('',(-35.,19.996446,0.));
#9677 = CIRCLE('',#9678,4.999999678834);
#9678 = AXIS2_PLACEMENT_3D('',#9679,#9680,#9681);
#9679 = CARTESIAN_POINT('',(-30.00000032116,19.996446321166,0.));
#9680 = DIRECTION('',(0.,0.,-1.));
#9681 = DIRECTION('',(-1.,-6.423314275614E-08,-0.));
#9682 = ORIENTED_EDGE('',*,*,#9683,.F.);
#9683 = EDGE_CURVE('',#9684,#9675,#9686,.T.);
#9684 = VERTEX_POINT('',#9685);
#9685 = CARTESIAN_POINT('',(-35.,-20.003554,0.));
#9686 = LINE('',#9687,#9688);
#9687 = CARTESIAN_POINT('',(-35.,-20.003554,0.));
#9688 = VECTOR('',#9689,1.);
#9689 = DIRECTION('',(0.,1.,0.));
#9690 = ORIENTED_EDGE('',*,*,#9691,.F.);
#9691 = EDGE_CURVE('',#9692,#9684,#9694,.T.);
#9692 = VERTEX_POINT('',#9693);
#9693 = CARTESIAN_POINT('',(-30.,-25.003554,0.));
#9694 = CIRCLE('',#9695,4.999999678834);
#9695 = AXIS2_PLACEMENT_3D('',#9696,#9697,#9698);
#9696 = CARTESIAN_POINT('',(-30.00000032116,-20.00355432116,0.));
#9697 = DIRECTION('',(0.,0.,-1.));
#9698 = DIRECTION('',(6.423314275614E-08,-1.,0.));
#9699 = ORIENTED_EDGE('',*,*,#9700,.F.);
#9700 = EDGE_CURVE('',#9701,#9692,#9703,.T.);
#9701 = VERTEX_POINT('',#9702);
#9702 = CARTESIAN_POINT('',(30.,-25.003554,0.));
#9703 = LINE('',#9704,#9705);
#9704 = CARTESIAN_POINT('',(30.,-25.003554,0.));
#9705 = VECTOR('',#9706,1.);
#9706 = DIRECTION('',(-1.,0.,0.));
#9707 = ORIENTED_EDGE('',*,*,#9708,.F.);
#9708 = EDGE_CURVE('',#9601,#9701,#9709,.T.);
#9709 = CIRCLE('',#9710,4.999999678834);
#9710 = AXIS2_PLACEMENT_3D('',#9711,#9712,#9713);
#9711 = CARTESIAN_POINT('',(30.000000321166,-20.00355432116,0.));
#9712 = DIRECTION('',(0.,0.,-1.));
#9713 = DIRECTION('',(1.,6.423314275614E-08,0.));
#9714 = ORIENTED_EDGE('',*,*,#9608,.F.);
#9715 = FACE_BOUND('',#9716,.F.);
#9716 = EDGE_LOOP('',(#9717));
#9717 = ORIENTED_EDGE('',*,*,#9718,.T.);
#9718 = EDGE_CURVE('',#9719,#9719,#9721,.T.);
#9719 = VERTEX_POINT('',#9720);
#9720 = CARTESIAN_POINT('',(-30.,-21.503554,0.));
#9721 = CIRCLE('',#9722,1.5);
#9722 = AXIS2_PLACEMENT_3D('',#9723,#9724,#9725);
#9723 = CARTESIAN_POINT('',(-30.,-20.003554,0.));
#9724 = DIRECTION('',(-0.,0.,-1.));
#9725 = DIRECTION('',(-0.,-1.,0.));
#9726 = FACE_BOUND('',#9727,.F.);
#9727 = EDGE_LOOP('',(#9728));
#9728 = ORIENTED_EDGE('',*,*,#9729,.T.);
#9729 = EDGE_CURVE('',#9730,#9730,#9732,.T.);
#9730 = VERTEX_POINT('',#9731);
#9731 = CARTESIAN_POINT('',(-13.7,-19.903554,0.));
#9732 = CIRCLE('',#9733,0.65);
#9733 = AXIS2_PLACEMENT_3D('',#9734,#9735,#9736);
#9734 = CARTESIAN_POINT('',(-13.7,-19.253554,0.));
#9735 = DIRECTION('',(-0.,0.,-1.));
#9736 = DIRECTION('',(-0.,-1.,0.));
#9737 = FACE_BOUND('',#9738,.F.);
#9738 = EDGE_LOOP('',(#9739));
#9739 = ORIENTED_EDGE('',*,*,#9740,.T.);
#9740 = EDGE_CURVE('',#9741,#9741,#9743,.T.);
#9741 = VERTEX_POINT('',#9742);
#9742 = CARTESIAN_POINT('',(-8.7,-19.903554,0.));
#9743 = CIRCLE('',#9744,0.65);
#9744 = AXIS2_PLACEMENT_3D('',#9745,#9746,#9747);
#9745 = CARTESIAN_POINT('',(-8.7,-19.253554,0.));
#9746 = DIRECTION('',(-0.,0.,-1.));
#9747 = DIRECTION('',(-0.,-1.,0.));
#9748 = FACE_BOUND('',#9749,.F.);
#9749 = EDGE_LOOP('',(#9750));
#9750 = ORIENTED_EDGE('',*,*,#9751,.T.);
#9751 = EDGE_CURVE('',#9752,#9752,#9754,.T.);
#9752 = VERTEX_POINT('',#9753);
#9753 = CARTESIAN_POINT('',(-2.5,-19.903554,0.));
#9754 = CIRCLE('',#9755,0.65);
#9755 = AXIS2_PLACEMENT_3D('',#9756,#9757,#9758);
#9756 = CARTESIAN_POINT('',(-2.5,-19.253554,0.));
#9757 = DIRECTION('',(-0.,0.,-1.));
#9758 = DIRECTION('',(-0.,-1.,0.));
#9759 = FACE_BOUND('',#9760,.F.);
#9760 = EDGE_LOOP('',(#9761));
#9761 = ORIENTED_EDGE('',*,*,#9762,.T.);
#9762 = EDGE_CURVE('',#9763,#9763,#9765,.T.);
#9763 = VERTEX_POINT('',#9764);
#9764 = CARTESIAN_POINT('',(-29.295,-8.75,0.));
#9765 = CIRCLE('',#9766,0.65);
#9766 = AXIS2_PLACEMENT_3D('',#9767,#9768,#9769);
#9767 = CARTESIAN_POINT('',(-29.295,-8.1,0.));
#9768 = DIRECTION('',(-0.,0.,-1.));
#9769 = DIRECTION('',(-0.,-1.,0.));
#9770 = FACE_BOUND('',#9771,.F.);
#9771 = EDGE_LOOP('',(#9772));
#9772 = ORIENTED_EDGE('',*,*,#9773,.T.);
#9773 = EDGE_CURVE('',#9774,#9774,#9776,.T.);
#9774 = VERTEX_POINT('',#9775);
#9775 = CARTESIAN_POINT('',(-18.29,-10.343554,0.));
#9776 = CIRCLE('',#9777,0.5);
#9777 = AXIS2_PLACEMENT_3D('',#9778,#9779,#9780);
#9778 = CARTESIAN_POINT('',(-18.29,-9.843554,0.));
#9779 = DIRECTION('',(-0.,0.,-1.));
#9780 = DIRECTION('',(-0.,-1.,0.));
#9781 = FACE_BOUND('',#9782,.F.);
#9782 = EDGE_LOOP('',(#9783));
#9783 = ORIENTED_EDGE('',*,*,#9784,.T.);
#9784 = EDGE_CURVE('',#9785,#9785,#9787,.T.);
#9785 = VERTEX_POINT('',#9786);
#9786 = CARTESIAN_POINT('',(-29.295,-3.75,0.));
#9787 = CIRCLE('',#9788,0.65);
#9788 = AXIS2_PLACEMENT_3D('',#9789,#9790,#9791);
#9789 = CARTESIAN_POINT('',(-29.295,-3.1,0.));
#9790 = DIRECTION('',(-0.,0.,-1.));
#9791 = DIRECTION('',(-0.,-1.,0.));
#9792 = FACE_BOUND('',#9793,.F.);
#9793 = EDGE_LOOP('',(#9794));
#9794 = ORIENTED_EDGE('',*,*,#9795,.T.);
#9795 = EDGE_CURVE('',#9796,#9796,#9798,.T.);
#9796 = VERTEX_POINT('',#9797);
#9797 = CARTESIAN_POINT('',(-20.24,-4.443554,0.));
#9798 = CIRCLE('',#9799,0.65);
#9799 = AXIS2_PLACEMENT_3D('',#9800,#9801,#9802);
#9800 = CARTESIAN_POINT('',(-20.24,-3.793554,0.));
#9801 = DIRECTION('',(-0.,0.,-1.));
#9802 = DIRECTION('',(5.465713352001E-15,-1.,-0.));
#9803 = FACE_BOUND('',#9804,.F.);
#9804 = EDGE_LOOP('',(#9805));
#9805 = ORIENTED_EDGE('',*,*,#9806,.T.);
#9806 = EDGE_CURVE('',#9807,#9807,#9809,.T.);
#9807 = VERTEX_POINT('',#9808);
#9808 = CARTESIAN_POINT('',(-6.09,-10.493554,0.));
#9809 = CIRCLE('',#9810,0.65);
#9810 = AXIS2_PLACEMENT_3D('',#9811,#9812,#9813);
#9811 = CARTESIAN_POINT('',(-6.09,-9.843554,0.));
#9812 = DIRECTION('',(-0.,0.,-1.));
#9813 = DIRECTION('',(-0.,-1.,0.));
#9814 = FACE_BOUND('',#9815,.F.);
#9815 = EDGE_LOOP('',(#9816));
#9816 = ORIENTED_EDGE('',*,*,#9817,.T.);
#9817 = EDGE_CURVE('',#9818,#9818,#9820,.T.);
#9818 = VERTEX_POINT('',#9819);
#9819 = CARTESIAN_POINT('',(2.5,-19.903554,0.));
#9820 = CIRCLE('',#9821,0.65);
#9821 = AXIS2_PLACEMENT_3D('',#9822,#9823,#9824);
#9822 = CARTESIAN_POINT('',(2.5,-19.253554,0.));
#9823 = DIRECTION('',(-0.,0.,-1.));
#9824 = DIRECTION('',(-0.,-1.,0.));
#9825 = FACE_BOUND('',#9826,.F.);
#9826 = EDGE_LOOP('',(#9827));
#9827 = ORIENTED_EDGE('',*,*,#9828,.T.);
#9828 = EDGE_CURVE('',#9829,#9829,#9831,.T.);
#9829 = VERTEX_POINT('',#9830);
#9830 = CARTESIAN_POINT('',(8.7,-19.903554,0.));
#9831 = CIRCLE('',#9832,0.65);
#9832 = AXIS2_PLACEMENT_3D('',#9833,#9834,#9835);
#9833 = CARTESIAN_POINT('',(8.7,-19.253554,0.));
#9834 = DIRECTION('',(-0.,0.,-1.));
#9835 = DIRECTION('',(-0.,-1.,0.));
#9836 = FACE_BOUND('',#9837,.F.);
#9837 = EDGE_LOOP('',(#9838));
#9838 = ORIENTED_EDGE('',*,*,#9839,.T.);
#9839 = EDGE_CURVE('',#9840,#9840,#9842,.T.);
#9840 = VERTEX_POINT('',#9841);
#9841 = CARTESIAN_POINT('',(13.7,-19.903554,0.));
#9842 = CIRCLE('',#9843,0.65);
#9843 = AXIS2_PLACEMENT_3D('',#9844,#9845,#9846);
#9844 = CARTESIAN_POINT('',(13.7,-19.253554,0.));
#9845 = DIRECTION('',(-0.,0.,-1.));
#9846 = DIRECTION('',(-0.,-1.,0.));
#9847 = FACE_BOUND('',#9848,.F.);
#9848 = EDGE_LOOP('',(#9849));
#9849 = ORIENTED_EDGE('',*,*,#9850,.T.);
#9850 = EDGE_CURVE('',#9851,#9851,#9853,.T.);
#9851 = VERTEX_POINT('',#9852);
#9852 = CARTESIAN_POINT('',(30.,-21.503554,0.));
#9853 = CIRCLE('',#9854,1.5);
#9854 = AXIS2_PLACEMENT_3D('',#9855,#9856,#9857);
#9855 = CARTESIAN_POINT('',(30.,-20.003554,0.));
#9856 = DIRECTION('',(-0.,0.,-1.));
#9857 = DIRECTION('',(-0.,-1.,0.));
#9858 = FACE_BOUND('',#9859,.F.);
#9859 = EDGE_LOOP('',(#9860));
#9860 = ORIENTED_EDGE('',*,*,#9861,.T.);
#9861 = EDGE_CURVE('',#9862,#9862,#9864,.T.);
#9862 = VERTEX_POINT('',#9863);
#9863 = CARTESIAN_POINT('',(0.64,-1.483554,0.));
#9864 = CIRCLE('',#9865,0.5);
#9865 = AXIS2_PLACEMENT_3D('',#9866,#9867,#9868);
#9866 = CARTESIAN_POINT('',(0.64,-0.983554,0.));
#9867 = DIRECTION('',(-0.,0.,-1.));
#9868 = DIRECTION('',(2.22044604925E-16,-1.,-0.));
#9869 = FACE_BOUND('',#9870,.F.);
#9870 = EDGE_LOOP('',(#9871));
#9871 = ORIENTED_EDGE('',*,*,#9872,.T.);
#9872 = EDGE_CURVE('',#9873,#9873,#9875,.T.);
#9873 = VERTEX_POINT('',#9874);
#9874 = CARTESIAN_POINT('',(23.5,-1.483554,0.));
#9875 = CIRCLE('',#9876,0.5);
#9876 = AXIS2_PLACEMENT_3D('',#9877,#9878,#9879);
#9877 = CARTESIAN_POINT('',(23.5,-0.983554,0.));
#9878 = DIRECTION('',(-0.,0.,-1.));
#9879 = DIRECTION('',(-0.,-1.,0.));
#9880 = FACE_BOUND('',#9881,.F.);
#9881 = EDGE_LOOP('',(#9882));
#9882 = ORIENTED_EDGE('',*,*,#9883,.T.);
#9883 = EDGE_CURVE('',#9884,#9884,#9886,.T.);
#9884 = VERTEX_POINT('',#9885);
#9885 = CARTESIAN_POINT('',(-29.295,2.45,0.));
#9886 = CIRCLE('',#9887,0.65);
#9887 = AXIS2_PLACEMENT_3D('',#9888,#9889,#9890);
#9888 = CARTESIAN_POINT('',(-29.295,3.1,0.));
#9889 = DIRECTION('',(-0.,0.,-1.));
#9890 = DIRECTION('',(-0.,-1.,0.));
#9891 = FACE_BOUND('',#9892,.F.);
#9892 = EDGE_LOOP('',(#9893));
#9893 = ORIENTED_EDGE('',*,*,#9894,.T.);
#9894 = EDGE_CURVE('',#9895,#9895,#9897,.T.);
#9895 = VERTEX_POINT('',#9896);
#9896 = CARTESIAN_POINT('',(-18.29,1.656446,0.));
#9897 = CIRCLE('',#9898,0.5);
#9898 = AXIS2_PLACEMENT_3D('',#9899,#9900,#9901);
#9899 = CARTESIAN_POINT('',(-18.29,2.156446,0.));
#9900 = DIRECTION('',(-0.,0.,-1.));
#9901 = DIRECTION('',(-0.,-1.,0.));
#9902 = FACE_BOUND('',#9903,.F.);
#9903 = EDGE_LOOP('',(#9904));
#9904 = ORIENTED_EDGE('',*,*,#9905,.T.);
#9905 = EDGE_CURVE('',#9906,#9906,#9908,.T.);
#9906 = VERTEX_POINT('',#9907);
#9907 = CARTESIAN_POINT('',(-29.295,7.45,0.));
#9908 = CIRCLE('',#9909,0.65);
#9909 = AXIS2_PLACEMENT_3D('',#9910,#9911,#9912);
#9910 = CARTESIAN_POINT('',(-29.295,8.1,0.));
#9911 = DIRECTION('',(-0.,0.,-1.));
#9912 = DIRECTION('',(-0.,-1.,0.));
#9913 = FACE_BOUND('',#9914,.F.);
#9914 = EDGE_LOOP('',(#9915));
#9915 = ORIENTED_EDGE('',*,*,#9916,.T.);
#9916 = EDGE_CURVE('',#9917,#9917,#9919,.T.);
#9917 = VERTEX_POINT('',#9918);
#9918 = CARTESIAN_POINT('',(-6.04,1.556446,0.));
#9919 = CIRCLE('',#9920,0.65);
#9920 = AXIS2_PLACEMENT_3D('',#9921,#9922,#9923);
#9921 = CARTESIAN_POINT('',(-6.04,2.206446,0.));
#9922 = DIRECTION('',(-0.,0.,-1.));
#9923 = DIRECTION('',(-0.,-1.,0.));
#9924 = FACE_BOUND('',#9925,.F.);
#9925 = EDGE_LOOP('',(#9926));
#9926 = ORIENTED_EDGE('',*,*,#9927,.T.);
#9927 = EDGE_CURVE('',#9928,#9928,#9930,.T.);
#9928 = VERTEX_POINT('',#9929);
#9929 = CARTESIAN_POINT('',(-30.,18.496446,0.));
#9930 = CIRCLE('',#9931,1.5);
#9931 = AXIS2_PLACEMENT_3D('',#9932,#9933,#9934);
#9932 = CARTESIAN_POINT('',(-30.,19.996446,0.));
#9933 = DIRECTION('',(-0.,0.,-1.));
#9934 = DIRECTION('',(-0.,-1.,0.));
#9935 = FACE_BOUND('',#9936,.F.);
#9936 = EDGE_LOOP('',(#9937));
#9937 = ORIENTED_EDGE('',*,*,#9938,.T.);
#9938 = EDGE_CURVE('',#9939,#9939,#9941,.T.);
#9939 = VERTEX_POINT('',#9940);
#9940 = CARTESIAN_POINT('',(0.64,1.056446,0.));
#9941 = CIRCLE('',#9942,0.5);
#9942 = AXIS2_PLACEMENT_3D('',#9943,#9944,#9945);
#9943 = CARTESIAN_POINT('',(0.64,1.556446,0.));
#9944 = DIRECTION('',(-0.,0.,-1.));
#9945 = DIRECTION('',(2.22044604925E-16,-1.,-0.));
#9946 = FACE_BOUND('',#9947,.F.);
#9947 = EDGE_LOOP('',(#9948));
#9948 = ORIENTED_EDGE('',*,*,#9949,.T.);
#9949 = EDGE_CURVE('',#9950,#9950,#9952,.T.);
#9950 = VERTEX_POINT('',#9951);
#9951 = CARTESIAN_POINT('',(0.64,3.596446,0.));
#9952 = CIRCLE('',#9953,0.5);
#9953 = AXIS2_PLACEMENT_3D('',#9954,#9955,#9956);
#9954 = CARTESIAN_POINT('',(0.64,4.096446,0.));
#9955 = DIRECTION('',(-0.,0.,-1.));
#9956 = DIRECTION('',(2.22044604925E-16,-1.,-0.));
#9957 = FACE_BOUND('',#9958,.F.);
#9958 = EDGE_LOOP('',(#9959));
#9959 = ORIENTED_EDGE('',*,*,#9960,.T.);
#9960 = EDGE_CURVE('',#9961,#9961,#9963,.T.);
#9961 = VERTEX_POINT('',#9962);
#9962 = CARTESIAN_POINT('',(0.64,6.136446,0.));
#9963 = CIRCLE('',#9964,0.5);
#9964 = AXIS2_PLACEMENT_3D('',#9965,#9966,#9967);
#9965 = CARTESIAN_POINT('',(0.64,6.636446,0.));
#9966 = DIRECTION('',(-0.,0.,-1.));
#9967 = DIRECTION('',(2.22044604925E-16,-1.,-0.));
#9968 = FACE_BOUND('',#9969,.F.);
#9969 = EDGE_LOOP('',(#9970));
#9970 = ORIENTED_EDGE('',*,*,#9971,.T.);
#9971 = EDGE_CURVE('',#9972,#9972,#9974,.T.);
#9972 = VERTEX_POINT('',#9973);
#9973 = CARTESIAN_POINT('',(0.64,8.676446,0.));
#9974 = CIRCLE('',#9975,0.5);
#9975 = AXIS2_PLACEMENT_3D('',#9976,#9977,#9978);
#9976 = CARTESIAN_POINT('',(0.64,9.176446,0.));
#9977 = DIRECTION('',(-0.,0.,-1.));
#9978 = DIRECTION('',(2.22044604925E-16,-1.,-0.));
#9979 = FACE_BOUND('',#9980,.F.);
#9980 = EDGE_LOOP('',(#9981));
#9981 = ORIENTED_EDGE('',*,*,#9982,.T.);
#9982 = EDGE_CURVE('',#9983,#9983,#9985,.T.);
#9983 = VERTEX_POINT('',#9984);
#9984 = CARTESIAN_POINT('',(23.5,1.056446,0.));
#9985 = CIRCLE('',#9986,0.5);
#9986 = AXIS2_PLACEMENT_3D('',#9987,#9988,#9989);
#9987 = CARTESIAN_POINT('',(23.5,1.556446,0.));
#9988 = DIRECTION('',(-0.,0.,-1.));
#9989 = DIRECTION('',(-0.,-1.,0.));
#9990 = FACE_BOUND('',#9991,.F.);
#9991 = EDGE_LOOP('',(#9992));
#9992 = ORIENTED_EDGE('',*,*,#9993,.T.);
#9993 = EDGE_CURVE('',#9994,#9994,#9996,.T.);
#9994 = VERTEX_POINT('',#9995);
#9995 = CARTESIAN_POINT('',(23.5,3.596446,0.));
#9996 = CIRCLE('',#9997,0.5);
#9997 = AXIS2_PLACEMENT_3D('',#9998,#9999,#10000);
#9998 = CARTESIAN_POINT('',(23.5,4.096446,0.));
#9999 = DIRECTION('',(-0.,0.,-1.));
#10000 = DIRECTION('',(-0.,-1.,0.));
#10001 = FACE_BOUND('',#10002,.F.);
#10002 = EDGE_LOOP('',(#10003));
#10003 = ORIENTED_EDGE('',*,*,#10004,.T.);
#10004 = EDGE_CURVE('',#10005,#10005,#10007,.T.);
#10005 = VERTEX_POINT('',#10006);
#10006 = CARTESIAN_POINT('',(23.5,6.136446,0.));
#10007 = CIRCLE('',#10008,0.5);
#10008 = AXIS2_PLACEMENT_3D('',#10009,#10010,#10011);
#10009 = CARTESIAN_POINT('',(23.5,6.636446,0.));
#10010 = DIRECTION('',(-0.,0.,-1.));
#10011 = DIRECTION('',(-0.,-1.,0.));
#10012 = FACE_BOUND('',#10013,.F.);
#10013 = EDGE_LOOP('',(#10014));
#10014 = ORIENTED_EDGE('',*,*,#10015,.T.);
#10015 = EDGE_CURVE('',#10016,#10016,#10018,.T.);
#10016 = VERTEX_POINT('',#10017);
#10017 = CARTESIAN_POINT('',(23.5,8.676446,0.));
#10018 = CIRCLE('',#10019,0.5);
#10019 = AXIS2_PLACEMENT_3D('',#10020,#10021,#10022);
#10020 = CARTESIAN_POINT('',(23.5,9.176446,0.));
#10021 = DIRECTION('',(-0.,0.,-1.));
#10022 = DIRECTION('',(-0.,-1.,0.));
#10023 = FACE_BOUND('',#10024,.F.);
#10024 = EDGE_LOOP('',(#10025));
#10025 = ORIENTED_EDGE('',*,*,#10026,.T.);
#10026 = EDGE_CURVE('',#10027,#10027,#10029,.T.);
#10027 = VERTEX_POINT('',#10028);
#10028 = CARTESIAN_POINT('',(0.64,11.216446,0.));
#10029 = CIRCLE('',#10030,0.5);
#10030 = AXIS2_PLACEMENT_3D('',#10031,#10032,#10033);
#10031 = CARTESIAN_POINT('',(0.64,11.716446,0.));
#10032 = DIRECTION('',(-0.,0.,-1.));
#10033 = DIRECTION('',(2.22044604925E-16,-1.,-0.));
#10034 = FACE_BOUND('',#10035,.F.);
#10035 = EDGE_LOOP('',(#10036));
#10036 = ORIENTED_EDGE('',*,*,#10037,.T.);
#10037 = EDGE_CURVE('',#10038,#10038,#10040,.T.);
#10038 = VERTEX_POINT('',#10039);
#10039 = CARTESIAN_POINT('',(0.64,13.756446,0.));
#10040 = CIRCLE('',#10041,0.5);
#10041 = AXIS2_PLACEMENT_3D('',#10042,#10043,#10044);
#10042 = CARTESIAN_POINT('',(0.64,14.256446,0.));
#10043 = DIRECTION('',(-0.,0.,-1.));
#10044 = DIRECTION('',(2.22044604925E-16,-1.,-0.));
#10045 = FACE_BOUND('',#10046,.F.);
#10046 = EDGE_LOOP('',(#10047));
#10047 = ORIENTED_EDGE('',*,*,#10048,.T.);
#10048 = EDGE_CURVE('',#10049,#10049,#10051,.T.);
#10049 = VERTEX_POINT('',#10050);
#10050 = CARTESIAN_POINT('',(0.64,16.296446,0.));
#10051 = CIRCLE('',#10052,0.5);
#10052 = AXIS2_PLACEMENT_3D('',#10053,#10054,#10055);
#10053 = CARTESIAN_POINT('',(0.64,16.796446,0.));
#10054 = DIRECTION('',(-0.,0.,-1.));
#10055 = DIRECTION('',(2.22044604925E-16,-1.,-0.));
#10056 = FACE_BOUND('',#10057,.F.);
#10057 = EDGE_LOOP('',(#10058));
#10058 = ORIENTED_EDGE('',*,*,#10059,.T.);
#10059 = EDGE_CURVE('',#10060,#10060,#10062,.T.);
#10060 = VERTEX_POINT('',#10061);
#10061 = CARTESIAN_POINT('',(23.5,11.216446,0.));
#10062 = CIRCLE('',#10063,0.5);
#10063 = AXIS2_PLACEMENT_3D('',#10064,#10065,#10066);
#10064 = CARTESIAN_POINT('',(23.5,11.716446,0.));
#10065 = DIRECTION('',(-0.,0.,-1.));
#10066 = DIRECTION('',(-0.,-1.,0.));
#10067 = FACE_BOUND('',#10068,.F.);
#10068 = EDGE_LOOP('',(#10069));
#10069 = ORIENTED_EDGE('',*,*,#10070,.T.);
#10070 = EDGE_CURVE('',#10071,#10071,#10073,.T.);
#10071 = VERTEX_POINT('',#10072);
#10072 = CARTESIAN_POINT('',(23.5,13.756446,0.));
#10073 = CIRCLE('',#10074,0.5);
#10074 = AXIS2_PLACEMENT_3D('',#10075,#10076,#10077);
#10075 = CARTESIAN_POINT('',(23.5,14.256446,0.));
#10076 = DIRECTION('',(-0.,0.,-1.));
#10077 = DIRECTION('',(-0.,-1.,0.));
#10078 = FACE_BOUND('',#10079,.F.);
#10079 = EDGE_LOOP('',(#10080));
#10080 = ORIENTED_EDGE('',*,*,#10081,.T.);
#10081 = EDGE_CURVE('',#10082,#10082,#10084,.T.);
#10082 = VERTEX_POINT('',#10083);
#10083 = CARTESIAN_POINT('',(23.5,16.296446,0.));
#10084 = CIRCLE('',#10085,0.5);
#10085 = AXIS2_PLACEMENT_3D('',#10086,#10087,#10088);
#10086 = CARTESIAN_POINT('',(23.5,16.796446,0.));
#10087 = DIRECTION('',(-0.,0.,-1.));
#10088 = DIRECTION('',(-0.,-1.,0.));
#10089 = FACE_BOUND('',#10090,.F.);
#10090 = EDGE_LOOP('',(#10091));
#10091 = ORIENTED_EDGE('',*,*,#10092,.T.);
#10092 = EDGE_CURVE('',#10093,#10093,#10095,.T.);
#10093 = VERTEX_POINT('',#10094);
#10094 = CARTESIAN_POINT('',(30.,18.496446,0.));
#10095 = CIRCLE('',#10096,1.5);
#10096 = AXIS2_PLACEMENT_3D('',#10097,#10098,#10099);
#10097 = CARTESIAN_POINT('',(30.,19.996446,0.));
#10098 = DIRECTION('',(-0.,0.,-1.));
#10099 = DIRECTION('',(-0.,-1.,0.));
#10100 = PLANE('',#10101);
#10101 = AXIS2_PLACEMENT_3D('',#10102,#10103,#10104);
#10102 = CARTESIAN_POINT('',(0.,0.,0.));
#10103 = DIRECTION('',(0.,0.,1.));
#10104 = DIRECTION('',(1.,0.,-0.));
#10105 = ADVANCED_FACE('',(#10106,#10202,#10213,#10224,#10235,#10246,
    #10257,#10268,#10279,#10290,#10301,#10312,#10323,#10334,#10345,
    #10356,#10367,#10378,#10389,#10400,#10411,#10422,#10433,#10444,
    #10455,#10466,#10477,#10488,#10499,#10510,#10521,#10532,#10543,
    #10554,#10565,#10576),#10587,.T.);
#10106 = FACE_BOUND('',#10107,.T.);
#10107 = EDGE_LOOP('',(#10108,#10109,#10110,#10119,#10127,#10135,#10143,
    #10152,#10160,#10169,#10177,#10186,#10194,#10201));
#10108 = ORIENTED_EDGE('',*,*,#9528,.F.);
#10109 = ORIENTED_EDGE('',*,*,#9570,.F.);
#10110 = ORIENTED_EDGE('',*,*,#10111,.F.);
#10111 = EDGE_CURVE('',#10112,#9563,#10114,.T.);
#10112 = VERTEX_POINT('',#10113);
#10113 = CARTESIAN_POINT('',(26.,23.996446,1.6062));
#10114 = CIRCLE('',#10115,1.007107645562);
#10115 = AXIS2_PLACEMENT_3D('',#10116,#10117,#10118);
#10116 = CARTESIAN_POINT('',(27.007107645562,23.996445354438,1.6062));
#10117 = DIRECTION('',(0.,0.,-1.));
#10118 = DIRECTION('',(-1.,6.410054668125E-07,0.));
#10119 = ORIENTED_EDGE('',*,*,#10120,.F.);
#10120 = EDGE_CURVE('',#10121,#10112,#10123,.T.);
#10121 = VERTEX_POINT('',#10122);
#10122 = CARTESIAN_POINT('',(26.,18.196446,1.6062));
#10123 = LINE('',#10124,#10125);
#10124 = CARTESIAN_POINT('',(26.,18.196446,1.6062));
#10125 = VECTOR('',#10126,1.);
#10126 = DIRECTION('',(0.,1.,0.));
#10127 = ORIENTED_EDGE('',*,*,#10128,.F.);
#10128 = EDGE_CURVE('',#10129,#10121,#10131,.T.);
#10129 = VERTEX_POINT('',#10130);
#10130 = CARTESIAN_POINT('',(-1.8,18.196446,1.6062));
#10131 = LINE('',#10132,#10133);
#10132 = CARTESIAN_POINT('',(-1.8,18.196446,1.6062));
#10133 = VECTOR('',#10134,1.);
#10134 = DIRECTION('',(1.,0.,0.));
#10135 = ORIENTED_EDGE('',*,*,#10136,.F.);
#10136 = EDGE_CURVE('',#10137,#10129,#10139,.T.);
#10137 = VERTEX_POINT('',#10138);
#10138 = CARTESIAN_POINT('',(-1.807107,23.996446,1.6062));
#10139 = LINE('',#10140,#10141);
#10140 = CARTESIAN_POINT('',(-1.807107,23.996446,1.6062));
#10141 = VECTOR('',#10142,1.);
#10142 = DIRECTION('',(1.225343907678E-03,-0.999999249266,0.));
#10143 = ORIENTED_EDGE('',*,*,#10144,.F.);
#10144 = EDGE_CURVE('',#10145,#10137,#10147,.T.);
#10145 = VERTEX_POINT('',#10146);
#10146 = CARTESIAN_POINT('',(-2.807107,24.996446,1.6062));
#10147 = CIRCLE('',#10148,0.999999252925);
#10148 = AXIS2_PLACEMENT_3D('',#10149,#10150,#10151);
#10149 = CARTESIAN_POINT('',(-2.807106252925,23.996446747075,1.6062));
#10150 = DIRECTION('',(0.,0.,-1.));
#10151 = DIRECTION('',(-7.470757416152E-07,1.,0.));
#10152 = ORIENTED_EDGE('',*,*,#10153,.F.);
#10153 = EDGE_CURVE('',#10154,#10145,#10156,.T.);
#10154 = VERTEX_POINT('',#10155);
#10155 = CARTESIAN_POINT('',(-30.,24.996446,1.6062));
#10156 = LINE('',#10157,#10158);
#10157 = CARTESIAN_POINT('',(-30.,24.996446,1.6062));
#10158 = VECTOR('',#10159,1.);
#10159 = DIRECTION('',(1.,0.,0.));
#10160 = ORIENTED_EDGE('',*,*,#10161,.F.);
#10161 = EDGE_CURVE('',#10162,#10154,#10164,.T.);
#10162 = VERTEX_POINT('',#10163);
#10163 = CARTESIAN_POINT('',(-35.,19.996446,1.6062));
#10164 = CIRCLE('',#10165,4.999999678834);
#10165 = AXIS2_PLACEMENT_3D('',#10166,#10167,#10168);
#10166 = CARTESIAN_POINT('',(-30.00000032116,19.996446321166,1.6062));
#10167 = DIRECTION('',(0.,0.,-1.));
#10168 = DIRECTION('',(-1.,-6.423314275614E-08,-0.));
#10169 = ORIENTED_EDGE('',*,*,#10170,.F.);
#10170 = EDGE_CURVE('',#10171,#10162,#10173,.T.);
#10171 = VERTEX_POINT('',#10172);
#10172 = CARTESIAN_POINT('',(-35.,-20.003554,1.6062));
#10173 = LINE('',#10174,#10175);
#10174 = CARTESIAN_POINT('',(-35.,-20.003554,1.6062));
#10175 = VECTOR('',#10176,1.);
#10176 = DIRECTION('',(0.,1.,0.));
#10177 = ORIENTED_EDGE('',*,*,#10178,.F.);
#10178 = EDGE_CURVE('',#10179,#10171,#10181,.T.);
#10179 = VERTEX_POINT('',#10180);
#10180 = CARTESIAN_POINT('',(-30.,-25.003554,1.6062));
#10181 = CIRCLE('',#10182,4.999999678834);
#10182 = AXIS2_PLACEMENT_3D('',#10183,#10184,#10185);
#10183 = CARTESIAN_POINT('',(-30.00000032116,-20.00355432116,1.6062));
#10184 = DIRECTION('',(0.,0.,-1.));
#10185 = DIRECTION('',(6.423314275614E-08,-1.,0.));
#10186 = ORIENTED_EDGE('',*,*,#10187,.F.);
#10187 = EDGE_CURVE('',#10188,#10179,#10190,.T.);
#10188 = VERTEX_POINT('',#10189);
#10189 = CARTESIAN_POINT('',(30.,-25.003554,1.6062));
#10190 = LINE('',#10191,#10192);
#10191 = CARTESIAN_POINT('',(30.,-25.003554,1.6062));
#10192 = VECTOR('',#10193,1.);
#10193 = DIRECTION('',(-1.,0.,0.));
#10194 = ORIENTED_EDGE('',*,*,#10195,.F.);
#10195 = EDGE_CURVE('',#9593,#10188,#10196,.T.);
#10196 = CIRCLE('',#10197,4.999999678834);
#10197 = AXIS2_PLACEMENT_3D('',#10198,#10199,#10200);
#10198 = CARTESIAN_POINT('',(30.000000321166,-20.00355432116,1.6062));
#10199 = DIRECTION('',(0.,0.,-1.));
#10200 = DIRECTION('',(1.,6.423314275614E-08,0.));
#10201 = ORIENTED_EDGE('',*,*,#9592,.F.);
#10202 = FACE_BOUND('',#10203,.T.);
#10203 = EDGE_LOOP('',(#10204));
#10204 = ORIENTED_EDGE('',*,*,#10205,.T.);
#10205 = EDGE_CURVE('',#10206,#10206,#10208,.T.);
#10206 = VERTEX_POINT('',#10207);
#10207 = CARTESIAN_POINT('',(-30.,-21.503554,1.6062));
#10208 = CIRCLE('',#10209,1.5);
#10209 = AXIS2_PLACEMENT_3D('',#10210,#10211,#10212);
#10210 = CARTESIAN_POINT('',(-30.,-20.003554,1.6062));
#10211 = DIRECTION('',(-0.,0.,-1.));
#10212 = DIRECTION('',(-0.,-1.,0.));
#10213 = FACE_BOUND('',#10214,.T.);
#10214 = EDGE_LOOP('',(#10215));
#10215 = ORIENTED_EDGE('',*,*,#10216,.T.);
#10216 = EDGE_CURVE('',#10217,#10217,#10219,.T.);
#10217 = VERTEX_POINT('',#10218);
#10218 = CARTESIAN_POINT('',(-13.7,-19.903554,1.6062));
#10219 = CIRCLE('',#10220,0.65);
#10220 = AXIS2_PLACEMENT_3D('',#10221,#10222,#10223);
#10221 = CARTESIAN_POINT('',(-13.7,-19.253554,1.6062));
#10222 = DIRECTION('',(-0.,0.,-1.));
#10223 = DIRECTION('',(-0.,-1.,0.));
#10224 = FACE_BOUND('',#10225,.T.);
#10225 = EDGE_LOOP('',(#10226));
#10226 = ORIENTED_EDGE('',*,*,#10227,.T.);
#10227 = EDGE_CURVE('',#10228,#10228,#10230,.T.);
#10228 = VERTEX_POINT('',#10229);
#10229 = CARTESIAN_POINT('',(-8.7,-19.903554,1.6062));
#10230 = CIRCLE('',#10231,0.65);
#10231 = AXIS2_PLACEMENT_3D('',#10232,#10233,#10234);
#10232 = CARTESIAN_POINT('',(-8.7,-19.253554,1.6062));
#10233 = DIRECTION('',(-0.,0.,-1.));
#10234 = DIRECTION('',(-0.,-1.,0.));
#10235 = FACE_BOUND('',#10236,.T.);
#10236 = EDGE_LOOP('',(#10237));
#10237 = ORIENTED_EDGE('',*,*,#10238,.T.);
#10238 = EDGE_CURVE('',#10239,#10239,#10241,.T.);
#10239 = VERTEX_POINT('',#10240);
#10240 = CARTESIAN_POINT('',(-2.5,-19.903554,1.6062));
#10241 = CIRCLE('',#10242,0.65);
#10242 = AXIS2_PLACEMENT_3D('',#10243,#10244,#10245);
#10243 = CARTESIAN_POINT('',(-2.5,-19.253554,1.6062));
#10244 = DIRECTION('',(-0.,0.,-1.));
#10245 = DIRECTION('',(-0.,-1.,0.));
#10246 = FACE_BOUND('',#10247,.T.);
#10247 = EDGE_LOOP('',(#10248));
#10248 = ORIENTED_EDGE('',*,*,#10249,.T.);
#10249 = EDGE_CURVE('',#10250,#10250,#10252,.T.);
#10250 = VERTEX_POINT('',#10251);
#10251 = CARTESIAN_POINT('',(-29.295,-8.75,1.6062));
#10252 = CIRCLE('',#10253,0.65);
#10253 = AXIS2_PLACEMENT_3D('',#10254,#10255,#10256);
#10254 = CARTESIAN_POINT('',(-29.295,-8.1,1.6062));
#10255 = DIRECTION('',(-0.,0.,-1.));
#10256 = DIRECTION('',(-0.,-1.,0.));
#10257 = FACE_BOUND('',#10258,.T.);
#10258 = EDGE_LOOP('',(#10259));
#10259 = ORIENTED_EDGE('',*,*,#10260,.T.);
#10260 = EDGE_CURVE('',#10261,#10261,#10263,.T.);
#10261 = VERTEX_POINT('',#10262);
#10262 = CARTESIAN_POINT('',(-18.29,-10.343554,1.6062));
#10263 = CIRCLE('',#10264,0.5);
#10264 = AXIS2_PLACEMENT_3D('',#10265,#10266,#10267);
#10265 = CARTESIAN_POINT('',(-18.29,-9.843554,1.6062));
#10266 = DIRECTION('',(-0.,0.,-1.));
#10267 = DIRECTION('',(-0.,-1.,0.));
#10268 = FACE_BOUND('',#10269,.T.);
#10269 = EDGE_LOOP('',(#10270));
#10270 = ORIENTED_EDGE('',*,*,#10271,.T.);
#10271 = EDGE_CURVE('',#10272,#10272,#10274,.T.);
#10272 = VERTEX_POINT('',#10273);
#10273 = CARTESIAN_POINT('',(-29.295,-3.75,1.6062));
#10274 = CIRCLE('',#10275,0.65);
#10275 = AXIS2_PLACEMENT_3D('',#10276,#10277,#10278);
#10276 = CARTESIAN_POINT('',(-29.295,-3.1,1.6062));
#10277 = DIRECTION('',(-0.,0.,-1.));
#10278 = DIRECTION('',(-0.,-1.,0.));
#10279 = FACE_BOUND('',#10280,.T.);
#10280 = EDGE_LOOP('',(#10281));
#10281 = ORIENTED_EDGE('',*,*,#10282,.T.);
#10282 = EDGE_CURVE('',#10283,#10283,#10285,.T.);
#10283 = VERTEX_POINT('',#10284);
#10284 = CARTESIAN_POINT('',(-20.24,-4.443554,1.6062));
#10285 = CIRCLE('',#10286,0.65);
#10286 = AXIS2_PLACEMENT_3D('',#10287,#10288,#10289);
#10287 = CARTESIAN_POINT('',(-20.24,-3.793554,1.6062));
#10288 = DIRECTION('',(-0.,0.,-1.));
#10289 = DIRECTION('',(5.465713352001E-15,-1.,-0.));
#10290 = FACE_BOUND('',#10291,.T.);
#10291 = EDGE_LOOP('',(#10292));
#10292 = ORIENTED_EDGE('',*,*,#10293,.T.);
#10293 = EDGE_CURVE('',#10294,#10294,#10296,.T.);
#10294 = VERTEX_POINT('',#10295);
#10295 = CARTESIAN_POINT('',(-6.09,-10.493554,1.6062));
#10296 = CIRCLE('',#10297,0.65);
#10297 = AXIS2_PLACEMENT_3D('',#10298,#10299,#10300);
#10298 = CARTESIAN_POINT('',(-6.09,-9.843554,1.6062));
#10299 = DIRECTION('',(-0.,0.,-1.));
#10300 = DIRECTION('',(-0.,-1.,0.));
#10301 = FACE_BOUND('',#10302,.T.);
#10302 = EDGE_LOOP('',(#10303));
#10303 = ORIENTED_EDGE('',*,*,#10304,.T.);
#10304 = EDGE_CURVE('',#10305,#10305,#10307,.T.);
#10305 = VERTEX_POINT('',#10306);
#10306 = CARTESIAN_POINT('',(2.5,-19.903554,1.6062));
#10307 = CIRCLE('',#10308,0.65);
#10308 = AXIS2_PLACEMENT_3D('',#10309,#10310,#10311);
#10309 = CARTESIAN_POINT('',(2.5,-19.253554,1.6062));
#10310 = DIRECTION('',(-0.,0.,-1.));
#10311 = DIRECTION('',(-0.,-1.,0.));
#10312 = FACE_BOUND('',#10313,.T.);
#10313 = EDGE_LOOP('',(#10314));
#10314 = ORIENTED_EDGE('',*,*,#10315,.T.);
#10315 = EDGE_CURVE('',#10316,#10316,#10318,.T.);
#10316 = VERTEX_POINT('',#10317);
#10317 = CARTESIAN_POINT('',(8.7,-19.903554,1.6062));
#10318 = CIRCLE('',#10319,0.65);
#10319 = AXIS2_PLACEMENT_3D('',#10320,#10321,#10322);
#10320 = CARTESIAN_POINT('',(8.7,-19.253554,1.6062));
#10321 = DIRECTION('',(-0.,0.,-1.));
#10322 = DIRECTION('',(-0.,-1.,0.));
#10323 = FACE_BOUND('',#10324,.T.);
#10324 = EDGE_LOOP('',(#10325));
#10325 = ORIENTED_EDGE('',*,*,#10326,.T.);
#10326 = EDGE_CURVE('',#10327,#10327,#10329,.T.);
#10327 = VERTEX_POINT('',#10328);
#10328 = CARTESIAN_POINT('',(13.7,-19.903554,1.6062));
#10329 = CIRCLE('',#10330,0.65);
#10330 = AXIS2_PLACEMENT_3D('',#10331,#10332,#10333);
#10331 = CARTESIAN_POINT('',(13.7,-19.253554,1.6062));
#10332 = DIRECTION('',(-0.,0.,-1.));
#10333 = DIRECTION('',(-0.,-1.,0.));
#10334 = FACE_BOUND('',#10335,.T.);
#10335 = EDGE_LOOP('',(#10336));
#10336 = ORIENTED_EDGE('',*,*,#10337,.T.);
#10337 = EDGE_CURVE('',#10338,#10338,#10340,.T.);
#10338 = VERTEX_POINT('',#10339);
#10339 = CARTESIAN_POINT('',(30.,-21.503554,1.6062));
#10340 = CIRCLE('',#10341,1.5);
#10341 = AXIS2_PLACEMENT_3D('',#10342,#10343,#10344);
#10342 = CARTESIAN_POINT('',(30.,-20.003554,1.6062));
#10343 = DIRECTION('',(-0.,0.,-1.));
#10344 = DIRECTION('',(-0.,-1.,0.));
#10345 = FACE_BOUND('',#10346,.T.);
#10346 = EDGE_LOOP('',(#10347));
#10347 = ORIENTED_EDGE('',*,*,#10348,.T.);
#10348 = EDGE_CURVE('',#10349,#10349,#10351,.T.);
#10349 = VERTEX_POINT('',#10350);
#10350 = CARTESIAN_POINT('',(0.64,-1.483554,1.6062));
#10351 = CIRCLE('',#10352,0.5);
#10352 = AXIS2_PLACEMENT_3D('',#10353,#10354,#10355);
#10353 = CARTESIAN_POINT('',(0.64,-0.983554,1.6062));
#10354 = DIRECTION('',(-0.,0.,-1.));
#10355 = DIRECTION('',(2.22044604925E-16,-1.,-0.));
#10356 = FACE_BOUND('',#10357,.T.);
#10357 = EDGE_LOOP('',(#10358));
#10358 = ORIENTED_EDGE('',*,*,#10359,.T.);
#10359 = EDGE_CURVE('',#10360,#10360,#10362,.T.);
#10360 = VERTEX_POINT('',#10361);
#10361 = CARTESIAN_POINT('',(23.5,-1.483554,1.6062));
#10362 = CIRCLE('',#10363,0.5);
#10363 = AXIS2_PLACEMENT_3D('',#10364,#10365,#10366);
#10364 = CARTESIAN_POINT('',(23.5,-0.983554,1.6062));
#10365 = DIRECTION('',(-0.,0.,-1.));
#10366 = DIRECTION('',(-0.,-1.,0.));
#10367 = FACE_BOUND('',#10368,.T.);
#10368 = EDGE_LOOP('',(#10369));
#10369 = ORIENTED_EDGE('',*,*,#10370,.T.);
#10370 = EDGE_CURVE('',#10371,#10371,#10373,.T.);
#10371 = VERTEX_POINT('',#10372);
#10372 = CARTESIAN_POINT('',(-29.295,2.45,1.6062));
#10373 = CIRCLE('',#10374,0.65);
#10374 = AXIS2_PLACEMENT_3D('',#10375,#10376,#10377);
#10375 = CARTESIAN_POINT('',(-29.295,3.1,1.6062));
#10376 = DIRECTION('',(-0.,0.,-1.));
#10377 = DIRECTION('',(-0.,-1.,0.));
#10378 = FACE_BOUND('',#10379,.T.);
#10379 = EDGE_LOOP('',(#10380));
#10380 = ORIENTED_EDGE('',*,*,#10381,.T.);
#10381 = EDGE_CURVE('',#10382,#10382,#10384,.T.);
#10382 = VERTEX_POINT('',#10383);
#10383 = CARTESIAN_POINT('',(-18.29,1.656446,1.6062));
#10384 = CIRCLE('',#10385,0.5);
#10385 = AXIS2_PLACEMENT_3D('',#10386,#10387,#10388);
#10386 = CARTESIAN_POINT('',(-18.29,2.156446,1.6062));
#10387 = DIRECTION('',(-0.,0.,-1.));
#10388 = DIRECTION('',(-0.,-1.,0.));
#10389 = FACE_BOUND('',#10390,.T.);
#10390 = EDGE_LOOP('',(#10391));
#10391 = ORIENTED_EDGE('',*,*,#10392,.T.);
#10392 = EDGE_CURVE('',#10393,#10393,#10395,.T.);
#10393 = VERTEX_POINT('',#10394);
#10394 = CARTESIAN_POINT('',(-29.295,7.45,1.6062));
#10395 = CIRCLE('',#10396,0.65);
#10396 = AXIS2_PLACEMENT_3D('',#10397,#10398,#10399);
#10397 = CARTESIAN_POINT('',(-29.295,8.1,1.6062));
#10398 = DIRECTION('',(-0.,0.,-1.));
#10399 = DIRECTION('',(-0.,-1.,0.));
#10400 = FACE_BOUND('',#10401,.T.);
#10401 = EDGE_LOOP('',(#10402));
#10402 = ORIENTED_EDGE('',*,*,#10403,.T.);
#10403 = EDGE_CURVE('',#10404,#10404,#10406,.T.);
#10404 = VERTEX_POINT('',#10405);
#10405 = CARTESIAN_POINT('',(-6.04,1.556446,1.6062));
#10406 = CIRCLE('',#10407,0.65);
#10407 = AXIS2_PLACEMENT_3D('',#10408,#10409,#10410);
#10408 = CARTESIAN_POINT('',(-6.04,2.206446,1.6062));
#10409 = DIRECTION('',(-0.,0.,-1.));
#10410 = DIRECTION('',(-0.,-1.,0.));
#10411 = FACE_BOUND('',#10412,.T.);
#10412 = EDGE_LOOP('',(#10413));
#10413 = ORIENTED_EDGE('',*,*,#10414,.T.);
#10414 = EDGE_CURVE('',#10415,#10415,#10417,.T.);
#10415 = VERTEX_POINT('',#10416);
#10416 = CARTESIAN_POINT('',(-30.,18.496446,1.6062));
#10417 = CIRCLE('',#10418,1.5);
#10418 = AXIS2_PLACEMENT_3D('',#10419,#10420,#10421);
#10419 = CARTESIAN_POINT('',(-30.,19.996446,1.6062));
#10420 = DIRECTION('',(-0.,0.,-1.));
#10421 = DIRECTION('',(-0.,-1.,0.));
#10422 = FACE_BOUND('',#10423,.T.);
#10423 = EDGE_LOOP('',(#10424));
#10424 = ORIENTED_EDGE('',*,*,#10425,.T.);
#10425 = EDGE_CURVE('',#10426,#10426,#10428,.T.);
#10426 = VERTEX_POINT('',#10427);
#10427 = CARTESIAN_POINT('',(0.64,1.056446,1.6062));
#10428 = CIRCLE('',#10429,0.5);
#10429 = AXIS2_PLACEMENT_3D('',#10430,#10431,#10432);
#10430 = CARTESIAN_POINT('',(0.64,1.556446,1.6062));
#10431 = DIRECTION('',(-0.,0.,-1.));
#10432 = DIRECTION('',(2.22044604925E-16,-1.,-0.));
#10433 = FACE_BOUND('',#10434,.T.);
#10434 = EDGE_LOOP('',(#10435));
#10435 = ORIENTED_EDGE('',*,*,#10436,.T.);
#10436 = EDGE_CURVE('',#10437,#10437,#10439,.T.);
#10437 = VERTEX_POINT('',#10438);
#10438 = CARTESIAN_POINT('',(0.64,3.596446,1.6062));
#10439 = CIRCLE('',#10440,0.5);
#10440 = AXIS2_PLACEMENT_3D('',#10441,#10442,#10443);
#10441 = CARTESIAN_POINT('',(0.64,4.096446,1.6062));
#10442 = DIRECTION('',(-0.,0.,-1.));
#10443 = DIRECTION('',(2.22044604925E-16,-1.,-0.));
#10444 = FACE_BOUND('',#10445,.T.);
#10445 = EDGE_LOOP('',(#10446));
#10446 = ORIENTED_EDGE('',*,*,#10447,.T.);
#10447 = EDGE_CURVE('',#10448,#10448,#10450,.T.);
#10448 = VERTEX_POINT('',#10449);
#10449 = CARTESIAN_POINT('',(0.64,6.136446,1.6062));
#10450 = CIRCLE('',#10451,0.5);
#10451 = AXIS2_PLACEMENT_3D('',#10452,#10453,#10454);
#10452 = CARTESIAN_POINT('',(0.64,6.636446,1.6062));
#10453 = DIRECTION('',(-0.,0.,-1.));
#10454 = DIRECTION('',(2.22044604925E-16,-1.,-0.));
#10455 = FACE_BOUND('',#10456,.T.);
#10456 = EDGE_LOOP('',(#10457));
#10457 = ORIENTED_EDGE('',*,*,#10458,.T.);
#10458 = EDGE_CURVE('',#10459,#10459,#10461,.T.);
#10459 = VERTEX_POINT('',#10460);
#10460 = CARTESIAN_POINT('',(0.64,8.676446,1.6062));
#10461 = CIRCLE('',#10462,0.5);
#10462 = AXIS2_PLACEMENT_3D('',#10463,#10464,#10465);
#10463 = CARTESIAN_POINT('',(0.64,9.176446,1.6062));
#10464 = DIRECTION('',(-0.,0.,-1.));
#10465 = DIRECTION('',(2.22044604925E-16,-1.,-0.));
#10466 = FACE_BOUND('',#10467,.T.);
#10467 = EDGE_LOOP('',(#10468));
#10468 = ORIENTED_EDGE('',*,*,#10469,.T.);
#10469 = EDGE_CURVE('',#10470,#10470,#10472,.T.);
#10470 = VERTEX_POINT('',#10471);
#10471 = CARTESIAN_POINT('',(23.5,1.056446,1.6062));
#10472 = CIRCLE('',#10473,0.5);
#10473 = AXIS2_PLACEMENT_3D('',#10474,#10475,#10476);
#10474 = CARTESIAN_POINT('',(23.5,1.556446,1.6062));
#10475 = DIRECTION('',(-0.,0.,-1.));
#10476 = DIRECTION('',(-0.,-1.,0.));
#10477 = FACE_BOUND('',#10478,.T.);
#10478 = EDGE_LOOP('',(#10479));
#10479 = ORIENTED_EDGE('',*,*,#10480,.T.);
#10480 = EDGE_CURVE('',#10481,#10481,#10483,.T.);
#10481 = VERTEX_POINT('',#10482);
#10482 = CARTESIAN_POINT('',(23.5,3.596446,1.6062));
#10483 = CIRCLE('',#10484,0.5);
#10484 = AXIS2_PLACEMENT_3D('',#10485,#10486,#10487);
#10485 = CARTESIAN_POINT('',(23.5,4.096446,1.6062));
#10486 = DIRECTION('',(-0.,0.,-1.));
#10487 = DIRECTION('',(-0.,-1.,0.));
#10488 = FACE_BOUND('',#10489,.T.);
#10489 = EDGE_LOOP('',(#10490));
#10490 = ORIENTED_EDGE('',*,*,#10491,.T.);
#10491 = EDGE_CURVE('',#10492,#10492,#10494,.T.);
#10492 = VERTEX_POINT('',#10493);
#10493 = CARTESIAN_POINT('',(23.5,6.136446,1.6062));
#10494 = CIRCLE('',#10495,0.5);
#10495 = AXIS2_PLACEMENT_3D('',#10496,#10497,#10498);
#10496 = CARTESIAN_POINT('',(23.5,6.636446,1.6062));
#10497 = DIRECTION('',(-0.,0.,-1.));
#10498 = DIRECTION('',(-0.,-1.,0.));
#10499 = FACE_BOUND('',#10500,.T.);
#10500 = EDGE_LOOP('',(#10501));
#10501 = ORIENTED_EDGE('',*,*,#10502,.T.);
#10502 = EDGE_CURVE('',#10503,#10503,#10505,.T.);
#10503 = VERTEX_POINT('',#10504);
#10504 = CARTESIAN_POINT('',(23.5,8.676446,1.6062));
#10505 = CIRCLE('',#10506,0.5);
#10506 = AXIS2_PLACEMENT_3D('',#10507,#10508,#10509);
#10507 = CARTESIAN_POINT('',(23.5,9.176446,1.6062));
#10508 = DIRECTION('',(-0.,0.,-1.));
#10509 = DIRECTION('',(-0.,-1.,0.));
#10510 = FACE_BOUND('',#10511,.T.);
#10511 = EDGE_LOOP('',(#10512));
#10512 = ORIENTED_EDGE('',*,*,#10513,.T.);
#10513 = EDGE_CURVE('',#10514,#10514,#10516,.T.);
#10514 = VERTEX_POINT('',#10515);
#10515 = CARTESIAN_POINT('',(0.64,11.216446,1.6062));
#10516 = CIRCLE('',#10517,0.5);
#10517 = AXIS2_PLACEMENT_3D('',#10518,#10519,#10520);
#10518 = CARTESIAN_POINT('',(0.64,11.716446,1.6062));
#10519 = DIRECTION('',(-0.,0.,-1.));
#10520 = DIRECTION('',(2.22044604925E-16,-1.,-0.));
#10521 = FACE_BOUND('',#10522,.T.);
#10522 = EDGE_LOOP('',(#10523));
#10523 = ORIENTED_EDGE('',*,*,#10524,.T.);
#10524 = EDGE_CURVE('',#10525,#10525,#10527,.T.);
#10525 = VERTEX_POINT('',#10526);
#10526 = CARTESIAN_POINT('',(0.64,13.756446,1.6062));
#10527 = CIRCLE('',#10528,0.5);
#10528 = AXIS2_PLACEMENT_3D('',#10529,#10530,#10531);
#10529 = CARTESIAN_POINT('',(0.64,14.256446,1.6062));
#10530 = DIRECTION('',(-0.,0.,-1.));
#10531 = DIRECTION('',(2.22044604925E-16,-1.,-0.));
#10532 = FACE_BOUND('',#10533,.T.);
#10533 = EDGE_LOOP('',(#10534));
#10534 = ORIENTED_EDGE('',*,*,#10535,.T.);
#10535 = EDGE_CURVE('',#10536,#10536,#10538,.T.);
#10536 = VERTEX_POINT('',#10537);
#10537 = CARTESIAN_POINT('',(0.64,16.296446,1.6062));
#10538 = CIRCLE('',#10539,0.5);
#10539 = AXIS2_PLACEMENT_3D('',#10540,#10541,#10542);
#10540 = CARTESIAN_POINT('',(0.64,16.796446,1.6062));
#10541 = DIRECTION('',(-0.,0.,-1.));
#10542 = DIRECTION('',(2.22044604925E-16,-1.,-0.));
#10543 = FACE_BOUND('',#10544,.T.);
#10544 = EDGE_LOOP('',(#10545));
#10545 = ORIENTED_EDGE('',*,*,#10546,.T.);
#10546 = EDGE_CURVE('',#10547,#10547,#10549,.T.);
#10547 = VERTEX_POINT('',#10548);
#10548 = CARTESIAN_POINT('',(23.5,11.216446,1.6062));
#10549 = CIRCLE('',#10550,0.5);
#10550 = AXIS2_PLACEMENT_3D('',#10551,#10552,#10553);
#10551 = CARTESIAN_POINT('',(23.5,11.716446,1.6062));
#10552 = DIRECTION('',(-0.,0.,-1.));
#10553 = DIRECTION('',(-0.,-1.,0.));
#10554 = FACE_BOUND('',#10555,.T.);
#10555 = EDGE_LOOP('',(#10556));
#10556 = ORIENTED_EDGE('',*,*,#10557,.T.);
#10557 = EDGE_CURVE('',#10558,#10558,#10560,.T.);
#10558 = VERTEX_POINT('',#10559);
#10559 = CARTESIAN_POINT('',(23.5,13.756446,1.6062));
#10560 = CIRCLE('',#10561,0.5);
#10561 = AXIS2_PLACEMENT_3D('',#10562,#10563,#10564);
#10562 = CARTESIAN_POINT('',(23.5,14.256446,1.6062));
#10563 = DIRECTION('',(-0.,0.,-1.));
#10564 = DIRECTION('',(-0.,-1.,0.));
#10565 = FACE_BOUND('',#10566,.T.);
#10566 = EDGE_LOOP('',(#10567));
#10567 = ORIENTED_EDGE('',*,*,#10568,.T.);
#10568 = EDGE_CURVE('',#10569,#10569,#10571,.T.);
#10569 = VERTEX_POINT('',#10570);
#10570 = CARTESIAN_POINT('',(23.5,16.296446,1.6062));
#10571 = CIRCLE('',#10572,0.5);
#10572 = AXIS2_PLACEMENT_3D('',#10573,#10574,#10575);
#10573 = CARTESIAN_POINT('',(23.5,16.796446,1.6062));
#10574 = DIRECTION('',(-0.,0.,-1.));
#10575 = DIRECTION('',(-0.,-1.,0.));
#10576 = FACE_BOUND('',#10577,.T.);
#10577 = EDGE_LOOP('',(#10578));
#10578 = ORIENTED_EDGE('',*,*,#10579,.T.);
#10579 = EDGE_CURVE('',#10580,#10580,#10582,.T.);
#10580 = VERTEX_POINT('',#10581);
#10581 = CARTESIAN_POINT('',(30.,18.496446,1.6062));
#10582 = CIRCLE('',#10583,1.5);
#10583 = AXIS2_PLACEMENT_3D('',#10584,#10585,#10586);
#10584 = CARTESIAN_POINT('',(30.,19.996446,1.6062));
#10585 = DIRECTION('',(-0.,0.,-1.));
#10586 = DIRECTION('',(-0.,-1.,0.));
#10587 = PLANE('',#10588);
#10588 = AXIS2_PLACEMENT_3D('',#10589,#10590,#10591);
#10589 = CARTESIAN_POINT('',(0.,0.,1.6062));
#10590 = DIRECTION('',(0.,0.,1.));
#10591 = DIRECTION('',(1.,0.,-0.));
#10592 = ADVANCED_FACE('',(#10593),#10604,.T.);
#10593 = FACE_BOUND('',#10594,.T.);
#10594 = EDGE_LOOP('',(#10595,#10601,#10602,#10603));
#10595 = ORIENTED_EDGE('',*,*,#10596,.T.);
#10596 = EDGE_CURVE('',#9625,#10112,#10597,.T.);
#10597 = LINE('',#10598,#10599);
#10598 = CARTESIAN_POINT('',(26.,23.996446,0.));
#10599 = VECTOR('',#10600,1.);
#10600 = DIRECTION('',(0.,0.,1.));
#10601 = ORIENTED_EDGE('',*,*,#10111,.T.);
#10602 = ORIENTED_EDGE('',*,*,#9560,.F.);
#10603 = ORIENTED_EDGE('',*,*,#9624,.F.);
#10604 = CYLINDRICAL_SURFACE('',#10605,1.007107645562);
#10605 = AXIS2_PLACEMENT_3D('',#10606,#10607,#10608);
#10606 = CARTESIAN_POINT('',(27.007107645562,23.996445354438,0.));
#10607 = DIRECTION('',(0.,0.,-1.));
#10608 = DIRECTION('',(-1.,6.410054668125E-07,0.));
#10609 = ADVANCED_FACE('',(#10610),#10621,.T.);
#10610 = FACE_BOUND('',#10611,.T.);
#10611 = EDGE_LOOP('',(#10612,#10613,#10614,#10620));
#10612 = ORIENTED_EDGE('',*,*,#9600,.T.);
#10613 = ORIENTED_EDGE('',*,*,#10195,.T.);
#10614 = ORIENTED_EDGE('',*,*,#10615,.F.);
#10615 = EDGE_CURVE('',#9701,#10188,#10616,.T.);
#10616 = LINE('',#10617,#10618);
#10617 = CARTESIAN_POINT('',(30.,-25.003554,0.));
#10618 = VECTOR('',#10619,1.);
#10619 = DIRECTION('',(0.,0.,1.));
#10620 = ORIENTED_EDGE('',*,*,#9708,.F.);
#10621 = CYLINDRICAL_SURFACE('',#10622,4.999999678834);
#10622 = AXIS2_PLACEMENT_3D('',#10623,#10624,#10625);
#10623 = CARTESIAN_POINT('',(30.000000321166,-20.00355432116,0.));
#10624 = DIRECTION('',(0.,0.,-1.));
#10625 = DIRECTION('',(1.,6.423314275614E-08,0.));
#10626 = ADVANCED_FACE('',(#10627),#10638,.T.);
#10627 = FACE_BOUND('',#10628,.T.);
#10628 = EDGE_LOOP('',(#10629,#10635,#10636,#10637));
#10629 = ORIENTED_EDGE('',*,*,#10630,.T.);
#10630 = EDGE_CURVE('',#9634,#10121,#10631,.T.);
#10631 = LINE('',#10632,#10633);
#10632 = CARTESIAN_POINT('',(26.,18.196446,0.));
#10633 = VECTOR('',#10634,1.);
#10634 = DIRECTION('',(0.,0.,1.));
#10635 = ORIENTED_EDGE('',*,*,#10120,.T.);
#10636 = ORIENTED_EDGE('',*,*,#10596,.F.);
#10637 = ORIENTED_EDGE('',*,*,#9633,.F.);
#10638 = PLANE('',#10639);
#10639 = AXIS2_PLACEMENT_3D('',#10640,#10641,#10642);
#10640 = CARTESIAN_POINT('',(26.,18.196446,0.));
#10641 = DIRECTION('',(-1.,0.,0.));
#10642 = DIRECTION('',(0.,1.,0.));
#10643 = ADVANCED_FACE('',(#10644),#10655,.T.);
#10644 = FACE_BOUND('',#10645,.T.);
#10645 = EDGE_LOOP('',(#10646,#10647,#10648,#10654));
#10646 = ORIENTED_EDGE('',*,*,#10615,.T.);
#10647 = ORIENTED_EDGE('',*,*,#10187,.T.);
#10648 = ORIENTED_EDGE('',*,*,#10649,.F.);
#10649 = EDGE_CURVE('',#9692,#10179,#10650,.T.);
#10650 = LINE('',#10651,#10652);
#10651 = CARTESIAN_POINT('',(-30.,-25.003554,0.));
#10652 = VECTOR('',#10653,1.);
#10653 = DIRECTION('',(0.,0.,1.));
#10654 = ORIENTED_EDGE('',*,*,#9700,.F.);
#10655 = PLANE('',#10656);
#10656 = AXIS2_PLACEMENT_3D('',#10657,#10658,#10659);
#10657 = CARTESIAN_POINT('',(30.,-25.003554,0.));
#10658 = DIRECTION('',(0.,-1.,0.));
#10659 = DIRECTION('',(-1.,0.,0.));
#10660 = ADVANCED_FACE('',(#10661),#10672,.T.);
#10661 = FACE_BOUND('',#10662,.T.);
#10662 = EDGE_LOOP('',(#10663,#10669,#10670,#10671));
#10663 = ORIENTED_EDGE('',*,*,#10664,.T.);
#10664 = EDGE_CURVE('',#9642,#10129,#10665,.T.);
#10665 = LINE('',#10666,#10667);
#10666 = CARTESIAN_POINT('',(-1.8,18.196446,0.));
#10667 = VECTOR('',#10668,1.);
#10668 = DIRECTION('',(0.,0.,1.));
#10669 = ORIENTED_EDGE('',*,*,#10128,.T.);
#10670 = ORIENTED_EDGE('',*,*,#10630,.F.);
#10671 = ORIENTED_EDGE('',*,*,#9641,.F.);
#10672 = PLANE('',#10673);
#10673 = AXIS2_PLACEMENT_3D('',#10674,#10675,#10676);
#10674 = CARTESIAN_POINT('',(-1.8,18.196446,0.));
#10675 = DIRECTION('',(0.,1.,0.));
#10676 = DIRECTION('',(1.,0.,0.));
#10677 = ADVANCED_FACE('',(#10678),#10689,.T.);
#10678 = FACE_BOUND('',#10679,.T.);
#10679 = EDGE_LOOP('',(#10680,#10681,#10682,#10688));
#10680 = ORIENTED_EDGE('',*,*,#10649,.T.);
#10681 = ORIENTED_EDGE('',*,*,#10178,.T.);
#10682 = ORIENTED_EDGE('',*,*,#10683,.F.);
#10683 = EDGE_CURVE('',#9684,#10171,#10684,.T.);
#10684 = LINE('',#10685,#10686);
#10685 = CARTESIAN_POINT('',(-35.,-20.003554,0.));
#10686 = VECTOR('',#10687,1.);
#10687 = DIRECTION('',(0.,0.,1.));
#10688 = ORIENTED_EDGE('',*,*,#9691,.F.);
#10689 = CYLINDRICAL_SURFACE('',#10690,4.999999678834);
#10690 = AXIS2_PLACEMENT_3D('',#10691,#10692,#10693);
#10691 = CARTESIAN_POINT('',(-30.00000032116,-20.00355432116,0.));
#10692 = DIRECTION('',(0.,0.,-1.));
#10693 = DIRECTION('',(6.423314275614E-08,-1.,0.));
#10694 = ADVANCED_FACE('',(#10695),#10706,.T.);
#10695 = FACE_BOUND('',#10696,.T.);
#10696 = EDGE_LOOP('',(#10697,#10703,#10704,#10705));
#10697 = ORIENTED_EDGE('',*,*,#10698,.T.);
#10698 = EDGE_CURVE('',#9650,#10137,#10699,.T.);
#10699 = LINE('',#10700,#10701);
#10700 = CARTESIAN_POINT('',(-1.807107,23.996446,0.));
#10701 = VECTOR('',#10702,1.);
#10702 = DIRECTION('',(0.,0.,1.));
#10703 = ORIENTED_EDGE('',*,*,#10136,.T.);
#10704 = ORIENTED_EDGE('',*,*,#10664,.F.);
#10705 = ORIENTED_EDGE('',*,*,#9649,.F.);
#10706 = PLANE('',#10707);
#10707 = AXIS2_PLACEMENT_3D('',#10708,#10709,#10710);
#10708 = CARTESIAN_POINT('',(-1.807107,23.996446,0.));
#10709 = DIRECTION('',(0.999999249266,1.225343907678E-03,-0.));
#10710 = DIRECTION('',(1.225343907678E-03,-0.999999249266,0.));
#10711 = ADVANCED_FACE('',(#10712),#10723,.T.);
#10712 = FACE_BOUND('',#10713,.T.);
#10713 = EDGE_LOOP('',(#10714,#10715,#10716,#10722));
#10714 = ORIENTED_EDGE('',*,*,#10683,.T.);
#10715 = ORIENTED_EDGE('',*,*,#10170,.T.);
#10716 = ORIENTED_EDGE('',*,*,#10717,.F.);
#10717 = EDGE_CURVE('',#9675,#10162,#10718,.T.);
#10718 = LINE('',#10719,#10720);
#10719 = CARTESIAN_POINT('',(-35.,19.996446,0.));
#10720 = VECTOR('',#10721,1.);
#10721 = DIRECTION('',(0.,0.,1.));
#10722 = ORIENTED_EDGE('',*,*,#9683,.F.);
#10723 = PLANE('',#10724);
#10724 = AXIS2_PLACEMENT_3D('',#10725,#10726,#10727);
#10725 = CARTESIAN_POINT('',(-35.,-20.003554,0.));
#10726 = DIRECTION('',(-1.,0.,0.));
#10727 = DIRECTION('',(0.,1.,0.));
#10728 = ADVANCED_FACE('',(#10729),#10740,.T.);
#10729 = FACE_BOUND('',#10730,.T.);
#10730 = EDGE_LOOP('',(#10731,#10737,#10738,#10739));
#10731 = ORIENTED_EDGE('',*,*,#10732,.T.);
#10732 = EDGE_CURVE('',#9658,#10145,#10733,.T.);
#10733 = LINE('',#10734,#10735);
#10734 = CARTESIAN_POINT('',(-2.807107,24.996446,0.));
#10735 = VECTOR('',#10736,1.);
#10736 = DIRECTION('',(0.,0.,1.));
#10737 = ORIENTED_EDGE('',*,*,#10144,.T.);
#10738 = ORIENTED_EDGE('',*,*,#10698,.F.);
#10739 = ORIENTED_EDGE('',*,*,#9657,.F.);
#10740 = CYLINDRICAL_SURFACE('',#10741,0.999999252925);
#10741 = AXIS2_PLACEMENT_3D('',#10742,#10743,#10744);
#10742 = CARTESIAN_POINT('',(-2.807106252925,23.996446747075,0.));
#10743 = DIRECTION('',(0.,0.,-1.));
#10744 = DIRECTION('',(-7.470757416152E-07,1.,0.));
#10745 = ADVANCED_FACE('',(#10746),#10757,.T.);
#10746 = FACE_BOUND('',#10747,.T.);
#10747 = EDGE_LOOP('',(#10748,#10749,#10750,#10756));
#10748 = ORIENTED_EDGE('',*,*,#10717,.T.);
#10749 = ORIENTED_EDGE('',*,*,#10161,.T.);
#10750 = ORIENTED_EDGE('',*,*,#10751,.F.);
#10751 = EDGE_CURVE('',#9667,#10154,#10752,.T.);
#10752 = LINE('',#10753,#10754);
#10753 = CARTESIAN_POINT('',(-30.,24.996446,0.));
#10754 = VECTOR('',#10755,1.);
#10755 = DIRECTION('',(0.,0.,1.));
#10756 = ORIENTED_EDGE('',*,*,#9674,.F.);
#10757 = CYLINDRICAL_SURFACE('',#10758,4.999999678834);
#10758 = AXIS2_PLACEMENT_3D('',#10759,#10760,#10761);
#10759 = CARTESIAN_POINT('',(-30.00000032116,19.996446321166,0.));
#10760 = DIRECTION('',(0.,0.,-1.));
#10761 = DIRECTION('',(-1.,-6.423314275614E-08,-0.));
#10762 = ADVANCED_FACE('',(#10763),#10769,.T.);
#10763 = FACE_BOUND('',#10764,.T.);
#10764 = EDGE_LOOP('',(#10765,#10766,#10767,#10768));
#10765 = ORIENTED_EDGE('',*,*,#10751,.T.);
#10766 = ORIENTED_EDGE('',*,*,#10153,.T.);
#10767 = ORIENTED_EDGE('',*,*,#10732,.F.);
#10768 = ORIENTED_EDGE('',*,*,#9666,.F.);
#10769 = PLANE('',#10770);
#10770 = AXIS2_PLACEMENT_3D('',#10771,#10772,#10773);
#10771 = CARTESIAN_POINT('',(-30.,24.996446,0.));
#10772 = DIRECTION('',(0.,1.,0.));
#10773 = DIRECTION('',(1.,0.,0.));
#10774 = ADVANCED_FACE('',(#10775),#10786,.F.);
#10775 = FACE_BOUND('',#10776,.T.);
#10776 = EDGE_LOOP('',(#10777,#10778,#10784,#10785));
#10777 = ORIENTED_EDGE('',*,*,#9718,.T.);
#10778 = ORIENTED_EDGE('',*,*,#10779,.T.);
#10779 = EDGE_CURVE('',#9719,#10206,#10780,.T.);
#10780 = LINE('',#10781,#10782);
#10781 = CARTESIAN_POINT('',(-30.,-21.503554,-4.5E-02));
#10782 = VECTOR('',#10783,1.);
#10783 = DIRECTION('',(0.,0.,1.));
#10784 = ORIENTED_EDGE('',*,*,#10205,.F.);
#10785 = ORIENTED_EDGE('',*,*,#10779,.F.);
#10786 = CYLINDRICAL_SURFACE('',#10787,1.5);
#10787 = AXIS2_PLACEMENT_3D('',#10788,#10789,#10790);
#10788 = CARTESIAN_POINT('',(-30.,-20.003554,-4.5E-02));
#10789 = DIRECTION('',(-0.,-0.,-1.));
#10790 = DIRECTION('',(-0.,-1.,0.));
#10791 = ADVANCED_FACE('',(#10792),#10803,.F.);
#10792 = FACE_BOUND('',#10793,.T.);
#10793 = EDGE_LOOP('',(#10794,#10795,#10801,#10802));
#10794 = ORIENTED_EDGE('',*,*,#9729,.T.);
#10795 = ORIENTED_EDGE('',*,*,#10796,.T.);
#10796 = EDGE_CURVE('',#9730,#10217,#10797,.T.);
#10797 = LINE('',#10798,#10799);
#10798 = CARTESIAN_POINT('',(-13.7,-19.903554,-4.5E-02));
#10799 = VECTOR('',#10800,1.);
#10800 = DIRECTION('',(0.,0.,1.));
#10801 = ORIENTED_EDGE('',*,*,#10216,.F.);
#10802 = ORIENTED_EDGE('',*,*,#10796,.F.);
#10803 = CYLINDRICAL_SURFACE('',#10804,0.65);
#10804 = AXIS2_PLACEMENT_3D('',#10805,#10806,#10807);
#10805 = CARTESIAN_POINT('',(-13.7,-19.253554,-4.5E-02));
#10806 = DIRECTION('',(-0.,-0.,-1.));
#10807 = DIRECTION('',(-0.,-1.,0.));
#10808 = ADVANCED_FACE('',(#10809),#10820,.F.);
#10809 = FACE_BOUND('',#10810,.T.);
#10810 = EDGE_LOOP('',(#10811,#10812,#10818,#10819));
#10811 = ORIENTED_EDGE('',*,*,#9740,.T.);
#10812 = ORIENTED_EDGE('',*,*,#10813,.T.);
#10813 = EDGE_CURVE('',#9741,#10228,#10814,.T.);
#10814 = LINE('',#10815,#10816);
#10815 = CARTESIAN_POINT('',(-8.7,-19.903554,-4.5E-02));
#10816 = VECTOR('',#10817,1.);
#10817 = DIRECTION('',(0.,0.,1.));
#10818 = ORIENTED_EDGE('',*,*,#10227,.F.);
#10819 = ORIENTED_EDGE('',*,*,#10813,.F.);
#10820 = CYLINDRICAL_SURFACE('',#10821,0.65);
#10821 = AXIS2_PLACEMENT_3D('',#10822,#10823,#10824);
#10822 = CARTESIAN_POINT('',(-8.7,-19.253554,-4.5E-02));
#10823 = DIRECTION('',(-0.,-0.,-1.));
#10824 = DIRECTION('',(-0.,-1.,0.));
#10825 = ADVANCED_FACE('',(#10826),#10837,.F.);
#10826 = FACE_BOUND('',#10827,.T.);
#10827 = EDGE_LOOP('',(#10828,#10829,#10835,#10836));
#10828 = ORIENTED_EDGE('',*,*,#9751,.T.);
#10829 = ORIENTED_EDGE('',*,*,#10830,.T.);
#10830 = EDGE_CURVE('',#9752,#10239,#10831,.T.);
#10831 = LINE('',#10832,#10833);
#10832 = CARTESIAN_POINT('',(-2.5,-19.903554,-4.5E-02));
#10833 = VECTOR('',#10834,1.);
#10834 = DIRECTION('',(0.,0.,1.));
#10835 = ORIENTED_EDGE('',*,*,#10238,.F.);
#10836 = ORIENTED_EDGE('',*,*,#10830,.F.);
#10837 = CYLINDRICAL_SURFACE('',#10838,0.65);
#10838 = AXIS2_PLACEMENT_3D('',#10839,#10840,#10841);
#10839 = CARTESIAN_POINT('',(-2.5,-19.253554,-4.5E-02));
#10840 = DIRECTION('',(-0.,-0.,-1.));
#10841 = DIRECTION('',(-0.,-1.,0.));
#10842 = ADVANCED_FACE('',(#10843),#10854,.F.);
#10843 = FACE_BOUND('',#10844,.T.);
#10844 = EDGE_LOOP('',(#10845,#10846,#10852,#10853));
#10845 = ORIENTED_EDGE('',*,*,#9762,.T.);
#10846 = ORIENTED_EDGE('',*,*,#10847,.T.);
#10847 = EDGE_CURVE('',#9763,#10250,#10848,.T.);
#10848 = LINE('',#10849,#10850);
#10849 = CARTESIAN_POINT('',(-29.295,-8.75,-4.5E-02));
#10850 = VECTOR('',#10851,1.);
#10851 = DIRECTION('',(0.,0.,1.));
#10852 = ORIENTED_EDGE('',*,*,#10249,.F.);
#10853 = ORIENTED_EDGE('',*,*,#10847,.F.);
#10854 = CYLINDRICAL_SURFACE('',#10855,0.65);
#10855 = AXIS2_PLACEMENT_3D('',#10856,#10857,#10858);
#10856 = CARTESIAN_POINT('',(-29.295,-8.1,-4.5E-02));
#10857 = DIRECTION('',(-0.,-0.,-1.));
#10858 = DIRECTION('',(-0.,-1.,0.));
#10859 = ADVANCED_FACE('',(#10860),#10871,.F.);
#10860 = FACE_BOUND('',#10861,.T.);
#10861 = EDGE_LOOP('',(#10862,#10863,#10869,#10870));
#10862 = ORIENTED_EDGE('',*,*,#9773,.T.);
#10863 = ORIENTED_EDGE('',*,*,#10864,.T.);
#10864 = EDGE_CURVE('',#9774,#10261,#10865,.T.);
#10865 = LINE('',#10866,#10867);
#10866 = CARTESIAN_POINT('',(-18.29,-10.343554,-4.5E-02));
#10867 = VECTOR('',#10868,1.);
#10868 = DIRECTION('',(0.,0.,1.));
#10869 = ORIENTED_EDGE('',*,*,#10260,.F.);
#10870 = ORIENTED_EDGE('',*,*,#10864,.F.);
#10871 = CYLINDRICAL_SURFACE('',#10872,0.5);
#10872 = AXIS2_PLACEMENT_3D('',#10873,#10874,#10875);
#10873 = CARTESIAN_POINT('',(-18.29,-9.843554,-4.5E-02));
#10874 = DIRECTION('',(-0.,-0.,-1.));
#10875 = DIRECTION('',(-0.,-1.,0.));
#10876 = ADVANCED_FACE('',(#10877),#10888,.F.);
#10877 = FACE_BOUND('',#10878,.T.);
#10878 = EDGE_LOOP('',(#10879,#10880,#10886,#10887));
#10879 = ORIENTED_EDGE('',*,*,#9784,.T.);
#10880 = ORIENTED_EDGE('',*,*,#10881,.T.);
#10881 = EDGE_CURVE('',#9785,#10272,#10882,.T.);
#10882 = LINE('',#10883,#10884);
#10883 = CARTESIAN_POINT('',(-29.295,-3.75,-4.5E-02));
#10884 = VECTOR('',#10885,1.);
#10885 = DIRECTION('',(0.,0.,1.));
#10886 = ORIENTED_EDGE('',*,*,#10271,.F.);
#10887 = ORIENTED_EDGE('',*,*,#10881,.F.);
#10888 = CYLINDRICAL_SURFACE('',#10889,0.65);
#10889 = AXIS2_PLACEMENT_3D('',#10890,#10891,#10892);
#10890 = CARTESIAN_POINT('',(-29.295,-3.1,-4.5E-02));
#10891 = DIRECTION('',(-0.,-0.,-1.));
#10892 = DIRECTION('',(-0.,-1.,0.));
#10893 = ADVANCED_FACE('',(#10894),#10905,.F.);
#10894 = FACE_BOUND('',#10895,.T.);
#10895 = EDGE_LOOP('',(#10896,#10897,#10903,#10904));
#10896 = ORIENTED_EDGE('',*,*,#9795,.T.);
#10897 = ORIENTED_EDGE('',*,*,#10898,.T.);
#10898 = EDGE_CURVE('',#9796,#10283,#10899,.T.);
#10899 = LINE('',#10900,#10901);
#10900 = CARTESIAN_POINT('',(-20.24,-4.443554,-4.5E-02));
#10901 = VECTOR('',#10902,1.);
#10902 = DIRECTION('',(0.,0.,1.));
#10903 = ORIENTED_EDGE('',*,*,#10282,.F.);
#10904 = ORIENTED_EDGE('',*,*,#10898,.F.);
#10905 = CYLINDRICAL_SURFACE('',#10906,0.65);
#10906 = AXIS2_PLACEMENT_3D('',#10907,#10908,#10909);
#10907 = CARTESIAN_POINT('',(-20.24,-3.793554,-4.5E-02));
#10908 = DIRECTION('',(-0.,0.,-1.));
#10909 = DIRECTION('',(5.465713352001E-15,-1.,-0.));
#10910 = ADVANCED_FACE('',(#10911),#10922,.F.);
#10911 = FACE_BOUND('',#10912,.T.);
#10912 = EDGE_LOOP('',(#10913,#10914,#10920,#10921));
#10913 = ORIENTED_EDGE('',*,*,#9806,.T.);
#10914 = ORIENTED_EDGE('',*,*,#10915,.T.);
#10915 = EDGE_CURVE('',#9807,#10294,#10916,.T.);
#10916 = LINE('',#10917,#10918);
#10917 = CARTESIAN_POINT('',(-6.09,-10.493554,-4.5E-02));
#10918 = VECTOR('',#10919,1.);
#10919 = DIRECTION('',(0.,0.,1.));
#10920 = ORIENTED_EDGE('',*,*,#10293,.F.);
#10921 = ORIENTED_EDGE('',*,*,#10915,.F.);
#10922 = CYLINDRICAL_SURFACE('',#10923,0.65);
#10923 = AXIS2_PLACEMENT_3D('',#10924,#10925,#10926);
#10924 = CARTESIAN_POINT('',(-6.09,-9.843554,-4.5E-02));
#10925 = DIRECTION('',(-0.,-0.,-1.));
#10926 = DIRECTION('',(-0.,-1.,0.));
#10927 = ADVANCED_FACE('',(#10928),#10939,.F.);
#10928 = FACE_BOUND('',#10929,.T.);
#10929 = EDGE_LOOP('',(#10930,#10931,#10937,#10938));
#10930 = ORIENTED_EDGE('',*,*,#9817,.T.);
#10931 = ORIENTED_EDGE('',*,*,#10932,.T.);
#10932 = EDGE_CURVE('',#9818,#10305,#10933,.T.);
#10933 = LINE('',#10934,#10935);
#10934 = CARTESIAN_POINT('',(2.5,-19.903554,-4.5E-02));
#10935 = VECTOR('',#10936,1.);
#10936 = DIRECTION('',(0.,0.,1.));
#10937 = ORIENTED_EDGE('',*,*,#10304,.F.);
#10938 = ORIENTED_EDGE('',*,*,#10932,.F.);
#10939 = CYLINDRICAL_SURFACE('',#10940,0.65);
#10940 = AXIS2_PLACEMENT_3D('',#10941,#10942,#10943);
#10941 = CARTESIAN_POINT('',(2.5,-19.253554,-4.5E-02));
#10942 = DIRECTION('',(-0.,-0.,-1.));
#10943 = DIRECTION('',(-0.,-1.,0.));
#10944 = ADVANCED_FACE('',(#10945),#10956,.F.);
#10945 = FACE_BOUND('',#10946,.T.);
#10946 = EDGE_LOOP('',(#10947,#10948,#10954,#10955));
#10947 = ORIENTED_EDGE('',*,*,#9828,.T.);
#10948 = ORIENTED_EDGE('',*,*,#10949,.T.);
#10949 = EDGE_CURVE('',#9829,#10316,#10950,.T.);
#10950 = LINE('',#10951,#10952);
#10951 = CARTESIAN_POINT('',(8.7,-19.903554,-4.5E-02));
#10952 = VECTOR('',#10953,1.);
#10953 = DIRECTION('',(0.,0.,1.));
#10954 = ORIENTED_EDGE('',*,*,#10315,.F.);
#10955 = ORIENTED_EDGE('',*,*,#10949,.F.);
#10956 = CYLINDRICAL_SURFACE('',#10957,0.65);
#10957 = AXIS2_PLACEMENT_3D('',#10958,#10959,#10960);
#10958 = CARTESIAN_POINT('',(8.7,-19.253554,-4.5E-02));
#10959 = DIRECTION('',(-0.,-0.,-1.));
#10960 = DIRECTION('',(-0.,-1.,0.));
#10961 = ADVANCED_FACE('',(#10962),#10973,.F.);
#10962 = FACE_BOUND('',#10963,.T.);
#10963 = EDGE_LOOP('',(#10964,#10965,#10971,#10972));
#10964 = ORIENTED_EDGE('',*,*,#9839,.T.);
#10965 = ORIENTED_EDGE('',*,*,#10966,.T.);
#10966 = EDGE_CURVE('',#9840,#10327,#10967,.T.);
#10967 = LINE('',#10968,#10969);
#10968 = CARTESIAN_POINT('',(13.7,-19.903554,-4.5E-02));
#10969 = VECTOR('',#10970,1.);
#10970 = DIRECTION('',(0.,0.,1.));
#10971 = ORIENTED_EDGE('',*,*,#10326,.F.);
#10972 = ORIENTED_EDGE('',*,*,#10966,.F.);
#10973 = CYLINDRICAL_SURFACE('',#10974,0.65);
#10974 = AXIS2_PLACEMENT_3D('',#10975,#10976,#10977);
#10975 = CARTESIAN_POINT('',(13.7,-19.253554,-4.5E-02));
#10976 = DIRECTION('',(-0.,-0.,-1.));
#10977 = DIRECTION('',(-0.,-1.,0.));
#10978 = ADVANCED_FACE('',(#10979),#10990,.F.);
#10979 = FACE_BOUND('',#10980,.T.);
#10980 = EDGE_LOOP('',(#10981,#10982,#10988,#10989));
#10981 = ORIENTED_EDGE('',*,*,#9850,.T.);
#10982 = ORIENTED_EDGE('',*,*,#10983,.T.);
#10983 = EDGE_CURVE('',#9851,#10338,#10984,.T.);
#10984 = LINE('',#10985,#10986);
#10985 = CARTESIAN_POINT('',(30.,-21.503554,-4.5E-02));
#10986 = VECTOR('',#10987,1.);
#10987 = DIRECTION('',(0.,0.,1.));
#10988 = ORIENTED_EDGE('',*,*,#10337,.F.);
#10989 = ORIENTED_EDGE('',*,*,#10983,.F.);
#10990 = CYLINDRICAL_SURFACE('',#10991,1.5);
#10991 = AXIS2_PLACEMENT_3D('',#10992,#10993,#10994);
#10992 = CARTESIAN_POINT('',(30.,-20.003554,-4.5E-02));
#10993 = DIRECTION('',(-0.,-0.,-1.));
#10994 = DIRECTION('',(-0.,-1.,0.));
#10995 = ADVANCED_FACE('',(#10996),#11007,.F.);
#10996 = FACE_BOUND('',#10997,.T.);
#10997 = EDGE_LOOP('',(#10998,#10999,#11005,#11006));
#10998 = ORIENTED_EDGE('',*,*,#9861,.T.);
#10999 = ORIENTED_EDGE('',*,*,#11000,.T.);
#11000 = EDGE_CURVE('',#9862,#10349,#11001,.T.);
#11001 = LINE('',#11002,#11003);
#11002 = CARTESIAN_POINT('',(0.64,-1.483554,-4.5E-02));
#11003 = VECTOR('',#11004,1.);
#11004 = DIRECTION('',(0.,0.,1.));
#11005 = ORIENTED_EDGE('',*,*,#10348,.F.);
#11006 = ORIENTED_EDGE('',*,*,#11000,.F.);
#11007 = CYLINDRICAL_SURFACE('',#11008,0.5);
#11008 = AXIS2_PLACEMENT_3D('',#11009,#11010,#11011);
#11009 = CARTESIAN_POINT('',(0.64,-0.983554,-4.5E-02));
#11010 = DIRECTION('',(-0.,0.,-1.));
#11011 = DIRECTION('',(2.22044604925E-16,-1.,-0.));
#11012 = ADVANCED_FACE('',(#11013),#11024,.F.);
#11013 = FACE_BOUND('',#11014,.T.);
#11014 = EDGE_LOOP('',(#11015,#11016,#11022,#11023));
#11015 = ORIENTED_EDGE('',*,*,#9872,.T.);
#11016 = ORIENTED_EDGE('',*,*,#11017,.T.);
#11017 = EDGE_CURVE('',#9873,#10360,#11018,.T.);
#11018 = LINE('',#11019,#11020);
#11019 = CARTESIAN_POINT('',(23.5,-1.483554,-4.5E-02));
#11020 = VECTOR('',#11021,1.);
#11021 = DIRECTION('',(0.,0.,1.));
#11022 = ORIENTED_EDGE('',*,*,#10359,.F.);
#11023 = ORIENTED_EDGE('',*,*,#11017,.F.);
#11024 = CYLINDRICAL_SURFACE('',#11025,0.5);
#11025 = AXIS2_PLACEMENT_3D('',#11026,#11027,#11028);
#11026 = CARTESIAN_POINT('',(23.5,-0.983554,-4.5E-02));
#11027 = DIRECTION('',(-0.,-0.,-1.));
#11028 = DIRECTION('',(-0.,-1.,0.));
#11029 = ADVANCED_FACE('',(#11030),#11041,.F.);
#11030 = FACE_BOUND('',#11031,.T.);
#11031 = EDGE_LOOP('',(#11032,#11033,#11039,#11040));
#11032 = ORIENTED_EDGE('',*,*,#9883,.T.);
#11033 = ORIENTED_EDGE('',*,*,#11034,.T.);
#11034 = EDGE_CURVE('',#9884,#10371,#11035,.T.);
#11035 = LINE('',#11036,#11037);
#11036 = CARTESIAN_POINT('',(-29.295,2.45,-4.5E-02));
#11037 = VECTOR('',#11038,1.);
#11038 = DIRECTION('',(0.,0.,1.));
#11039 = ORIENTED_EDGE('',*,*,#10370,.F.);
#11040 = ORIENTED_EDGE('',*,*,#11034,.F.);
#11041 = CYLINDRICAL_SURFACE('',#11042,0.65);
#11042 = AXIS2_PLACEMENT_3D('',#11043,#11044,#11045);
#11043 = CARTESIAN_POINT('',(-29.295,3.1,-4.5E-02));
#11044 = DIRECTION('',(-0.,-0.,-1.));
#11045 = DIRECTION('',(-0.,-1.,0.));
#11046 = ADVANCED_FACE('',(#11047),#11058,.F.);
#11047 = FACE_BOUND('',#11048,.T.);
#11048 = EDGE_LOOP('',(#11049,#11050,#11056,#11057));
#11049 = ORIENTED_EDGE('',*,*,#9894,.T.);
#11050 = ORIENTED_EDGE('',*,*,#11051,.T.);
#11051 = EDGE_CURVE('',#9895,#10382,#11052,.T.);
#11052 = LINE('',#11053,#11054);
#11053 = CARTESIAN_POINT('',(-18.29,1.656446,-4.5E-02));
#11054 = VECTOR('',#11055,1.);
#11055 = DIRECTION('',(0.,0.,1.));
#11056 = ORIENTED_EDGE('',*,*,#10381,.F.);
#11057 = ORIENTED_EDGE('',*,*,#11051,.F.);
#11058 = CYLINDRICAL_SURFACE('',#11059,0.5);
#11059 = AXIS2_PLACEMENT_3D('',#11060,#11061,#11062);
#11060 = CARTESIAN_POINT('',(-18.29,2.156446,-4.5E-02));
#11061 = DIRECTION('',(-0.,-0.,-1.));
#11062 = DIRECTION('',(-0.,-1.,0.));
#11063 = ADVANCED_FACE('',(#11064),#11075,.F.);
#11064 = FACE_BOUND('',#11065,.T.);
#11065 = EDGE_LOOP('',(#11066,#11067,#11073,#11074));
#11066 = ORIENTED_EDGE('',*,*,#9905,.T.);
#11067 = ORIENTED_EDGE('',*,*,#11068,.T.);
#11068 = EDGE_CURVE('',#9906,#10393,#11069,.T.);
#11069 = LINE('',#11070,#11071);
#11070 = CARTESIAN_POINT('',(-29.295,7.45,-4.5E-02));
#11071 = VECTOR('',#11072,1.);
#11072 = DIRECTION('',(0.,0.,1.));
#11073 = ORIENTED_EDGE('',*,*,#10392,.F.);
#11074 = ORIENTED_EDGE('',*,*,#11068,.F.);
#11075 = CYLINDRICAL_SURFACE('',#11076,0.65);
#11076 = AXIS2_PLACEMENT_3D('',#11077,#11078,#11079);
#11077 = CARTESIAN_POINT('',(-29.295,8.1,-4.5E-02));
#11078 = DIRECTION('',(-0.,-0.,-1.));
#11079 = DIRECTION('',(-0.,-1.,0.));
#11080 = ADVANCED_FACE('',(#11081),#11092,.F.);
#11081 = FACE_BOUND('',#11082,.T.);
#11082 = EDGE_LOOP('',(#11083,#11084,#11090,#11091));
#11083 = ORIENTED_EDGE('',*,*,#9916,.T.);
#11084 = ORIENTED_EDGE('',*,*,#11085,.T.);
#11085 = EDGE_CURVE('',#9917,#10404,#11086,.T.);
#11086 = LINE('',#11087,#11088);
#11087 = CARTESIAN_POINT('',(-6.04,1.556446,-4.5E-02));
#11088 = VECTOR('',#11089,1.);
#11089 = DIRECTION('',(0.,0.,1.));
#11090 = ORIENTED_EDGE('',*,*,#10403,.F.);
#11091 = ORIENTED_EDGE('',*,*,#11085,.F.);
#11092 = CYLINDRICAL_SURFACE('',#11093,0.65);
#11093 = AXIS2_PLACEMENT_3D('',#11094,#11095,#11096);
#11094 = CARTESIAN_POINT('',(-6.04,2.206446,-4.5E-02));
#11095 = DIRECTION('',(-0.,-0.,-1.));
#11096 = DIRECTION('',(-0.,-1.,0.));
#11097 = ADVANCED_FACE('',(#11098),#11109,.F.);
#11098 = FACE_BOUND('',#11099,.T.);
#11099 = EDGE_LOOP('',(#11100,#11101,#11107,#11108));
#11100 = ORIENTED_EDGE('',*,*,#9927,.T.);
#11101 = ORIENTED_EDGE('',*,*,#11102,.T.);
#11102 = EDGE_CURVE('',#9928,#10415,#11103,.T.);
#11103 = LINE('',#11104,#11105);
#11104 = CARTESIAN_POINT('',(-30.,18.496446,-4.5E-02));
#11105 = VECTOR('',#11106,1.);
#11106 = DIRECTION('',(0.,0.,1.));
#11107 = ORIENTED_EDGE('',*,*,#10414,.F.);
#11108 = ORIENTED_EDGE('',*,*,#11102,.F.);
#11109 = CYLINDRICAL_SURFACE('',#11110,1.5);
#11110 = AXIS2_PLACEMENT_3D('',#11111,#11112,#11113);
#11111 = CARTESIAN_POINT('',(-30.,19.996446,-4.5E-02));
#11112 = DIRECTION('',(-0.,-0.,-1.));
#11113 = DIRECTION('',(-0.,-1.,0.));
#11114 = ADVANCED_FACE('',(#11115),#11126,.F.);
#11115 = FACE_BOUND('',#11116,.T.);
#11116 = EDGE_LOOP('',(#11117,#11118,#11124,#11125));
#11117 = ORIENTED_EDGE('',*,*,#9938,.T.);
#11118 = ORIENTED_EDGE('',*,*,#11119,.T.);
#11119 = EDGE_CURVE('',#9939,#10426,#11120,.T.);
#11120 = LINE('',#11121,#11122);
#11121 = CARTESIAN_POINT('',(0.64,1.056446,-4.5E-02));
#11122 = VECTOR('',#11123,1.);
#11123 = DIRECTION('',(0.,0.,1.));
#11124 = ORIENTED_EDGE('',*,*,#10425,.F.);
#11125 = ORIENTED_EDGE('',*,*,#11119,.F.);
#11126 = CYLINDRICAL_SURFACE('',#11127,0.5);
#11127 = AXIS2_PLACEMENT_3D('',#11128,#11129,#11130);
#11128 = CARTESIAN_POINT('',(0.64,1.556446,-4.5E-02));
#11129 = DIRECTION('',(-0.,0.,-1.));
#11130 = DIRECTION('',(2.22044604925E-16,-1.,-0.));
#11131 = ADVANCED_FACE('',(#11132),#11143,.F.);
#11132 = FACE_BOUND('',#11133,.T.);
#11133 = EDGE_LOOP('',(#11134,#11135,#11141,#11142));
#11134 = ORIENTED_EDGE('',*,*,#9949,.T.);
#11135 = ORIENTED_EDGE('',*,*,#11136,.T.);
#11136 = EDGE_CURVE('',#9950,#10437,#11137,.T.);
#11137 = LINE('',#11138,#11139);
#11138 = CARTESIAN_POINT('',(0.64,3.596446,-4.5E-02));
#11139 = VECTOR('',#11140,1.);
#11140 = DIRECTION('',(0.,0.,1.));
#11141 = ORIENTED_EDGE('',*,*,#10436,.F.);
#11142 = ORIENTED_EDGE('',*,*,#11136,.F.);
#11143 = CYLINDRICAL_SURFACE('',#11144,0.5);
#11144 = AXIS2_PLACEMENT_3D('',#11145,#11146,#11147);
#11145 = CARTESIAN_POINT('',(0.64,4.096446,-4.5E-02));
#11146 = DIRECTION('',(-0.,0.,-1.));
#11147 = DIRECTION('',(2.22044604925E-16,-1.,-0.));
#11148 = ADVANCED_FACE('',(#11149),#11160,.F.);
#11149 = FACE_BOUND('',#11150,.T.);
#11150 = EDGE_LOOP('',(#11151,#11152,#11158,#11159));
#11151 = ORIENTED_EDGE('',*,*,#9960,.T.);
#11152 = ORIENTED_EDGE('',*,*,#11153,.T.);
#11153 = EDGE_CURVE('',#9961,#10448,#11154,.T.);
#11154 = LINE('',#11155,#11156);
#11155 = CARTESIAN_POINT('',(0.64,6.136446,-4.5E-02));
#11156 = VECTOR('',#11157,1.);
#11157 = DIRECTION('',(0.,0.,1.));
#11158 = ORIENTED_EDGE('',*,*,#10447,.F.);
#11159 = ORIENTED_EDGE('',*,*,#11153,.F.);
#11160 = CYLINDRICAL_SURFACE('',#11161,0.5);
#11161 = AXIS2_PLACEMENT_3D('',#11162,#11163,#11164);
#11162 = CARTESIAN_POINT('',(0.64,6.636446,-4.5E-02));
#11163 = DIRECTION('',(-0.,0.,-1.));
#11164 = DIRECTION('',(2.22044604925E-16,-1.,-0.));
#11165 = ADVANCED_FACE('',(#11166),#11177,.F.);
#11166 = FACE_BOUND('',#11167,.T.);
#11167 = EDGE_LOOP('',(#11168,#11169,#11175,#11176));
#11168 = ORIENTED_EDGE('',*,*,#9971,.T.);
#11169 = ORIENTED_EDGE('',*,*,#11170,.T.);
#11170 = EDGE_CURVE('',#9972,#10459,#11171,.T.);
#11171 = LINE('',#11172,#11173);
#11172 = CARTESIAN_POINT('',(0.64,8.676446,-4.5E-02));
#11173 = VECTOR('',#11174,1.);
#11174 = DIRECTION('',(0.,0.,1.));
#11175 = ORIENTED_EDGE('',*,*,#10458,.F.);
#11176 = ORIENTED_EDGE('',*,*,#11170,.F.);
#11177 = CYLINDRICAL_SURFACE('',#11178,0.5);
#11178 = AXIS2_PLACEMENT_3D('',#11179,#11180,#11181);
#11179 = CARTESIAN_POINT('',(0.64,9.176446,-4.5E-02));
#11180 = DIRECTION('',(-0.,0.,-1.));
#11181 = DIRECTION('',(2.22044604925E-16,-1.,-0.));
#11182 = ADVANCED_FACE('',(#11183),#11194,.F.);
#11183 = FACE_BOUND('',#11184,.T.);
#11184 = EDGE_LOOP('',(#11185,#11186,#11192,#11193));
#11185 = ORIENTED_EDGE('',*,*,#9982,.T.);
#11186 = ORIENTED_EDGE('',*,*,#11187,.T.);
#11187 = EDGE_CURVE('',#9983,#10470,#11188,.T.);
#11188 = LINE('',#11189,#11190);
#11189 = CARTESIAN_POINT('',(23.5,1.056446,-4.5E-02));
#11190 = VECTOR('',#11191,1.);
#11191 = DIRECTION('',(0.,0.,1.));
#11192 = ORIENTED_EDGE('',*,*,#10469,.F.);
#11193 = ORIENTED_EDGE('',*,*,#11187,.F.);
#11194 = CYLINDRICAL_SURFACE('',#11195,0.5);
#11195 = AXIS2_PLACEMENT_3D('',#11196,#11197,#11198);
#11196 = CARTESIAN_POINT('',(23.5,1.556446,-4.5E-02));
#11197 = DIRECTION('',(-0.,-0.,-1.));
#11198 = DIRECTION('',(-0.,-1.,0.));
#11199 = ADVANCED_FACE('',(#11200),#11211,.F.);
#11200 = FACE_BOUND('',#11201,.T.);
#11201 = EDGE_LOOP('',(#11202,#11203,#11209,#11210));
#11202 = ORIENTED_EDGE('',*,*,#9993,.T.);
#11203 = ORIENTED_EDGE('',*,*,#11204,.T.);
#11204 = EDGE_CURVE('',#9994,#10481,#11205,.T.);
#11205 = LINE('',#11206,#11207);
#11206 = CARTESIAN_POINT('',(23.5,3.596446,-4.5E-02));
#11207 = VECTOR('',#11208,1.);
#11208 = DIRECTION('',(0.,0.,1.));
#11209 = ORIENTED_EDGE('',*,*,#10480,.F.);
#11210 = ORIENTED_EDGE('',*,*,#11204,.F.);
#11211 = CYLINDRICAL_SURFACE('',#11212,0.5);
#11212 = AXIS2_PLACEMENT_3D('',#11213,#11214,#11215);
#11213 = CARTESIAN_POINT('',(23.5,4.096446,-4.5E-02));
#11214 = DIRECTION('',(-0.,-0.,-1.));
#11215 = DIRECTION('',(-0.,-1.,0.));
#11216 = ADVANCED_FACE('',(#11217),#11228,.F.);
#11217 = FACE_BOUND('',#11218,.T.);
#11218 = EDGE_LOOP('',(#11219,#11220,#11226,#11227));
#11219 = ORIENTED_EDGE('',*,*,#10004,.T.);
#11220 = ORIENTED_EDGE('',*,*,#11221,.T.);
#11221 = EDGE_CURVE('',#10005,#10492,#11222,.T.);
#11222 = LINE('',#11223,#11224);
#11223 = CARTESIAN_POINT('',(23.5,6.136446,-4.5E-02));
#11224 = VECTOR('',#11225,1.);
#11225 = DIRECTION('',(0.,0.,1.));
#11226 = ORIENTED_EDGE('',*,*,#10491,.F.);
#11227 = ORIENTED_EDGE('',*,*,#11221,.F.);
#11228 = CYLINDRICAL_SURFACE('',#11229,0.5);
#11229 = AXIS2_PLACEMENT_3D('',#11230,#11231,#11232);
#11230 = CARTESIAN_POINT('',(23.5,6.636446,-4.5E-02));
#11231 = DIRECTION('',(-0.,-0.,-1.));
#11232 = DIRECTION('',(-0.,-1.,0.));
#11233 = ADVANCED_FACE('',(#11234),#11245,.F.);
#11234 = FACE_BOUND('',#11235,.T.);
#11235 = EDGE_LOOP('',(#11236,#11237,#11243,#11244));
#11236 = ORIENTED_EDGE('',*,*,#10015,.T.);
#11237 = ORIENTED_EDGE('',*,*,#11238,.T.);
#11238 = EDGE_CURVE('',#10016,#10503,#11239,.T.);
#11239 = LINE('',#11240,#11241);
#11240 = CARTESIAN_POINT('',(23.5,8.676446,-4.5E-02));
#11241 = VECTOR('',#11242,1.);
#11242 = DIRECTION('',(0.,0.,1.));
#11243 = ORIENTED_EDGE('',*,*,#10502,.F.);
#11244 = ORIENTED_EDGE('',*,*,#11238,.F.);
#11245 = CYLINDRICAL_SURFACE('',#11246,0.5);
#11246 = AXIS2_PLACEMENT_3D('',#11247,#11248,#11249);
#11247 = CARTESIAN_POINT('',(23.5,9.176446,-4.5E-02));
#11248 = DIRECTION('',(-0.,-0.,-1.));
#11249 = DIRECTION('',(-0.,-1.,0.));
#11250 = ADVANCED_FACE('',(#11251),#11262,.F.);
#11251 = FACE_BOUND('',#11252,.T.);
#11252 = EDGE_LOOP('',(#11253,#11254,#11260,#11261));
#11253 = ORIENTED_EDGE('',*,*,#10026,.T.);
#11254 = ORIENTED_EDGE('',*,*,#11255,.T.);
#11255 = EDGE_CURVE('',#10027,#10514,#11256,.T.);
#11256 = LINE('',#11257,#11258);
#11257 = CARTESIAN_POINT('',(0.64,11.216446,-4.5E-02));
#11258 = VECTOR('',#11259,1.);
#11259 = DIRECTION('',(0.,0.,1.));
#11260 = ORIENTED_EDGE('',*,*,#10513,.F.);
#11261 = ORIENTED_EDGE('',*,*,#11255,.F.);
#11262 = CYLINDRICAL_SURFACE('',#11263,0.5);
#11263 = AXIS2_PLACEMENT_3D('',#11264,#11265,#11266);
#11264 = CARTESIAN_POINT('',(0.64,11.716446,-4.5E-02));
#11265 = DIRECTION('',(-0.,0.,-1.));
#11266 = DIRECTION('',(2.22044604925E-16,-1.,-0.));
#11267 = ADVANCED_FACE('',(#11268),#11279,.F.);
#11268 = FACE_BOUND('',#11269,.T.);
#11269 = EDGE_LOOP('',(#11270,#11271,#11277,#11278));
#11270 = ORIENTED_EDGE('',*,*,#10037,.T.);
#11271 = ORIENTED_EDGE('',*,*,#11272,.T.);
#11272 = EDGE_CURVE('',#10038,#10525,#11273,.T.);
#11273 = LINE('',#11274,#11275);
#11274 = CARTESIAN_POINT('',(0.64,13.756446,-4.5E-02));
#11275 = VECTOR('',#11276,1.);
#11276 = DIRECTION('',(0.,0.,1.));
#11277 = ORIENTED_EDGE('',*,*,#10524,.F.);
#11278 = ORIENTED_EDGE('',*,*,#11272,.F.);
#11279 = CYLINDRICAL_SURFACE('',#11280,0.5);
#11280 = AXIS2_PLACEMENT_3D('',#11281,#11282,#11283);
#11281 = CARTESIAN_POINT('',(0.64,14.256446,-4.5E-02));
#11282 = DIRECTION('',(-0.,0.,-1.));
#11283 = DIRECTION('',(2.22044604925E-16,-1.,-0.));
#11284 = ADVANCED_FACE('',(#11285),#11296,.F.);
#11285 = FACE_BOUND('',#11286,.T.);
#11286 = EDGE_LOOP('',(#11287,#11288,#11294,#11295));
#11287 = ORIENTED_EDGE('',*,*,#10048,.T.);
#11288 = ORIENTED_EDGE('',*,*,#11289,.T.);
#11289 = EDGE_CURVE('',#10049,#10536,#11290,.T.);
#11290 = LINE('',#11291,#11292);
#11291 = CARTESIAN_POINT('',(0.64,16.296446,-4.5E-02));
#11292 = VECTOR('',#11293,1.);
#11293 = DIRECTION('',(0.,0.,1.));
#11294 = ORIENTED_EDGE('',*,*,#10535,.F.);
#11295 = ORIENTED_EDGE('',*,*,#11289,.F.);
#11296 = CYLINDRICAL_SURFACE('',#11297,0.5);
#11297 = AXIS2_PLACEMENT_3D('',#11298,#11299,#11300);
#11298 = CARTESIAN_POINT('',(0.64,16.796446,-4.5E-02));
#11299 = DIRECTION('',(-0.,0.,-1.));
#11300 = DIRECTION('',(2.22044604925E-16,-1.,-0.));
#11301 = ADVANCED_FACE('',(#11302),#11313,.F.);
#11302 = FACE_BOUND('',#11303,.T.);
#11303 = EDGE_LOOP('',(#11304,#11305,#11311,#11312));
#11304 = ORIENTED_EDGE('',*,*,#10059,.T.);
#11305 = ORIENTED_EDGE('',*,*,#11306,.T.);
#11306 = EDGE_CURVE('',#10060,#10547,#11307,.T.);
#11307 = LINE('',#11308,#11309);
#11308 = CARTESIAN_POINT('',(23.5,11.216446,-4.5E-02));
#11309 = VECTOR('',#11310,1.);
#11310 = DIRECTION('',(0.,0.,1.));
#11311 = ORIENTED_EDGE('',*,*,#10546,.F.);
#11312 = ORIENTED_EDGE('',*,*,#11306,.F.);
#11313 = CYLINDRICAL_SURFACE('',#11314,0.5);
#11314 = AXIS2_PLACEMENT_3D('',#11315,#11316,#11317);
#11315 = CARTESIAN_POINT('',(23.5,11.716446,-4.5E-02));
#11316 = DIRECTION('',(-0.,-0.,-1.));
#11317 = DIRECTION('',(-0.,-1.,0.));
#11318 = ADVANCED_FACE('',(#11319),#11330,.F.);
#11319 = FACE_BOUND('',#11320,.T.);
#11320 = EDGE_LOOP('',(#11321,#11322,#11328,#11329));
#11321 = ORIENTED_EDGE('',*,*,#10070,.T.);
#11322 = ORIENTED_EDGE('',*,*,#11323,.T.);
#11323 = EDGE_CURVE('',#10071,#10558,#11324,.T.);
#11324 = LINE('',#11325,#11326);
#11325 = CARTESIAN_POINT('',(23.5,13.756446,-4.5E-02));
#11326 = VECTOR('',#11327,1.);
#11327 = DIRECTION('',(0.,0.,1.));
#11328 = ORIENTED_EDGE('',*,*,#10557,.F.);
#11329 = ORIENTED_EDGE('',*,*,#11323,.F.);
#11330 = CYLINDRICAL_SURFACE('',#11331,0.5);
#11331 = AXIS2_PLACEMENT_3D('',#11332,#11333,#11334);
#11332 = CARTESIAN_POINT('',(23.5,14.256446,-4.5E-02));
#11333 = DIRECTION('',(-0.,-0.,-1.));
#11334 = DIRECTION('',(-0.,-1.,0.));
#11335 = ADVANCED_FACE('',(#11336),#11347,.F.);
#11336 = FACE_BOUND('',#11337,.T.);
#11337 = EDGE_LOOP('',(#11338,#11339,#11345,#11346));
#11338 = ORIENTED_EDGE('',*,*,#10081,.T.);
#11339 = ORIENTED_EDGE('',*,*,#11340,.T.);
#11340 = EDGE_CURVE('',#10082,#10569,#11341,.T.);
#11341 = LINE('',#11342,#11343);
#11342 = CARTESIAN_POINT('',(23.5,16.296446,-4.5E-02));
#11343 = VECTOR('',#11344,1.);
#11344 = DIRECTION('',(0.,0.,1.));
#11345 = ORIENTED_EDGE('',*,*,#10568,.F.);
#11346 = ORIENTED_EDGE('',*,*,#11340,.F.);
#11347 = CYLINDRICAL_SURFACE('',#11348,0.5);
#11348 = AXIS2_PLACEMENT_3D('',#11349,#11350,#11351);
#11349 = CARTESIAN_POINT('',(23.5,16.796446,-4.5E-02));
#11350 = DIRECTION('',(-0.,-0.,-1.));
#11351 = DIRECTION('',(-0.,-1.,0.));
#11352 = ADVANCED_FACE('',(#11353),#11364,.F.);
#11353 = FACE_BOUND('',#11354,.T.);
#11354 = EDGE_LOOP('',(#11355,#11356,#11362,#11363));
#11355 = ORIENTED_EDGE('',*,*,#10092,.T.);
#11356 = ORIENTED_EDGE('',*,*,#11357,.T.);
#11357 = EDGE_CURVE('',#10093,#10580,#11358,.T.);
#11358 = LINE('',#11359,#11360);
#11359 = CARTESIAN_POINT('',(30.,18.496446,-4.5E-02));
#11360 = VECTOR('',#11361,1.);
#11361 = DIRECTION('',(0.,0.,1.));
#11362 = ORIENTED_EDGE('',*,*,#10579,.F.);
#11363 = ORIENTED_EDGE('',*,*,#11357,.F.);
#11364 = CYLINDRICAL_SURFACE('',#11365,1.5);
#11365 = AXIS2_PLACEMENT_3D('',#11366,#11367,#11368);
#11366 = CARTESIAN_POINT('',(30.,19.996446,-4.5E-02));
#11367 = DIRECTION('',(-0.,-0.,-1.));
#11368 = DIRECTION('',(-0.,-1.,0.));
#11369 = ( GEOMETRIC_REPRESENTATION_CONTEXT(3) 
GLOBAL_UNCERTAINTY_ASSIGNED_CONTEXT((#11373)) 
GLOBAL_UNIT_ASSIGNED_CONTEXT((#11370,#11371,#11372)) 
REPRESENTATION_CONTEXT('Context #1',
  '3D Context with UNIT and UNCERTAINTY') );
#11370 = ( LENGTH_UNIT() NAMED_UNIT(*) SI_UNIT(.MILLI.,.METRE.) );
#11371 = ( NAMED_UNIT(*) PLANE_ANGLE_UNIT() SI_UNIT($,.RADIAN.) );
#11372 = ( NAMED_UNIT(*) SI_UNIT($,.STERADIAN.) SOLID_ANGLE_UNIT() );
#11373 = UNCERTAINTY_MEASURE_WITH_UNIT(LENGTH_MEASURE(1.E-07),#11370,
  'distance_accuracy_value','confusion accuracy');
#11374 = CONTEXT_DEPENDENT_SHAPE_REPRESENTATION(#11375,#11377);
#11375 = ( REPRESENTATION_RELATIONSHIP('','',#9511,#10) 
REPRESENTATION_RELATIONSHIP_WITH_TRANSFORMATION(#11376) 
SHAPE_REPRESENTATION_RELATIONSHIP() );
#11376 = ITEM_DEFINED_TRANSFORMATION('','',#11,#23);
#11377 = PRODUCT_DEFINITION_SHAPE('Placement','Placement of an item',
  #11378);
#11378 = NEXT_ASSEMBLY_USAGE_OCCURRENCE('5','=>[0:1:1:6]','',#5,#9506,$
  );
#11379 = PRODUCT_RELATED_PRODUCT_CATEGORY('part',$,(#9508));
#11380 = MECHANICAL_DESIGN_GEOMETRIC_PRESENTATION_REPRESENTATION('',(
    #11381),#11369);
#11381 = STYLED_ITEM('color',(#11382),#9512);
#11382 = PRESENTATION_STYLE_ASSIGNMENT((#11383));
#11383 = SURFACE_STYLE_USAGE(.BOTH.,#11384);
#11384 = SURFACE_SIDE_STYLE('',(#11385));
#11385 = SURFACE_STYLE_FILL_AREA(#11386);
#11386 = FILL_AREA_STYLE('',(#11387));
#11387 = FILL_AREA_STYLE_COLOUR('',#11388);
#11388 = COLOUR_RGB('',0.313304153717,0.484529207832,0.410020903123);
#11389 = MECHANICAL_DESIGN_GEOMETRIC_PRESENTATION_REPRESENTATION('',(
    #11390),#9493);
#11390 = STYLED_ITEM('color',(#11391),#7358);
#11391 = PRESENTATION_STYLE_ASSIGNMENT((#11392,#11398));
#11392 = SURFACE_STYLE_USAGE(.BOTH.,#11393);
#11393 = SURFACE_SIDE_STYLE('',(#11394));
#11394 = SURFACE_STYLE_FILL_AREA(#11395);
#11395 = FILL_AREA_STYLE('',(#11396));
#11396 = FILL_AREA_STYLE_COLOUR('',#11397);
#11397 = COLOUR_RGB('',0.300000011149,0.300000011149,0.300000011149);
#11398 = CURVE_STYLE('',#11399,POSITIVE_LENGTH_MEASURE(0.1),#11397);
#11399 = DRAUGHTING_PRE_DEFINED_CURVE_FONT('continuous');
#11400 = MECHANICAL_DESIGN_GEOMETRIC_PRESENTATION_REPRESENTATION('',(
    #11401),#7316);
#11401 = STYLED_ITEM('color',(#11402),#64);
#11402 = PRESENTATION_STYLE_ASSIGNMENT((#11403,#11409));
#11403 = SURFACE_STYLE_USAGE(.BOTH.,#11404);
#11404 = SURFACE_SIDE_STYLE('',(#11405));
#11405 = SURFACE_STYLE_FILL_AREA(#11406);
#11406 = FILL_AREA_STYLE('',(#11407));
#11407 = FILL_AREA_STYLE_COLOUR('',#11408);
#11408 = COLOUR_RGB('',0.286274523946,0.286274523946,0.286274523946);
#11409 = CURVE_STYLE('',#11410,POSITIVE_LENGTH_MEASURE(0.1),#11408);
#11410 = DRAUGHTING_PRE_DEFINED_CURVE_FONT('continuous');
ENDSEC;
END-ISO-10303-21;
